ingredient_name,skin_type,concerns,label,label_int,confidence,reason,sensitivity_score,breadth_score,category
Alpha-Glucan Oligosaccharide,Sensitive,"['Acne', 'Redness']",good fit,0,4,Directly addresses 2 concern(s) and description confirms soothing profile,0,3,Other
Aloe Vera,Sensitive,"['Acne', 'Redness']",good fit,0,3,Description strongly soothing/calming; low irritancy even without direct concern match,0,4,Other
Allantoin,Sensitive,"['Acne', 'Redness']",good fit,0,4,Directly addresses 1 concern(s) and description confirms soothing profile,0,3,Other
Algin,Sensitive,"['Acne', 'Redness']",possible irritation,1,2,Gentle ingredient with no concern match; neutral fit [label adjusted for expert variance],0,3,Other
Algae Extract,Sensitive,"['Acne', 'Redness']",good fit,0,2,Gentle ingredient with no concern match; neutral fit,0,3,Marine/Algae
Algae Exopolysaccharides,Sensitive,"['Acne', 'Redness']",good fit,0,2,Gentle ingredient with no concern match; neutral fit,0,3,Marine/Algae
Alaria Esculenta Extract,Sensitive,"['Acne', 'Redness']",good fit,0,2,Gentle ingredient with no concern match; neutral fit,0,3,Plant Extract
Alanine,Sensitive,"['Acne', 'Redness']",good fit,0,2,Gentle ingredient with no concern match; neutral fit,0,2,Amino Acid
Ahnfeltia Concinna Extract,Sensitive,"['Acne', 'Redness']",good fit,0,2,Gentle ingredient with no concern match; neutral fit,0,3,Plant Extract
Adenosine,Sensitive,"['Acne', 'Redness']",good fit,0,4,Directly addresses 2 concern(s) and description confirms soothing profile,0,7,Other
Acetyl Tyrosinamide,Sensitive,"['Acne', 'Redness']",good fit,0,2,Gentle ingredient with no concern match; neutral fit,0,3,Other
Acetyl Tetrapeptide,Sensitive,"['Acne', 'Redness']",good fit,0,2,Gentle ingredient with no concern match; neutral fit [label adjusted for expert variance],0,3,Peptide
Acetyl Glucosamine,Sensitive,"['Acne', 'Redness']",good fit,0,4,Directly addresses 1 concern(s) and description confirms soothing profile,0,7,Other
Acetylarginyltryptophyl Diphenylglycine,Sensitive,"['Acne', 'Redness']",good fit,0,2,Gentle ingredient with no concern match; neutral fit,0,3,Amino Acid
Acai Extract,Sensitive,"['Acne', 'Redness']",good fit,0,2,Gentle ingredient with no concern match; neutral fit,0,0,Plant Extract
Ascorbic Acid,Sensitive,"['Acne', 'Redness']",poor fit,2,5,Directly flagged in avoid list for Sensitive skin and high irritancy (8),3,5,Vitamin C
Ascophyllum Nodosum Extract,Sensitive,"['Acne', 'Redness']",good fit,0,2,Gentle ingredient with no concern match; neutral fit [label adjusted for expert variance],0,3,Plant Extract
Arginine PCA,Sensitive,"['Acne', 'Redness']",good fit,0,2,Gentle ingredient with no concern match; neutral fit,0,2,Amino Acid
Arginine/Lysine Polypeptide,Sensitive,"['Acne', 'Redness']",good fit,0,2,Gentle ingredient with no concern match; neutral fit,0,3,Peptide
Arginine HCL,Sensitive,"['Acne', 'Redness']",good fit,0,2,Gentle ingredient with no concern match; neutral fit,0,2,Amino Acid
Arginine,Sensitive,"['Acne', 'Redness']",good fit,0,2,Gentle ingredient with no concern match; neutral fit,0,3,Amino Acid
Argan Oil,Sensitive,"['Acne', 'Redness']",possible irritation,1,3,Moderate irritancy (3) — possible irritation for Sensitive skin,1,3,Lipid/Oil
Arbutin,Sensitive,"['Acne', 'Redness']",possible irritation,1,3,Moderate irritancy (2) — possible irritation for Sensitive skin,1,2,Other
Aquagenium,Sensitive,"['Acne', 'Redness']",good fit,0,2,Gentle ingredient with no concern match; neutral fit,0,2,Other
Apple Stem Cells,Sensitive,"['Acne', 'Redness']",good fit,0,2,Gentle ingredient with no concern match; neutral fit,0,3,Plant Extract
Apple Polyphenols,Sensitive,"['Acne', 'Redness']",good fit,0,3,Description strongly soothing/calming; low irritancy even without direct concern match,0,0,Other
Apple Extract,Sensitive,"['Acne', 'Redness']",good fit,0,2,Gentle ingredient with no concern match; neutral fit,0,0,Plant Extract
Anti-Ageing Peptides,Sensitive,"['Acne', 'Redness']",good fit,0,2,Gentle ingredient with no concern match; neutral fit,0,3,Peptide
Amino Acids,Sensitive,"['Acne', 'Redness']",possible irritation,1,3,Moderate irritancy (2) — possible irritation for Sensitive skin,0,5,Amino Acid
Alteromonas Ferment Extract,Sensitive,"['Acne', 'Redness']",good fit,0,3,Description strongly soothing/calming; low irritancy even without direct concern match,0,3,Probiotic/Ferment
Bifida Ferment Lysate,Sensitive,"['Acne', 'Redness']",good fit,0,4,Directly addresses 2 concern(s) and description confirms soothing profile,0,3,Probiotic/Ferment
Beta Glucan,Sensitive,"['Acne', 'Redness']",good fit,0,4,Directly addresses 1 concern(s) and description confirms soothing profile,0,5,Other
Bakuchiol,Sensitive,"['Acne', 'Redness']",good fit,0,2,Gentle ingredient with no concern match; neutral fit,0,3,Other
Azelaoyl Bis-Dipeptide,Sensitive,"['Acne', 'Redness']",possible irritation,1,3,Moderate irritancy (2) — possible irritation for Sensitive skin,1,3,Peptide
Azelaic Acid,Sensitive,"['Acne', 'Redness']",possible irritation,1,3,Moderate irritancy (2) — possible irritation for Sensitive skin,1,8,Other
Avocado Oil,Sensitive,"['Acne', 'Redness']",possible irritation,1,3,Moderate irritancy (3) — possible irritation for Sensitive skin,1,3,Lipid/Oil
Avocado Ferment,Sensitive,"['Acne', 'Redness']",possible irritation,1,2,Gentle ingredient with no concern match; neutral fit [label adjusted for expert variance],0,3,Probiotic/Ferment
Avene Thermal Water,Sensitive,"['Acne', 'Redness']",good fit,0,4,Directly addresses 1 concern(s) and description confirms soothing profile,0,5,Plant Extract
Asparagopsis Armata Extract,Sensitive,"['Acne', 'Redness']",good fit,0,2,Gentle ingredient with no concern match; neutral fit,0,3,Plant Extract
Ascorbyl Palmitate,Sensitive,"['Acne', 'Redness']",possible irritation,1,3,Moderate irritancy (3) — possible irritation for Sensitive skin,1,1,Vitamin C
Ascorbyl Glucoside,Sensitive,"['Acne', 'Redness']",possible irritation,1,3,Moderate irritancy (3) — possible irritation for Sensitive skin,1,5,Vitamin C
Caffeine,Sensitive,"['Acne', 'Redness']",good fit,0,3,Addresses 1 concern(s); low irritancy,0,3,Other
Caffeic Acid,Sensitive,"['Acne', 'Redness']",good fit,0,4,Directly addresses 1 concern(s) and description confirms soothing profile,0,1,Other
Cabbage Leaf Extract,Sensitive,"['Acne', 'Redness']",good fit,0,3,Description strongly soothing/calming; low irritancy even without direct concern match,0,0,Plant Extract
Butyl Methoxydibenzoylmethane,Sensitive,"['Acne', 'Redness']",poor fit,2,5,Directly flagged in avoid list for Sensitive skin and high irritancy (5),2,1,UV Filter
Blue Mallow Extract,Sensitive,"['Acne', 'Redness']",good fit,0,3,Description strongly soothing/calming; low irritancy even without direct concern match,0,0,Plant Extract
Blue Lotus Extract,Sensitive,"['Acne', 'Redness']",good fit,0,3,Description strongly soothing/calming; low irritancy even without direct concern match,0,0,Plant Extract
Blueberry Extract,Sensitive,"['Acne', 'Redness']",good fit,0,3,Description strongly soothing/calming; low irritancy even without direct concern match,0,0,Plant Extract
Bilberry Extract,Sensitive,"['Acne', 'Redness']",good fit,0,4,Directly addresses 1 concern(s) and description confirms soothing profile,0,1,Plant Extract
Bis-Ethylhexyloxyphenol Methoxyphenyl Triazine,Sensitive,"['Acne', 'Redness']",poor fit,2,5,Directly flagged in avoid list for Sensitive skin and high irritancy (6),2,1,UV Filter
Bisabolol,Sensitive,"['Acne', 'Redness']",good fit,0,4,Directly addresses 1 concern(s) and description confirms soothing profile,0,5,Other
Bio-Active Glucosides,Sensitive,"['Acne', 'Redness']",good fit,0,4,Directly addresses 1 concern(s) and description confirms soothing profile,0,1,Other
Chondrus Crispus,Sensitive,"['Acne', 'Redness']",possible irritation,1,3,Moderate irritancy (2) — possible irritation for Sensitive skin,0,3,Other
Cholesterol,Sensitive,"['Acne', 'Redness']",good fit,0,3,Moderate irritancy (2) — possible irritation for Sensitive skin [label adjusted for expert variance],0,3,Other
Chlorophyll,Sensitive,"['Acne', 'Redness']",good fit,0,3,Description strongly soothing/calming; low irritancy even without direct concern match,0,0,Other
Chlorella Vulgaris Extract,Sensitive,"['Acne', 'Redness']",good fit,0,2,Gentle ingredient with no concern match; neutral fit,0,3,Plant Extract
Chamomile Extract,Sensitive,"['Acne', 'Redness']",good fit,0,4,Directly addresses 1 concern(s) and description confirms soothing profile,0,2,Plant Extract
Chlorella Protothecoides Oil,Sensitive,"['Acne', 'Redness']",possible irritation,1,3,Moderate irritancy (2) — possible irritation for Sensitive skin,0,3,Lipid/Oil
Ceramides,Sensitive,"['Acne', 'Redness']",good fit,0,4,Directly addresses 1 concern(s) and description confirms soothing profile,0,5,Ceramide
Chlorella Protothecoides,Sensitive,"['Acne', 'Redness']",good fit,0,2,Gentle ingredient with no concern match; neutral fit,0,3,Other
Chemical UV Filters,Sensitive,"['Acne', 'Redness']",poor fit,2,4,"High combined irritancy score (4): category=UV Filter, sensitivity=1, desc signals=0",1,1,UV Filter
Caprooyl Sphingosine,Sensitive,"['Acne', 'Redness']",possible irritation,1,3,Moderate irritancy (2) — possible irritation for Sensitive skin,0,4,Ceramide
Centella Asiatica,Sensitive,"['Acne', 'Redness']",good fit,0,4,Directly addresses 2 concern(s) and description confirms soothing profile,0,5,Other
Carnosine,Sensitive,"['Acne', 'Redness']",good fit,0,4,Directly addresses 1 concern(s) and description confirms soothing profile,0,1,Other
Caprooyl Phytosphingosine,Sensitive,"['Acne', 'Redness']",possible irritation,1,3,Moderate irritancy (2) — possible irritation for Sensitive skin,0,4,Ceramide
Ectoin,Sensitive,"['Acne', 'Redness']",good fit,0,3,Description strongly soothing/calming; low irritancy even without direct concern match,0,2,Other
Dunaliella Salina (Green Algae) Extract,Sensitive,"['Acne', 'Redness']",good fit,0,2,Gentle ingredient with no concern match; neutral fit,0,3,Marine/Algae
Dioic Acid,Sensitive,"['Acne', 'Redness']",good fit,0,4,Directly addresses 1 concern(s) and description confirms soothing profile,0,3,Other
Cucumber Extract,Sensitive,"['Acne', 'Redness']",good fit,0,3,Description strongly soothing/calming; low irritancy even without direct concern match,0,0,Plant Extract
Dipeptide Diaminobutyroyl Benzylamide Diacetate,Sensitive,"['Acne', 'Redness']",good fit,0,2,Gentle ingredient with no concern match; neutral fit,0,3,Peptide
Dipeptide,Sensitive,"['Acne', 'Redness']",good fit,0,2,Gentle ingredient with no concern match; neutral fit,0,3,Peptide
Copper Peptide,Sensitive,"['Acne', 'Redness']",good fit,0,2,Gentle ingredient with no concern match; neutral fit,0,3,Peptide
Copper Palmitoyl Heptapeptide,Sensitive,"['Acne', 'Redness']",good fit,0,2,Gentle ingredient with no concern match; neutral fit [label adjusted for expert variance],0,3,Peptide
Copper Heptapeptide-14 Pantothenate,Sensitive,"['Acne', 'Redness']",good fit,0,2,Gentle ingredient with no concern match; neutral fit,0,3,Peptide
Coffee Seed Extract,Sensitive,"['Acne', 'Redness']",good fit,0,4,Directly addresses 1 concern(s) and description confirms soothing profile,0,1,Plant Extract
Citric Acid,Sensitive,"['Acne', 'Redness']",poor fit,2,4,"High combined irritancy score (4): category=AHA, sensitivity=0, desc signals=1",0,4,AHA
Cinnamon Bark,Sensitive,"['Acne', 'Redness']",good fit,0,4,Directly addresses 1 concern(s) and description confirms soothing profile,0,1,Other
Fomes Ofﬁcinalis (Mushroom) Extract,Sensitive,"['Acne', 'Redness']",good fit,0,2,Gentle ingredient with no concern match; neutral fit,0,3,Plant Extract
Ginkgo Biloba,Sensitive,"['Acne', 'Redness']",good fit,0,4,Directly addresses 1 concern(s) and description confirms soothing profile,0,1,Other
Fructooligosaccharides,Sensitive,"['Acne', 'Redness']",good fit,0,4,Directly addresses 2 concern(s) and description confirms soothing profile,0,3,Other
Feverfew Extract,Sensitive,"['Acne', 'Redness']",good fit,0,4,Directly addresses 1 concern(s) and description confirms soothing profile,0,1,Plant Extract
Ferulic Acid,Sensitive,"['Acne', 'Redness']",good fit,0,2,Gentle ingredient with no concern match; neutral fit,0,0,Vitamin
Ethylhexyl Triazone,Sensitive,"['Acne', 'Redness']",poor fit,2,5,Directly flagged in avoid list for Sensitive skin and high irritancy (5),2,1,UV Filter
Ferric Hexapeptide,Sensitive,"['Acne', 'Redness']",good fit,0,2,Gentle ingredient with no concern match; neutral fit,0,3,Peptide
Fernblock,Sensitive,"['Acne', 'Redness']",possible irritation,1,3,Moderate irritancy (2) — possible irritation for Sensitive skin,0,0,Other
Evening Primrose Oil,Sensitive,"['Acne', 'Redness']",possible irritation,1,3,Moderate irritancy (2) — possible irritation for Sensitive skin,0,2,Lipid/Oil
Essential Lipids,Sensitive,"['Acne', 'Redness']",possible irritation,1,3,Moderate irritancy (2) — possible irritation for Sensitive skin,0,5,Other
Endothelyol,Sensitive,"['Acne', 'Redness']",good fit,0,4,Directly addresses 1 concern(s) and description confirms soothing profile,0,1,Other
Ethylhexyl Salicylate,Sensitive,"['Acne', 'Redness']",poor fit,2,5,Directly flagged in avoid list for Sensitive skin and high irritancy (3),2,1,Other
Ethyl Ascorbic Acid,Sensitive,"['Acne', 'Redness']",possible irritation,1,3,Moderate irritancy (3) — possible irritation for Sensitive skin,1,4,Vitamin C
Green Tea,Sensitive,"['Acne', 'Redness']",good fit,0,4,Directly addresses 1 concern(s) and description confirms soothing profile,0,2,Other
Glycosphingolipids,Sensitive,"['Acne', 'Redness']",possible irritation,1,3,Moderate irritancy (2) — possible irritation for Sensitive skin,0,4,Ceramide
Glycoproteins,Sensitive,"['Acne', 'Redness']",good fit,0,3,Moderate irritancy (2) — possible irritation for Sensitive skin [label adjusted for expert variance],0,4,Other
Glycolipids,Sensitive,"['Acne', 'Redness']",possible irritation,1,3,Moderate irritancy (2) — possible irritation for Sensitive skin,0,2,Other
Golden-Eye Grass Complex,Sensitive,"['Acne', 'Redness']",good fit,0,4,Directly addresses 1 concern(s) and description confirms soothing profile,0,1,Other
Glycolic Acid,Sensitive,"['Acne', 'Redness']",poor fit,2,5,Directly flagged in avoid list for Sensitive skin and high irritancy (7),2,8,AHA
Glycine,Sensitive,"['Acne', 'Redness']",good fit,0,2,Gentle ingredient with no concern match; neutral fit,0,5,Amino Acid
Glyceryl Glucoside,Sensitive,"['Acne', 'Redness']",possible irritation,1,2,Gentle ingredient with no concern match; neutral fit [label adjusted for expert variance],0,4,Other
Gluconolactone,Sensitive,"['Acne', 'Redness']",good fit,0,4,Directly addresses 1 concern(s) and description confirms soothing profile,0,9,Other
EGCG,Sensitive,"['Acne', 'Redness']",good fit,0,3,Description strongly soothing/calming; low irritancy even without direct concern match,0,1,Other
Indian Gooseberry,Sensitive,"['Acne', 'Redness']",possible irritation,1,3,Moderate irritancy (2) — possible irritation for Sensitive skin,0,1,Other
Hydroxypinacolone Retinoate,Sensitive,"['Acne', 'Redness']",poor fit,2,5,Directly flagged in avoid list for Sensitive skin and high irritancy (7),3,9,Retinoid
Hydrolyzed Pumpkin Seedcake,Sensitive,"['Acne', 'Redness']",possible irritation,1,3,Moderate irritancy (2) — possible irritation for Sensitive skin,0,6,Other
Hydrolyzed F-Fucoidan,Sensitive,"['Acne', 'Redness']",good fit,0,2,Gentle ingredient with no concern match; neutral fit,0,3,Marine/Algae
Homosalate,Sensitive,"['Acne', 'Redness']",poor fit,2,5,Directly flagged in avoid list for Sensitive skin and high irritancy (5),2,1,UV Filter
Humectants,Sensitive,"['Acne', 'Redness']",good fit,0,2,Gentle ingredient with no concern match; neutral fit,0,5,Humectant
Hibiscus Fruit Extract,Sensitive,"['Acne', 'Redness']",good fit,0,2,Gentle ingredient with no concern match; neutral fit,0,0,Plant Extract
Horse Chestnut,Sensitive,"['Acne', 'Redness']",good fit,0,4,Directly addresses 1 concern(s) and description confirms soothing profile,0,1,Other
Heptapeptide-15 Palmitate,Sensitive,"['Acne', 'Redness']",good fit,0,2,Gentle ingredient with no concern match; neutral fit,0,3,Peptide
Guarana Extract,Sensitive,"['Acne', 'Redness']",good fit,0,2,Gentle ingredient with no concern match; neutral fit,0,0,Plant Extract
Histidine,Sensitive,"['Acne', 'Redness']",good fit,0,3,Addresses 1 concern(s); low irritancy,0,4,Amino Acid
Lecithin,Sensitive,"['Acne', 'Redness']",possible irritation,1,3,Moderate irritancy (3) — possible irritation for Sensitive skin,0,4,Lipid/Oil
L-Carnitine,Sensitive,"['Acne', 'Redness']",good fit,0,4,Directly addresses 1 concern(s) and description confirms soothing profile,0,3,Other
Lactobionic Acid,Sensitive,"['Acne', 'Redness']",good fit,0,4,Directly addresses 1 concern(s) and description confirms soothing profile,0,9,Other
L-Ascorbic Acid,Sensitive,"['Acne', 'Redness']",poor fit,2,5,Directly flagged in avoid list for Sensitive skin and high irritancy (8),3,5,Vitamin C
Laminaria Ochroleuca (Kelp) Extract,Sensitive,"['Acne', 'Redness']",good fit,0,3,Description strongly soothing/calming; low irritancy even without direct concern match,0,3,Marine/Algae
Lactococcus Ferment Lysate,Sensitive,"['Acne', 'Redness']",good fit,0,4,Directly addresses 2 concern(s) and description confirms soothing profile,0,3,Probiotic/Ferment
Lactic Acid,Sensitive,"['Acne', 'Redness']",poor fit,2,5,Directly flagged in avoid list for Sensitive skin and high irritancy (5),2,8,AHA
Lactobacillus Ferment,Sensitive,"['Acne', 'Redness']",good fit,0,4,Directly addresses 2 concern(s) and description confirms soothing profile,0,3,Probiotic/Ferment
Lactobacillus Extract Filtrate,Sensitive,"['Acne', 'Redness']",good fit,0,4,Directly addresses 2 concern(s) and description confirms soothing profile,0,3,Probiotic/Ferment
Jojoba Oil,Sensitive,"['Acne', 'Redness']",possible irritation,1,3,Moderate irritancy (2) — possible irritation for Sensitive skin,0,4,Lipid/Oil
Kola Seed Extract,Sensitive,"['Acne', 'Redness']",good fit,0,2,Gentle ingredient with no concern match; neutral fit,0,0,Plant Extract
Jeju Green Tea Water,Sensitive,"['Acne', 'Redness']",good fit,0,4,Directly addresses 1 concern(s) and description confirms soothing profile,0,3,Plant Extract
Kojic Acid,Sensitive,"['Acne', 'Redness']",good fit,0,2,Gentle ingredient with no concern match; neutral fit,0,3,Other
Isoleucine,Sensitive,"['Acne', 'Redness']",good fit,0,2,Gentle ingredient with no concern match; neutral fit,0,2,Amino Acid
Jojoba Beads,Sensitive,"['Acne', 'Redness']",good fit,0,2,Gentle ingredient with no concern match; neutral fit,0,2,Other
Macrocystis Pyrifera (Kelp) Extract,Sensitive,"['Acne', 'Redness']",good fit,0,2,Gentle ingredient with no concern match; neutral fit,0,3,Marine/Algae
Magnesium Sulfate,Sensitive,"['Acne', 'Redness']",good fit,0,4,Directly addresses 1 concern(s) and description confirms soothing profile,0,1,Mineral
Magnesium Ascorbyl Phosphate,Sensitive,"['Acne', 'Redness']",poor fit,2,4,"High combined irritancy score (5): category=Vitamin C, sensitivity=1, desc signals=2",1,3,Vitamin C
Lysine,Sensitive,"['Acne', 'Redness']",good fit,0,4,Directly addresses 1 concern(s) and description confirms soothing profile,0,6,Amino Acid
Lily Extract,Sensitive,"['Acne', 'Redness']",good fit,0,3,Description strongly soothing/calming; low irritancy even without direct concern match,0,0,Plant Extract
Luffa Cylindrica Extract,Sensitive,"['Acne', 'Redness']",good fit,0,2,Gentle ingredient with no concern match; neutral fit,0,0,Plant Extract
Linolenic Acid,Sensitive,"['Acne', 'Redness']",possible irritation,1,3,Moderate irritancy (2) — possible irritation for Sensitive skin,0,4,Lipid/Oil
Linoleic Acid,Sensitive,"['Acne', 'Redness']",possible irritation,1,3,Moderate irritancy (3) — possible irritation for Sensitive skin,0,4,Lipid/Oil
Leucine,Sensitive,"['Acne', 'Redness']",good fit,0,2,Gentle ingredient with no concern match; neutral fit,0,6,Amino Acid
Licorice Extract,Sensitive,"['Acne', 'Redness']",good fit,0,4,Directly addresses 1 concern(s) and description confirms soothing profile,0,4,Plant Extract
Natural Moisturising Factors,Sensitive,"['Acne', 'Redness']",good fit,0,3,Addresses 1 concern(s); low irritancy,0,5,Other
Licochalcone A,Sensitive,"['Acne', 'Redness']",good fit,0,3,Description strongly soothing/calming; low irritancy even without direct concern match,0,0,Other
Naringenin Chalcone,Sensitive,"['Acne', 'Redness']",good fit,0,4,Directly addresses 1 concern(s) and description confirms soothing profile,0,2,Other
Myristoyl Nonapeptide,Sensitive,"['Acne', 'Redness']",good fit,0,2,Gentle ingredient with no concern match; neutral fit,0,3,Peptide
Myristol Pentapeptide,Sensitive,"['Acne', 'Redness']",good fit,0,2,Gentle ingredient with no concern match; neutral fit,0,3,Peptide
Milk Thistle Extract,Sensitive,"['Acne', 'Redness']",good fit,0,4,Directly addresses 1 concern(s) and description confirms soothing profile,0,2,Plant Extract
Myristol Hexapeptide,Sensitive,"['Acne', 'Redness']",good fit,0,2,Gentle ingredient with no concern match; neutral fit,0,3,Peptide
Mushroom Extract,Sensitive,"['Acne', 'Redness']",good fit,0,3,Description strongly soothing/calming; low irritancy even without direct concern match,0,1,Plant Extract
Moringa Seed Extract,Sensitive,"['Acne', 'Redness']",good fit,0,4,Directly addresses 1 concern(s) and description confirms soothing profile,0,5,Plant Extract
Marshmallow Root,Sensitive,"['Acne', 'Redness']",good fit,0,4,Directly addresses 1 concern(s) and description confirms soothing profile,0,1,Other
Mineral UV Filters,Sensitive,"['Acne', 'Redness']",poor fit,2,4,"High combined irritancy score (4): category=UV Filter, sensitivity=1, desc signals=0",1,1,UV Filter
Meadowfoam Seed Oil,Sensitive,"['Acne', 'Redness']",possible irritation,1,3,Moderate irritancy (3) — possible irritation for Sensitive skin,0,3,Lipid/Oil
Marine Extract,Sensitive,"['Acne', 'Redness']",good fit,0,2,Gentle ingredient with no concern match; neutral fit,0,3,Marine/Algae
Mango Seed Butter,Sensitive,"['Acne', 'Redness']",possible irritation,1,3,Moderate irritancy (3) — possible irritation for Sensitive skin,0,1,Lipid/Oil
Palmitoyl Oligopeptide,Sensitive,"['Acne', 'Redness']",good fit,0,2,Gentle ingredient with no concern match; neutral fit,0,3,Peptide
Mandelic Acid,Sensitive,"['Acne', 'Redness']",poor fit,2,5,Directly flagged in avoid list for Sensitive skin and high irritancy (5),2,8,AHA
Palmitoyl Nonapeptide,Sensitive,"['Acne', 'Redness']",good fit,0,2,Gentle ingredient with no concern match; neutral fit,0,3,Peptide
Palmitoyl Pentapeptide,Sensitive,"['Acne', 'Redness']",good fit,0,2,Gentle ingredient with no concern match; neutral fit,0,3,Peptide
Palmitoyl Glycine,Sensitive,"['Acne', 'Redness']",good fit,0,3,Description strongly soothing/calming; low irritancy even without direct concern match,0,3,Amino Acid
Palmitoyl Heptapeptide,Sensitive,"['Acne', 'Redness']",possible irritation,1,2,Gentle ingredient with no concern match; neutral fit [label adjusted for expert variance],0,3,Peptide
Octocrylene,Sensitive,"['Acne', 'Redness']",poor fit,2,5,Directly flagged in avoid list for Sensitive skin and high irritancy (3),2,1,Other
Palmitoyl Decapeptide,Sensitive,"['Acne', 'Redness']",good fit,0,2,Gentle ingredient with no concern match; neutral fit,0,3,Peptide
Oligopeptide,Sensitive,"['Acne', 'Redness']",good fit,0,2,Gentle ingredient with no concern match; neutral fit,0,3,Peptide
Padina Pavonica Thallus Extract,Sensitive,"['Acne', 'Redness']",good fit,0,2,Gentle ingredient with no concern match; neutral fit,0,3,Plant Extract
Oat Extract,Sensitive,"['Acne', 'Redness']",good fit,0,4,Directly addresses 1 concern(s) and description confirms soothing profile,0,4,Plant Extract
Octisalate,Sensitive,"['Acne', 'Redness']",poor fit,2,5,Directly flagged in avoid list for Sensitive skin and high irritancy (5),2,1,UV Filter
Octinoxate,Sensitive,"['Acne', 'Redness']",poor fit,2,5,Directly flagged in avoid list for Sensitive skin and high irritancy (5),2,1,UV Filter
Polyhydroxy Acids,Sensitive,"['Acne', 'Redness']",good fit,0,4,Directly addresses 1 concern(s) and description confirms soothing profile,0,9,Other
Porphyridium Cruentum Extract,Sensitive,"['Acne', 'Redness']",good fit,0,3,Description strongly soothing/calming; low irritancy even without direct concern match,0,3,Plant Extract
Polyporus Umbellatus (Mushroom) Extract,Sensitive,"['Acne', 'Redness']",good fit,0,2,Gentle ingredient with no concern match; neutral fit,0,2,Plant Extract
Phytic Acid,Sensitive,"['Acne', 'Redness']",good fit,0,4,Directly addresses 1 concern(s) and description confirms soothing profile,0,3,Other
Plankton Extract,Sensitive,"['Acne', 'Redness']",good fit,0,3,Description strongly soothing/calming; low irritancy even without direct concern match,0,3,Marine/Algae
Perfluorodecalin,Sensitive,"['Acne', 'Redness']",good fit,0,4,Directly addresses 2 concern(s) and description confirms soothing profile,0,4,Other
Phytosphingosine,Sensitive,"['Acne', 'Redness']",possible irritation,1,3,Moderate irritancy (2) — possible irritation for Sensitive skin,0,4,Ceramide
Phospholipids,Sensitive,"['Acne', 'Redness']",possible irritation,1,3,Moderate irritancy (3) — possible irritation for Sensitive skin,0,4,Lipid/Oil
Palmitoyl  Tripeptide-1,Sensitive,"['Acne', 'Redness']",good fit,0,2,Gentle ingredient with no concern match; neutral fit,0,3,Peptide
Pentapeptide,Sensitive,"['Acne', 'Redness']",possible irritation,1,3,Moderate irritancy (2) — possible irritation for Sensitive skin,0,3,Peptide
Palmitoyl Tetrapeptide,Sensitive,"['Acne', 'Redness']",good fit,0,2,Gentle ingredient with no concern match; neutral fit,0,3,Peptide
Parachlorella Beijerinckii Exopolysaccharides,Sensitive,"['Acne', 'Redness']",good fit,0,2,Gentle ingredient with no concern match; neutral fit,0,3,Other
Retinyl Retinoate,Sensitive,"['Acne', 'Redness']",poor fit,2,5,Directly flagged in avoid list for Sensitive skin and high irritancy (8),3,9,Retinoid
Palmitoyl Tripeptide,Sensitive,"['Acne', 'Redness']",good fit,0,2,Gentle ingredient with no concern match; neutral fit,0,3,Peptide
Neurophroline,Sensitive,"['Acne', 'Redness']",good fit,0,4,Directly addresses 2 concern(s) and description confirms soothing profile,0,5,Other
Retinyl Propionate,Sensitive,"['Acne', 'Redness']",poor fit,2,5,Directly flagged in avoid list for Sensitive skin and high irritancy (7),3,7,Retinoid
Retinyl Palmitate,Sensitive,"['Acne', 'Redness']",poor fit,2,4,"High combined irritancy score (6): category=Retinoid, sensitivity=2, desc signals=0",2,1,Retinoid
Retinol,Sensitive,"['Acne', 'Redness']",poor fit,2,5,Directly flagged in avoid list for Sensitive skin and high irritancy (7),3,9,Retinoid
Resveratrol,Sensitive,"['Acne', 'Redness']",good fit,0,3,Description strongly soothing/calming; low irritancy even without direct concern match,0,3,Other
Red Algae,Sensitive,"['Acne', 'Redness']",good fit,0,3,Description strongly soothing/calming; low irritancy even without direct concern match,0,3,Marine/Algae
Quercetin,Sensitive,"['Acne', 'Redness']",good fit,0,3,Description strongly soothing/calming; low irritancy even without direct concern match,0,3,Other
Pseudoalteromonas Exopolysaccharides,Sensitive,"['Acne', 'Redness']",good fit,0,2,Gentle ingredient with no concern match; neutral fit,0,3,Other
Proline,Sensitive,"['Acne', 'Redness']",good fit,0,2,Gentle ingredient with no concern match; neutral fit,0,5,Amino Acid
Potassium Azeloyl Diglycinate,Sensitive,"['Acne', 'Redness']",possible irritation,1,3,Moderate irritancy (2) — possible irritation for Sensitive skin,1,7,Other
Probiotics,Sensitive,"['Acne', 'Redness']",good fit,0,4,Directly addresses 2 concern(s) and description confirms soothing profile,0,3,Probiotic/Ferment
Prickly Pear Extract,Sensitive,"['Acne', 'Redness']",good fit,0,4,Directly addresses 1 concern(s) and description confirms soothing profile,0,1,Plant Extract
Snow Mushroom Extract,Sensitive,"['Acne', 'Redness']",good fit,0,4,Directly addresses 1 concern(s) and description confirms soothing profile,0,4,Plant Extract
Prebiotics,Sensitive,"['Acne', 'Redness']",good fit,0,4,Directly addresses 2 concern(s) and description confirms soothing profile,0,3,Probiotic/Ferment
Shea Butter,Sensitive,"['Acne', 'Redness']",poor fit,2,4,"High combined irritancy score (6): category=Lipid/Oil, sensitivity=2, desc signals=2",2,4,Lipid/Oil
Sesame Seed Oil,Sensitive,"['Acne', 'Redness']",possible irritation,1,3,Moderate irritancy (2) — possible irritation for Sensitive skin,0,1,Lipid/Oil
Silk Protein,Sensitive,"['Acne', 'Redness']",possible irritation,1,3,Moderate irritancy (2) — possible irritation for Sensitive skin,1,1,Other
Sh-Oligopeptide,Sensitive,"['Acne', 'Redness']",good fit,0,2,Gentle ingredient with no concern match; neutral fit,0,3,Peptide
Serine,Sensitive,"['Acne', 'Redness']",possible irritation,1,2,Gentle ingredient with no concern match; neutral fit [label adjusted for expert variance],0,2,Amino Acid
Sea Buckthorn Water,Sensitive,"['Acne', 'Redness']",good fit,0,2,Gentle ingredient with no concern match; neutral fit,0,1,Plant Extract
Saskatoon Berry,Sensitive,"['Acne', 'Redness']",good fit,0,2,Gentle ingredient with no concern match; neutral fit,0,0,Other
Salicylic Acid,Sensitive,"['Acne', 'Redness']",poor fit,2,5,Directly flagged in avoid list for Sensitive skin and high irritancy (7),4,8,BHA
Rosemary Leaf Extract,Sensitive,"['Acne', 'Redness']",good fit,0,4,Directly addresses 1 concern(s) and description confirms soothing profile,0,1,Plant Extract
Safflower Seed Oil,Sensitive,"['Acne', 'Redness']",poor fit,2,4,"High combined irritancy score (4): category=Lipid/Oil, sensitivity=1, desc signals=1",1,3,Lipid/Oil
Saccharomyces Cerevisiae (Yeast) Extract,Sensitive,"['Acne', 'Redness']",good fit,0,4,Directly addresses 2 concern(s) and description confirms soothing profile,0,3,Probiotic/Ferment
Sacred Lotus Flower Extract,Sensitive,"['Acne', 'Redness']",good fit,0,2,Gentle ingredient with no concern match; neutral fit,0,4,Plant Extract
Tasmanian Pepperberry Extract,Sensitive,"['Acne', 'Redness']",good fit,0,4,Directly addresses 1 concern(s) and description confirms soothing profile,0,1,Plant Extract
Tartaric Acid,Sensitive,"['Acne', 'Redness']",poor fit,2,4,"High combined irritancy score (4): category=AHA, sensitivity=1, desc signals=0",1,4,AHA
Rhamnose,Sensitive,"['Acne', 'Redness']",good fit,0,4,Directly addresses 2 concern(s) and description confirms soothing profile,0,3,Other
Sweet Almond Oil,Sensitive,"['Acne', 'Redness']",possible irritation,1,3,Moderate irritancy (3) — possible irritation for Sensitive skin,1,2,Lipid/Oil
Symsitive,Sensitive,"['Acne', 'Redness']",good fit,0,4,Directly addresses 1 concern(s) and description confirms soothing profile,0,1,Other
Sugar Cane Extract,Sensitive,"['Acne', 'Redness']",good fit,0,4,Directly addresses 1 concern(s) and description confirms soothing profile,0,5,Plant Extract
Superoxide Dismutase,Sensitive,"['Acne', 'Redness']",possible irritation,1,3,Moderate irritancy (2) — possible irritation for Sensitive skin,0,0,Other
Sunflower Oil,Sensitive,"['Acne', 'Redness']",possible irritation,1,3,Moderate irritancy (3) — possible irritation for Sensitive skin,1,3,Lipid/Oil
Spent Grain Wax,Sensitive,"['Acne', 'Redness']",poor fit,2,4,"High combined irritancy score (4): category=Lipid/Oil, sensitivity=0, desc signals=2",0,2,Lipid/Oil
Sulfur,Sensitive,"['Acne', 'Redness']",good fit,0,4,Directly addresses 1 concern(s) and description confirms soothing profile,0,2,Mineral
Squalane,Sensitive,"['Acne', 'Redness']",possible irritation,1,3,Moderate irritancy (2) — possible irritation for Sensitive skin,0,4,Lipid/Oil
Urea,Sensitive,"['Acne', 'Redness']",good fit,0,2,Gentle ingredient with no concern match; neutral fit,0,3,Humectant
Sodium Lactate,Sensitive,"['Acne', 'Redness']",good fit,0,2,Gentle ingredient with no concern match; neutral fit,0,2,Humectant
Turmeric Root Extract,Sensitive,"['Acne', 'Redness']",good fit,0,4,Directly addresses 1 concern(s) and description confirms soothing profile,0,1,Plant Extract
Valine,Sensitive,"['Acne', 'Redness']",good fit,0,2,Gentle ingredient with no concern match; neutral fit,0,2,Amino Acid
Trehalose,Sensitive,"['Acne', 'Redness']",good fit,0,2,Gentle ingredient with no concern match; neutral fit,0,2,Humectant
Tripleurospermum Maritimum Extract,Sensitive,"['Acne', 'Redness']",good fit,0,3,Description strongly soothing/calming; low irritancy even without direct concern match,0,3,Plant Extract
Triazine Diethyl Butamidotriazone,Sensitive,"['Acne', 'Redness']",poor fit,2,5,Directly flagged in avoid list for Sensitive skin and high irritancy (5),2,1,UV Filter
Thiamidol,Sensitive,"['Acne', 'Redness']",good fit,0,2,Gentle ingredient with no concern match; neutral fit,0,2,Other
Tranexamic Acid,Sensitive,"['Acne', 'Redness']",possible irritation,1,3,Moderate irritancy (2) — possible irritation for Sensitive skin,0,3,Other
Tomato Stem Cells,Sensitive,"['Acne', 'Redness']",good fit,0,2,Gentle ingredient with no concern match; neutral fit,0,3,Plant Extract
Teprenone,Sensitive,"['Acne', 'Redness']",good fit,0,3,Addresses 1 concern(s); low irritancy,0,5,Other
Threonine,Sensitive,"['Acne', 'Redness']",good fit,0,2,Gentle ingredient with no concern match; neutral fit,0,2,Amino Acid
Zinc Gluconate,Sensitive,"['Acne', 'Redness']",good fit,0,4,Directly addresses 2 concern(s) and description confirms soothing profile,0,4,Mineral
Tetrahexyldecyl Ascorbate,Sensitive,"['Acne', 'Redness']",possible irritation,1,3,Moderate irritancy (3) — possible irritation for Sensitive skin,1,5,Vitamin C
Zinc,Sensitive,"['Acne', 'Redness']",good fit,0,4,Directly addresses 2 concern(s) and description confirms soothing profile,0,4,Mineral
Yerba Mate Extract,Sensitive,"['Acne', 'Redness']",good fit,0,3,Description strongly soothing/calming; low irritancy even without direct concern match,0,1,Plant Extract
Yeast Amino Acids,Sensitive,"['Acne', 'Redness']",good fit,0,2,Gentle ingredient with no concern match; neutral fit,0,1,Probiotic/Ferment
Willow Herb Extract,Sensitive,"['Acne', 'Redness']",good fit,0,3,Description strongly soothing/calming; low irritancy even without direct concern match [label adjusted for expert variance],0,1,Plant Extract
Willow Bark Extract,Sensitive,"['Acne', 'Redness']",possible irritation,1,3,Moderate irritancy (3) — possible irritation for Sensitive skin,2,6,Plant Extract
Wild Cherry Extract,Sensitive,"['Acne', 'Redness']",good fit,0,3,Description strongly soothing/calming; low irritancy even without direct concern match,0,1,Plant Extract
White Tea,Sensitive,"['Acne', 'Redness']",good fit,0,4,Directly addresses 1 concern(s) and description confirms soothing profile,0,1,Other
Vitamin K1,Sensitive,"['Acne', 'Redness']",good fit,0,3,Addresses 1 concern(s); low irritancy,0,1,Vitamin
Vitamin E,Sensitive,"['Acne', 'Redness']",good fit,0,3,Addresses 1 concern(s); low irritancy [label adjusted for expert variance],0,4,Vitamin
Vitamin C,Sensitive,"['Acne', 'Redness']",poor fit,2,5,Directly flagged in avoid list for Sensitive skin and high irritancy (5),3,5,Vitamin C
Vitamin B5,Sensitive,"['Acne', 'Redness']",good fit,0,4,Directly addresses 1 concern(s) and description confirms soothing profile,0,5,Vitamin
Vitamin A,Sensitive,"['Acne', 'Redness']",poor fit,2,5,Directly flagged in avoid list for Sensitive skin and high irritancy (8),3,9,Retinoid
Vibrio Alginolyticus Ferment Filtrate,Sensitive,"['Acne', 'Redness']",good fit,0,2,Gentle ingredient with no concern match; neutral fit,0,3,Probiotic/Ferment
Tea Tree Oil,Sensitive,"['Acne', 'Redness']",possible irritation,1,3,Moderate irritancy (2) — possible irritation for Sensitive skin,0,2,Lipid/Oil
Zinc Sulfate,Sensitive,"['Acne', 'Redness']",good fit,0,4,Directly addresses 1 concern(s) and description confirms soothing profile,0,1,Mineral
Zinc PCA,Sensitive,"['Acne', 'Redness']",good fit,0,4,Directly addresses 2 concern(s) and description confirms soothing profile,0,5,Mineral
Neoglucosamine,Sensitive,"['Acne', 'Redness']",possible irritation,1,3,Moderate irritancy (2) — possible irritation for Sensitive skin,1,8,Other
Taurine,Sensitive,"['Acne', 'Redness']",good fit,0,2,Gentle ingredient with no concern match; neutral fit [label adjusted for expert variance],0,3,Amino Acid
Sodium Ascorbyl Phosphate,Sensitive,"['Acne', 'Redness']",possible irritation,1,3,Moderate irritancy (3) — possible irritation for Sensitive skin,1,5,Vitamin C
Alpha-Glucan Oligosaccharide,Sensitive,"['Sensitivity', 'Redness']",good fit,0,4,Directly addresses 1 concern(s) and description confirms soothing profile,0,3,Other
Aloe Vera,Sensitive,"['Sensitivity', 'Redness']",good fit,0,4,Directly addresses 1 concern(s) and description confirms soothing profile,0,4,Other
Allantoin,Sensitive,"['Sensitivity', 'Redness']",good fit,0,4,Directly addresses 2 concern(s) and description confirms soothing profile,0,3,Other
Algin,Sensitive,"['Sensitivity', 'Redness']",good fit,0,2,Gentle ingredient with no concern match; neutral fit,0,3,Other
Algae Extract,Sensitive,"['Sensitivity', 'Redness']",good fit,0,2,Gentle ingredient with no concern match; neutral fit,0,3,Marine/Algae
Algae Exopolysaccharides,Sensitive,"['Sensitivity', 'Redness']",good fit,0,2,Gentle ingredient with no concern match; neutral fit,0,3,Marine/Algae
Alaria Esculenta Extract,Sensitive,"['Sensitivity', 'Redness']",good fit,0,2,Gentle ingredient with no concern match; neutral fit,0,3,Plant Extract
Alanine,Sensitive,"['Sensitivity', 'Redness']",good fit,0,2,Gentle ingredient with no concern match; neutral fit,0,2,Amino Acid
Ahnfeltia Concinna Extract,Sensitive,"['Sensitivity', 'Redness']",good fit,0,2,Gentle ingredient with no concern match; neutral fit,0,3,Plant Extract
Adenosine,Sensitive,"['Sensitivity', 'Redness']",good fit,0,4,Directly addresses 2 concern(s) and description confirms soothing profile,0,7,Other
Acetyl Tyrosinamide,Sensitive,"['Sensitivity', 'Redness']",good fit,0,2,Gentle ingredient with no concern match; neutral fit,0,3,Other
Acetyl Tetrapeptide,Sensitive,"['Sensitivity', 'Redness']",good fit,0,2,Gentle ingredient with no concern match; neutral fit,0,3,Peptide
Acetyl Glucosamine,Sensitive,"['Sensitivity', 'Redness']",good fit,0,4,Directly addresses 1 concern(s) and description confirms soothing profile,0,7,Other
Acetylarginyltryptophyl Diphenylglycine,Sensitive,"['Sensitivity', 'Redness']",good fit,0,2,Gentle ingredient with no concern match; neutral fit,0,3,Amino Acid
Acai Extract,Sensitive,"['Sensitivity', 'Redness']",good fit,0,2,Gentle ingredient with no concern match; neutral fit,0,0,Plant Extract
Ascorbic Acid,Sensitive,"['Sensitivity', 'Redness']",poor fit,2,5,Directly flagged in avoid list for Sensitive skin and high irritancy (8),3,5,Vitamin C
Ascophyllum Nodosum Extract,Sensitive,"['Sensitivity', 'Redness']",good fit,0,2,Gentle ingredient with no concern match; neutral fit,0,3,Plant Extract
Arginine PCA,Sensitive,"['Sensitivity', 'Redness']",good fit,0,2,Gentle ingredient with no concern match; neutral fit,0,2,Amino Acid
Arginine/Lysine Polypeptide,Sensitive,"['Sensitivity', 'Redness']",good fit,0,2,Gentle ingredient with no concern match; neutral fit,0,3,Peptide
Arginine HCL,Sensitive,"['Sensitivity', 'Redness']",good fit,0,2,Gentle ingredient with no concern match; neutral fit [label adjusted for expert variance],0,2,Amino Acid
Arginine,Sensitive,"['Sensitivity', 'Redness']",possible irritation,1,2,Gentle ingredient with no concern match; neutral fit [label adjusted for expert variance],0,3,Amino Acid
Argan Oil,Sensitive,"['Sensitivity', 'Redness']",possible irritation,1,3,Moderate irritancy (3) — possible irritation for Sensitive skin,1,3,Lipid/Oil
Arbutin,Sensitive,"['Sensitivity', 'Redness']",possible irritation,1,3,Moderate irritancy (2) — possible irritation for Sensitive skin,1,2,Other
Aquagenium,Sensitive,"['Sensitivity', 'Redness']",good fit,0,2,Gentle ingredient with no concern match; neutral fit,0,2,Other
Apple Stem Cells,Sensitive,"['Sensitivity', 'Redness']",good fit,0,2,Gentle ingredient with no concern match; neutral fit,0,3,Plant Extract
Apple Polyphenols,Sensitive,"['Sensitivity', 'Redness']",good fit,0,3,Description strongly soothing/calming; low irritancy even without direct concern match,0,0,Other
Apple Extract,Sensitive,"['Sensitivity', 'Redness']",good fit,0,2,Gentle ingredient with no concern match; neutral fit,0,0,Plant Extract
Anti-Ageing Peptides,Sensitive,"['Sensitivity', 'Redness']",good fit,0,2,Gentle ingredient with no concern match; neutral fit,0,3,Peptide
Amino Acids,Sensitive,"['Sensitivity', 'Redness']",possible irritation,1,3,Moderate irritancy (2) — possible irritation for Sensitive skin,0,5,Amino Acid
Alteromonas Ferment Extract,Sensitive,"['Sensitivity', 'Redness']",good fit,0,3,Description strongly soothing/calming; low irritancy even without direct concern match [label adjusted for expert variance],0,3,Probiotic/Ferment
Bifida Ferment Lysate,Sensitive,"['Sensitivity', 'Redness']",good fit,0,4,Directly addresses 1 concern(s) and description confirms soothing profile,0,3,Probiotic/Ferment
Beta Glucan,Sensitive,"['Sensitivity', 'Redness']",good fit,0,4,Directly addresses 2 concern(s) and description confirms soothing profile,0,5,Other
Bakuchiol,Sensitive,"['Sensitivity', 'Redness']",good fit,0,2,Gentle ingredient with no concern match; neutral fit [label adjusted for expert variance],0,3,Other
Azelaoyl Bis-Dipeptide,Sensitive,"['Sensitivity', 'Redness']",possible irritation,1,3,Moderate irritancy (2) — possible irritation for Sensitive skin,1,3,Peptide
Azelaic Acid,Sensitive,"['Sensitivity', 'Redness']",possible irritation,1,3,Moderate irritancy (2) — possible irritation for Sensitive skin,1,8,Other
Avocado Oil,Sensitive,"['Sensitivity', 'Redness']",possible irritation,1,3,Moderate irritancy (3) — possible irritation for Sensitive skin,1,3,Lipid/Oil
Avocado Ferment,Sensitive,"['Sensitivity', 'Redness']",good fit,0,2,Gentle ingredient with no concern match; neutral fit,0,3,Probiotic/Ferment
Avene Thermal Water,Sensitive,"['Sensitivity', 'Redness']",good fit,0,4,Directly addresses 2 concern(s) and description confirms soothing profile,0,5,Plant Extract
Asparagopsis Armata Extract,Sensitive,"['Sensitivity', 'Redness']",good fit,0,2,Gentle ingredient with no concern match; neutral fit,0,3,Plant Extract
Ascorbyl Palmitate,Sensitive,"['Sensitivity', 'Redness']",poor fit,2,5,Directly flagged in avoid list for Sensitive skin and high irritancy (3),1,1,Vitamin C
Ascorbyl Glucoside,Sensitive,"['Sensitivity', 'Redness']",poor fit,2,5,Directly flagged in avoid list for Sensitive skin and high irritancy (3),1,5,Vitamin C
Caffeine,Sensitive,"['Sensitivity', 'Redness']",good fit,0,3,Addresses 1 concern(s); low irritancy,0,3,Other
Caffeic Acid,Sensitive,"['Sensitivity', 'Redness']",good fit,0,4,Directly addresses 1 concern(s) and description confirms soothing profile,0,1,Other
Cabbage Leaf Extract,Sensitive,"['Sensitivity', 'Redness']",good fit,0,3,Description strongly soothing/calming; low irritancy even without direct concern match,0,0,Plant Extract
Butyl Methoxydibenzoylmethane,Sensitive,"['Sensitivity', 'Redness']",poor fit,2,5,Directly flagged in avoid list for Sensitive skin and high irritancy (5),2,1,UV Filter
Blue Mallow Extract,Sensitive,"['Sensitivity', 'Redness']",possible irritation,1,3,Description strongly soothing/calming; low irritancy even without direct concern match [label adjusted for expert variance],0,0,Plant Extract
Blue Lotus Extract,Sensitive,"['Sensitivity', 'Redness']",possible irritation,1,3,Description strongly soothing/calming; low irritancy even without direct concern match [label adjusted for expert variance],0,0,Plant Extract
Blueberry Extract,Sensitive,"['Sensitivity', 'Redness']",good fit,0,3,Description strongly soothing/calming; low irritancy even without direct concern match,0,0,Plant Extract
Bilberry Extract,Sensitive,"['Sensitivity', 'Redness']",good fit,0,4,Directly addresses 1 concern(s) and description confirms soothing profile,0,1,Plant Extract
Bis-Ethylhexyloxyphenol Methoxyphenyl Triazine,Sensitive,"['Sensitivity', 'Redness']",poor fit,2,5,Directly flagged in avoid list for Sensitive skin and high irritancy (6),2,1,UV Filter
Bisabolol,Sensitive,"['Sensitivity', 'Redness']",good fit,0,4,Directly addresses 2 concern(s) and description confirms soothing profile,0,5,Other
Bio-Active Glucosides,Sensitive,"['Sensitivity', 'Redness']",good fit,0,4,Directly addresses 1 concern(s) and description confirms soothing profile,0,1,Other
Chondrus Crispus,Sensitive,"['Sensitivity', 'Redness']",possible irritation,1,3,Moderate irritancy (2) — possible irritation for Sensitive skin,0,3,Other
Cholesterol,Sensitive,"['Sensitivity', 'Redness']",possible irritation,1,3,Moderate irritancy (2) — possible irritation for Sensitive skin,0,3,Other
Chlorophyll,Sensitive,"['Sensitivity', 'Redness']",good fit,0,3,Description strongly soothing/calming; low irritancy even without direct concern match,0,0,Other
Chlorella Vulgaris Extract,Sensitive,"['Sensitivity', 'Redness']",good fit,0,2,Gentle ingredient with no concern match; neutral fit,0,3,Plant Extract
Chamomile Extract,Sensitive,"['Sensitivity', 'Redness']",good fit,0,4,Directly addresses 2 concern(s) and description confirms soothing profile,0,2,Plant Extract
Chlorella Protothecoides Oil,Sensitive,"['Sensitivity', 'Redness']",possible irritation,1,3,Moderate irritancy (2) — possible irritation for Sensitive skin,0,3,Lipid/Oil
Ceramides,Sensitive,"['Sensitivity', 'Redness']",good fit,0,4,Directly addresses 2 concern(s) and description confirms soothing profile,0,5,Ceramide
Chlorella Protothecoides,Sensitive,"['Sensitivity', 'Redness']",good fit,0,2,Gentle ingredient with no concern match; neutral fit,0,3,Other
Chemical UV Filters,Sensitive,"['Sensitivity', 'Redness']",poor fit,2,4,"High combined irritancy score (4): category=UV Filter, sensitivity=1, desc signals=0",1,1,UV Filter
Caprooyl Sphingosine,Sensitive,"['Sensitivity', 'Redness']",possible irritation,1,3,Moderate irritancy (2) — possible irritation for Sensitive skin,0,4,Ceramide
Centella Asiatica,Sensitive,"['Sensitivity', 'Redness']",good fit,0,4,Directly addresses 2 concern(s) and description confirms soothing profile,0,5,Other
Carnosine,Sensitive,"['Sensitivity', 'Redness']",good fit,0,4,Directly addresses 1 concern(s) and description confirms soothing profile,0,1,Other
Caprooyl Phytosphingosine,Sensitive,"['Sensitivity', 'Redness']",possible irritation,1,3,Moderate irritancy (2) — possible irritation for Sensitive skin,0,4,Ceramide
Ectoin,Sensitive,"['Sensitivity', 'Redness']",good fit,0,4,Directly addresses 1 concern(s) and description confirms soothing profile,0,2,Other
Dunaliella Salina (Green Algae) Extract,Sensitive,"['Sensitivity', 'Redness']",good fit,0,2,Gentle ingredient with no concern match; neutral fit,0,3,Marine/Algae
Dioic Acid,Sensitive,"['Sensitivity', 'Redness']",good fit,0,3,Description strongly soothing/calming; low irritancy even without direct concern match,0,3,Other
Cucumber Extract,Sensitive,"['Sensitivity', 'Redness']",good fit,0,3,Description strongly soothing/calming; low irritancy even without direct concern match,0,0,Plant Extract
Dipeptide Diaminobutyroyl Benzylamide Diacetate,Sensitive,"['Sensitivity', 'Redness']",good fit,0,2,Gentle ingredient with no concern match; neutral fit,0,3,Peptide
Dipeptide,Sensitive,"['Sensitivity', 'Redness']",good fit,0,2,Gentle ingredient with no concern match; neutral fit,0,3,Peptide
Copper Peptide,Sensitive,"['Sensitivity', 'Redness']",possible irritation,1,2,Gentle ingredient with no concern match; neutral fit [label adjusted for expert variance],0,3,Peptide
Copper Palmitoyl Heptapeptide,Sensitive,"['Sensitivity', 'Redness']",good fit,0,2,Gentle ingredient with no concern match; neutral fit,0,3,Peptide
Copper Heptapeptide-14 Pantothenate,Sensitive,"['Sensitivity', 'Redness']",good fit,0,2,Gentle ingredient with no concern match; neutral fit,0,3,Peptide
Coffee Seed Extract,Sensitive,"['Sensitivity', 'Redness']",good fit,0,4,Directly addresses 1 concern(s) and description confirms soothing profile,0,1,Plant Extract
Citric Acid,Sensitive,"['Sensitivity', 'Redness']",poor fit,2,4,"High combined irritancy score (4): category=AHA, sensitivity=0, desc signals=1",0,4,AHA
Cinnamon Bark,Sensitive,"['Sensitivity', 'Redness']",good fit,0,2,Gentle ingredient with no concern match; neutral fit,0,1,Other
Fomes Ofﬁcinalis (Mushroom) Extract,Sensitive,"['Sensitivity', 'Redness']",good fit,0,2,Gentle ingredient with no concern match; neutral fit,0,3,Plant Extract
Ginkgo Biloba,Sensitive,"['Sensitivity', 'Redness']",good fit,0,4,Directly addresses 1 concern(s) and description confirms soothing profile,0,1,Other
Fructooligosaccharides,Sensitive,"['Sensitivity', 'Redness']",good fit,0,4,Directly addresses 1 concern(s) and description confirms soothing profile,0,3,Other
Feverfew Extract,Sensitive,"['Sensitivity', 'Redness']",good fit,0,4,Directly addresses 1 concern(s) and description confirms soothing profile,0,1,Plant Extract
Ferulic Acid,Sensitive,"['Sensitivity', 'Redness']",good fit,0,2,Gentle ingredient with no concern match; neutral fit,0,0,Vitamin
Ethylhexyl Triazone,Sensitive,"['Sensitivity', 'Redness']",poor fit,2,5,Directly flagged in avoid list for Sensitive skin and high irritancy (5),2,1,UV Filter
Ferric Hexapeptide,Sensitive,"['Sensitivity', 'Redness']",good fit,0,2,Gentle ingredient with no concern match; neutral fit,0,3,Peptide
Fernblock,Sensitive,"['Sensitivity', 'Redness']",possible irritation,1,3,Moderate irritancy (2) — possible irritation for Sensitive skin,0,0,Other
Evening Primrose Oil,Sensitive,"['Sensitivity', 'Redness']",possible irritation,1,3,Moderate irritancy (2) — possible irritation for Sensitive skin,0,2,Lipid/Oil
Essential Lipids,Sensitive,"['Sensitivity', 'Redness']",possible irritation,1,3,Moderate irritancy (2) — possible irritation for Sensitive skin,0,5,Other
Endothelyol,Sensitive,"['Sensitivity', 'Redness']",good fit,0,4,Directly addresses 1 concern(s) and description confirms soothing profile,0,1,Other
Ethylhexyl Salicylate,Sensitive,"['Sensitivity', 'Redness']",poor fit,2,5,Directly flagged in avoid list for Sensitive skin and high irritancy (3),2,1,Other
Ethyl Ascorbic Acid,Sensitive,"['Sensitivity', 'Redness']",poor fit,2,5,Directly flagged in avoid list for Sensitive skin and high irritancy (3),1,4,Vitamin C
Green Tea,Sensitive,"['Sensitivity', 'Redness']",good fit,0,4,Directly addresses 1 concern(s) and description confirms soothing profile,0,2,Other
Glycosphingolipids,Sensitive,"['Sensitivity', 'Redness']",possible irritation,1,3,Moderate irritancy (2) — possible irritation for Sensitive skin,0,4,Ceramide
Glycoproteins,Sensitive,"['Sensitivity', 'Redness']",possible irritation,1,3,Moderate irritancy (2) — possible irritation for Sensitive skin,0,4,Other
Glycolipids,Sensitive,"['Sensitivity', 'Redness']",possible irritation,1,3,Moderate irritancy (2) — possible irritation for Sensitive skin,0,2,Other
Golden-Eye Grass Complex,Sensitive,"['Sensitivity', 'Redness']",good fit,0,4,Directly addresses 1 concern(s) and description confirms soothing profile,0,1,Other
Glycolic Acid,Sensitive,"['Sensitivity', 'Redness']",poor fit,2,5,Directly flagged in avoid list for Sensitive skin and high irritancy (7),2,8,AHA
Glycine,Sensitive,"['Sensitivity', 'Redness']",good fit,0,2,Gentle ingredient with no concern match; neutral fit,0,5,Amino Acid
Glyceryl Glucoside,Sensitive,"['Sensitivity', 'Redness']",good fit,0,3,Addresses 1 concern(s); low irritancy,0,4,Other
Gluconolactone,Sensitive,"['Sensitivity', 'Redness']",good fit,0,3,Description strongly soothing/calming; low irritancy even without direct concern match,0,9,Other
EGCG,Sensitive,"['Sensitivity', 'Redness']",good fit,0,3,Description strongly soothing/calming; low irritancy even without direct concern match,0,1,Other
Indian Gooseberry,Sensitive,"['Sensitivity', 'Redness']",possible irritation,1,3,Moderate irritancy (2) — possible irritation for Sensitive skin,0,1,Other
Hydroxypinacolone Retinoate,Sensitive,"['Sensitivity', 'Redness']",poor fit,2,5,Directly flagged in avoid list for Sensitive skin and high irritancy (7),3,9,Retinoid
Hydrolyzed Pumpkin Seedcake,Sensitive,"['Sensitivity', 'Redness']",possible irritation,1,3,Moderate irritancy (2) — possible irritation for Sensitive skin,0,6,Other
Hydrolyzed F-Fucoidan,Sensitive,"['Sensitivity', 'Redness']",good fit,0,2,Gentle ingredient with no concern match; neutral fit,0,3,Marine/Algae
Homosalate,Sensitive,"['Sensitivity', 'Redness']",poor fit,2,5,Directly flagged in avoid list for Sensitive skin and high irritancy (5),2,1,UV Filter
Humectants,Sensitive,"['Sensitivity', 'Redness']",good fit,0,3,Addresses 1 concern(s); low irritancy,0,5,Humectant
Hibiscus Fruit Extract,Sensitive,"['Sensitivity', 'Redness']",good fit,0,2,Gentle ingredient with no concern match; neutral fit,0,0,Plant Extract
Horse Chestnut,Sensitive,"['Sensitivity', 'Redness']",good fit,0,4,Directly addresses 1 concern(s) and description confirms soothing profile,0,1,Other
Heptapeptide-15 Palmitate,Sensitive,"['Sensitivity', 'Redness']",good fit,0,2,Gentle ingredient with no concern match; neutral fit,0,3,Peptide
Guarana Extract,Sensitive,"['Sensitivity', 'Redness']",good fit,0,2,Gentle ingredient with no concern match; neutral fit,0,0,Plant Extract
Histidine,Sensitive,"['Sensitivity', 'Redness']",good fit,0,3,Addresses 2 concern(s); low irritancy,0,4,Amino Acid
Lecithin,Sensitive,"['Sensitivity', 'Redness']",possible irritation,1,3,Moderate irritancy (3) — possible irritation for Sensitive skin,0,4,Lipid/Oil
L-Carnitine,Sensitive,"['Sensitivity', 'Redness']",good fit,0,3,Description strongly soothing/calming; low irritancy even without direct concern match,0,3,Other
Lactobionic Acid,Sensitive,"['Sensitivity', 'Redness']",possible irritation,1,3,Description strongly soothing/calming; low irritancy even without direct concern match [label adjusted for expert variance],0,9,Other
L-Ascorbic Acid,Sensitive,"['Sensitivity', 'Redness']",poor fit,2,5,Directly flagged in avoid list for Sensitive skin and high irritancy (8),3,5,Vitamin C
Laminaria Ochroleuca (Kelp) Extract,Sensitive,"['Sensitivity', 'Redness']",good fit,0,3,Description strongly soothing/calming; low irritancy even without direct concern match,0,3,Marine/Algae
Lactococcus Ferment Lysate,Sensitive,"['Sensitivity', 'Redness']",good fit,0,4,Directly addresses 1 concern(s) and description confirms soothing profile,0,3,Probiotic/Ferment
Lactic Acid,Sensitive,"['Sensitivity', 'Redness']",poor fit,2,5,Directly flagged in avoid list for Sensitive skin and high irritancy (5),2,8,AHA
Lactobacillus Ferment,Sensitive,"['Sensitivity', 'Redness']",good fit,0,4,Directly addresses 1 concern(s) and description confirms soothing profile,0,3,Probiotic/Ferment
Lactobacillus Extract Filtrate,Sensitive,"['Sensitivity', 'Redness']",good fit,0,4,Directly addresses 1 concern(s) and description confirms soothing profile,0,3,Probiotic/Ferment
Jojoba Oil,Sensitive,"['Sensitivity', 'Redness']",possible irritation,1,3,Moderate irritancy (2) — possible irritation for Sensitive skin,0,4,Lipid/Oil
Kola Seed Extract,Sensitive,"['Sensitivity', 'Redness']",good fit,0,2,Gentle ingredient with no concern match; neutral fit,0,0,Plant Extract
Jeju Green Tea Water,Sensitive,"['Sensitivity', 'Redness']",good fit,0,4,Directly addresses 1 concern(s) and description confirms soothing profile,0,3,Plant Extract
Kojic Acid,Sensitive,"['Sensitivity', 'Redness']",good fit,0,2,Gentle ingredient with no concern match; neutral fit,0,3,Other
Isoleucine,Sensitive,"['Sensitivity', 'Redness']",good fit,0,2,Gentle ingredient with no concern match; neutral fit,0,2,Amino Acid
Jojoba Beads,Sensitive,"['Sensitivity', 'Redness']",good fit,0,2,Gentle ingredient with no concern match; neutral fit,0,2,Other
Macrocystis Pyrifera (Kelp) Extract,Sensitive,"['Sensitivity', 'Redness']",good fit,0,2,Gentle ingredient with no concern match; neutral fit,0,3,Marine/Algae
Magnesium Sulfate,Sensitive,"['Sensitivity', 'Redness']",good fit,0,4,Directly addresses 1 concern(s) and description confirms soothing profile,0,1,Mineral
Magnesium Ascorbyl Phosphate,Sensitive,"['Sensitivity', 'Redness']",poor fit,2,5,Directly flagged in avoid list for Sensitive skin and high irritancy (5),1,3,Vitamin C
Lysine,Sensitive,"['Sensitivity', 'Redness']",good fit,0,4,Directly addresses 1 concern(s) and description confirms soothing profile,0,6,Amino Acid
Lily Extract,Sensitive,"['Sensitivity', 'Redness']",good fit,0,3,Description strongly soothing/calming; low irritancy even without direct concern match [label adjusted for expert variance],0,0,Plant Extract
Luffa Cylindrica Extract,Sensitive,"['Sensitivity', 'Redness']",good fit,0,2,Gentle ingredient with no concern match; neutral fit,0,0,Plant Extract
Linolenic Acid,Sensitive,"['Sensitivity', 'Redness']",possible irritation,1,3,Moderate irritancy (2) — possible irritation for Sensitive skin,0,4,Lipid/Oil
Linoleic Acid,Sensitive,"['Sensitivity', 'Redness']",possible irritation,1,3,Moderate irritancy (3) — possible irritation for Sensitive skin,0,4,Lipid/Oil
Leucine,Sensitive,"['Sensitivity', 'Redness']",good fit,0,3,Addresses 1 concern(s); low irritancy,0,6,Amino Acid
Licorice Extract,Sensitive,"['Sensitivity', 'Redness']",good fit,0,4,Directly addresses 1 concern(s) and description confirms soothing profile,0,4,Plant Extract
Natural Moisturising Factors,Sensitive,"['Sensitivity', 'Redness']",good fit,0,3,Addresses 2 concern(s); low irritancy,0,5,Other
Licochalcone A,Sensitive,"['Sensitivity', 'Redness']",good fit,0,3,Description strongly soothing/calming; low irritancy even without direct concern match,0,0,Other
Naringenin Chalcone,Sensitive,"['Sensitivity', 'Redness']",good fit,0,4,Directly addresses 2 concern(s) and description confirms soothing profile,0,2,Other
Myristoyl Nonapeptide,Sensitive,"['Sensitivity', 'Redness']",good fit,0,2,Gentle ingredient with no concern match; neutral fit,0,3,Peptide
Myristol Pentapeptide,Sensitive,"['Sensitivity', 'Redness']",possible irritation,1,2,Gentle ingredient with no concern match; neutral fit [label adjusted for expert variance],0,3,Peptide
Milk Thistle Extract,Sensitive,"['Sensitivity', 'Redness']",good fit,0,4,Directly addresses 2 concern(s) and description confirms soothing profile,0,2,Plant Extract
Myristol Hexapeptide,Sensitive,"['Sensitivity', 'Redness']",good fit,0,2,Gentle ingredient with no concern match; neutral fit,0,3,Peptide
Mushroom Extract,Sensitive,"['Sensitivity', 'Redness']",good fit,0,3,Description strongly soothing/calming; low irritancy even without direct concern match,0,1,Plant Extract
Moringa Seed Extract,Sensitive,"['Sensitivity', 'Redness']",good fit,0,4,Directly addresses 2 concern(s) and description confirms soothing profile,0,5,Plant Extract
Marshmallow Root,Sensitive,"['Sensitivity', 'Redness']",good fit,0,4,Directly addresses 1 concern(s) and description confirms soothing profile,0,1,Other
Mineral UV Filters,Sensitive,"['Sensitivity', 'Redness']",poor fit,2,4,"High combined irritancy score (4): category=UV Filter, sensitivity=1, desc signals=0",1,1,UV Filter
Meadowfoam Seed Oil,Sensitive,"['Sensitivity', 'Redness']",possible irritation,1,3,Moderate irritancy (3) — possible irritation for Sensitive skin,0,3,Lipid/Oil
Marine Extract,Sensitive,"['Sensitivity', 'Redness']",good fit,0,2,Gentle ingredient with no concern match; neutral fit,0,3,Marine/Algae
Mango Seed Butter,Sensitive,"['Sensitivity', 'Redness']",possible irritation,1,3,Moderate irritancy (3) — possible irritation for Sensitive skin,0,1,Lipid/Oil
Palmitoyl Oligopeptide,Sensitive,"['Sensitivity', 'Redness']",good fit,0,2,Gentle ingredient with no concern match; neutral fit,0,3,Peptide
Mandelic Acid,Sensitive,"['Sensitivity', 'Redness']",poor fit,2,5,Directly flagged in avoid list for Sensitive skin and high irritancy (5),2,8,AHA
Palmitoyl Nonapeptide,Sensitive,"['Sensitivity', 'Redness']",good fit,0,2,Gentle ingredient with no concern match; neutral fit,0,3,Peptide
Palmitoyl Pentapeptide,Sensitive,"['Sensitivity', 'Redness']",good fit,0,2,Gentle ingredient with no concern match; neutral fit,0,3,Peptide
Palmitoyl Glycine,Sensitive,"['Sensitivity', 'Redness']",good fit,0,3,Description strongly soothing/calming; low irritancy even without direct concern match,0,3,Amino Acid
Palmitoyl Heptapeptide,Sensitive,"['Sensitivity', 'Redness']",good fit,0,2,Gentle ingredient with no concern match; neutral fit,0,3,Peptide
Octocrylene,Sensitive,"['Sensitivity', 'Redness']",poor fit,2,5,Directly flagged in avoid list for Sensitive skin and high irritancy (3),2,1,Other
Palmitoyl Decapeptide,Sensitive,"['Sensitivity', 'Redness']",good fit,0,2,Gentle ingredient with no concern match; neutral fit,0,3,Peptide
Oligopeptide,Sensitive,"['Sensitivity', 'Redness']",good fit,0,2,Gentle ingredient with no concern match; neutral fit,0,3,Peptide
Padina Pavonica Thallus Extract,Sensitive,"['Sensitivity', 'Redness']",good fit,0,2,Gentle ingredient with no concern match; neutral fit,0,3,Plant Extract
Oat Extract,Sensitive,"['Sensitivity', 'Redness']",good fit,0,4,Directly addresses 2 concern(s) and description confirms soothing profile,0,4,Plant Extract
Octisalate,Sensitive,"['Sensitivity', 'Redness']",poor fit,2,5,Directly flagged in avoid list for Sensitive skin and high irritancy (5),2,1,UV Filter
Octinoxate,Sensitive,"['Sensitivity', 'Redness']",poor fit,2,5,Directly flagged in avoid list for Sensitive skin and high irritancy (5),2,1,UV Filter
Polyhydroxy Acids,Sensitive,"['Sensitivity', 'Redness']",good fit,0,3,Description strongly soothing/calming; low irritancy even without direct concern match,0,9,Other
Porphyridium Cruentum Extract,Sensitive,"['Sensitivity', 'Redness']",good fit,0,3,Description strongly soothing/calming; low irritancy even without direct concern match,0,3,Plant Extract
Polyporus Umbellatus (Mushroom) Extract,Sensitive,"['Sensitivity', 'Redness']",possible irritation,1,2,Gentle ingredient with no concern match; neutral fit [label adjusted for expert variance],0,2,Plant Extract
Phytic Acid,Sensitive,"['Sensitivity', 'Redness']",good fit,0,2,Gentle ingredient with no concern match; neutral fit,0,3,Other
Plankton Extract,Sensitive,"['Sensitivity', 'Redness']",possible irritation,1,3,Description strongly soothing/calming; low irritancy even without direct concern match [label adjusted for expert variance],0,3,Marine/Algae
Perfluorodecalin,Sensitive,"['Sensitivity', 'Redness']",good fit,0,4,Directly addresses 1 concern(s) and description confirms soothing profile,0,4,Other
Phytosphingosine,Sensitive,"['Sensitivity', 'Redness']",possible irritation,1,3,Moderate irritancy (2) — possible irritation for Sensitive skin,0,4,Ceramide
Phospholipids,Sensitive,"['Sensitivity', 'Redness']",possible irritation,1,3,Moderate irritancy (3) — possible irritation for Sensitive skin,0,4,Lipid/Oil
Palmitoyl  Tripeptide-1,Sensitive,"['Sensitivity', 'Redness']",good fit,0,2,Gentle ingredient with no concern match; neutral fit,0,3,Peptide
Pentapeptide,Sensitive,"['Sensitivity', 'Redness']",possible irritation,1,3,Moderate irritancy (2) — possible irritation for Sensitive skin,0,3,Peptide
Palmitoyl Tetrapeptide,Sensitive,"['Sensitivity', 'Redness']",good fit,0,2,Gentle ingredient with no concern match; neutral fit,0,3,Peptide
Parachlorella Beijerinckii Exopolysaccharides,Sensitive,"['Sensitivity', 'Redness']",good fit,0,2,Gentle ingredient with no concern match; neutral fit,0,3,Other
Retinyl Retinoate,Sensitive,"['Sensitivity', 'Redness']",poor fit,2,5,Directly flagged in avoid list for Sensitive skin and high irritancy (8),3,9,Retinoid
Palmitoyl Tripeptide,Sensitive,"['Sensitivity', 'Redness']",good fit,0,2,Gentle ingredient with no concern match; neutral fit [label adjusted for expert variance],0,3,Peptide
Neurophroline,Sensitive,"['Sensitivity', 'Redness']",good fit,0,4,Directly addresses 1 concern(s) and description confirms soothing profile,0,5,Other
Retinyl Propionate,Sensitive,"['Sensitivity', 'Redness']",poor fit,2,5,Directly flagged in avoid list for Sensitive skin and high irritancy (7),3,7,Retinoid
Retinyl Palmitate,Sensitive,"['Sensitivity', 'Redness']",poor fit,2,5,Directly flagged in avoid list for Sensitive skin and high irritancy (6),2,1,Retinoid
Retinol,Sensitive,"['Sensitivity', 'Redness']",poor fit,2,5,Directly flagged in avoid list for Sensitive skin and high irritancy (7),3,9,Retinoid
Resveratrol,Sensitive,"['Sensitivity', 'Redness']",good fit,0,3,Description strongly soothing/calming; low irritancy even without direct concern match,0,3,Other
Red Algae,Sensitive,"['Sensitivity', 'Redness']",good fit,0,4,Directly addresses 1 concern(s) and description confirms soothing profile,0,3,Marine/Algae
Quercetin,Sensitive,"['Sensitivity', 'Redness']",good fit,0,4,Directly addresses 1 concern(s) and description confirms soothing profile,0,3,Other
Pseudoalteromonas Exopolysaccharides,Sensitive,"['Sensitivity', 'Redness']",good fit,0,2,Gentle ingredient with no concern match; neutral fit,0,3,Other
Proline,Sensitive,"['Sensitivity', 'Redness']",good fit,0,2,Gentle ingredient with no concern match; neutral fit,0,5,Amino Acid
Potassium Azeloyl Diglycinate,Sensitive,"['Sensitivity', 'Redness']",poor fit,2,3,Moderate irritancy (2) — possible irritation for Sensitive skin [label adjusted for expert variance],1,7,Other
Probiotics,Sensitive,"['Sensitivity', 'Redness']",good fit,0,4,Directly addresses 1 concern(s) and description confirms soothing profile,0,3,Probiotic/Ferment
Prickly Pear Extract,Sensitive,"['Sensitivity', 'Redness']",good fit,0,4,Directly addresses 1 concern(s) and description confirms soothing profile,0,1,Plant Extract
Snow Mushroom Extract,Sensitive,"['Sensitivity', 'Redness']",good fit,0,4,Directly addresses 1 concern(s) and description confirms soothing profile,0,4,Plant Extract
Prebiotics,Sensitive,"['Sensitivity', 'Redness']",good fit,0,4,Directly addresses 1 concern(s) and description confirms soothing profile,0,3,Probiotic/Ferment
Shea Butter,Sensitive,"['Sensitivity', 'Redness']",poor fit,2,4,"High combined irritancy score (6): category=Lipid/Oil, sensitivity=2, desc signals=2",2,4,Lipid/Oil
Sesame Seed Oil,Sensitive,"['Sensitivity', 'Redness']",possible irritation,1,3,Moderate irritancy (2) — possible irritation for Sensitive skin,0,1,Lipid/Oil
Silk Protein,Sensitive,"['Sensitivity', 'Redness']",possible irritation,1,3,Moderate irritancy (2) — possible irritation for Sensitive skin,1,1,Other
Sh-Oligopeptide,Sensitive,"['Sensitivity', 'Redness']",good fit,0,2,Gentle ingredient with no concern match; neutral fit,0,3,Peptide
Serine,Sensitive,"['Sensitivity', 'Redness']",good fit,0,2,Gentle ingredient with no concern match; neutral fit,0,2,Amino Acid
Sea Buckthorn Water,Sensitive,"['Sensitivity', 'Redness']",good fit,0,2,Gentle ingredient with no concern match; neutral fit,0,1,Plant Extract
Saskatoon Berry,Sensitive,"['Sensitivity', 'Redness']",good fit,0,2,Gentle ingredient with no concern match; neutral fit,0,0,Other
Salicylic Acid,Sensitive,"['Sensitivity', 'Redness']",poor fit,2,5,Directly flagged in avoid list for Sensitive skin and high irritancy (7),4,8,BHA
Rosemary Leaf Extract,Sensitive,"['Sensitivity', 'Redness']",good fit,0,4,Directly addresses 1 concern(s) and description confirms soothing profile,0,1,Plant Extract
Safflower Seed Oil,Sensitive,"['Sensitivity', 'Redness']",poor fit,2,4,"High combined irritancy score (4): category=Lipid/Oil, sensitivity=1, desc signals=1",1,3,Lipid/Oil
Saccharomyces Cerevisiae (Yeast) Extract,Sensitive,"['Sensitivity', 'Redness']",good fit,0,4,Directly addresses 1 concern(s) and description confirms soothing profile,0,3,Probiotic/Ferment
Sacred Lotus Flower Extract,Sensitive,"['Sensitivity', 'Redness']",good fit,0,2,Gentle ingredient with no concern match; neutral fit,0,4,Plant Extract
Tasmanian Pepperberry Extract,Sensitive,"['Sensitivity', 'Redness']",good fit,0,4,Directly addresses 1 concern(s) and description confirms soothing profile,0,1,Plant Extract
Tartaric Acid,Sensitive,"['Sensitivity', 'Redness']",poor fit,2,5,Directly flagged in avoid list for Sensitive skin and high irritancy (4),1,4,AHA
Rhamnose,Sensitive,"['Sensitivity', 'Redness']",good fit,0,4,Directly addresses 1 concern(s) and description confirms soothing profile,0,3,Other
Sweet Almond Oil,Sensitive,"['Sensitivity', 'Redness']",possible irritation,1,3,Moderate irritancy (3) — possible irritation for Sensitive skin,1,2,Lipid/Oil
Symsitive,Sensitive,"['Sensitivity', 'Redness']",good fit,0,4,Directly addresses 1 concern(s) and description confirms soothing profile,0,1,Other
Sugar Cane Extract,Sensitive,"['Sensitivity', 'Redness']",good fit,0,3,Description strongly soothing/calming; low irritancy even without direct concern match,0,5,Plant Extract
Superoxide Dismutase,Sensitive,"['Sensitivity', 'Redness']",possible irritation,1,3,Moderate irritancy (2) — possible irritation for Sensitive skin,0,0,Other
Sunflower Oil,Sensitive,"['Sensitivity', 'Redness']",possible irritation,1,3,Moderate irritancy (3) — possible irritation for Sensitive skin,1,3,Lipid/Oil
Spent Grain Wax,Sensitive,"['Sensitivity', 'Redness']",poor fit,2,4,"High combined irritancy score (4): category=Lipid/Oil, sensitivity=0, desc signals=2",0,2,Lipid/Oil
Sulfur,Sensitive,"['Sensitivity', 'Redness']",good fit,0,3,Description strongly soothing/calming; low irritancy even without direct concern match,0,2,Mineral
Squalane,Sensitive,"['Sensitivity', 'Redness']",possible irritation,1,3,Moderate irritancy (2) — possible irritation for Sensitive skin,0,4,Lipid/Oil
Urea,Sensitive,"['Sensitivity', 'Redness']",good fit,0,2,Gentle ingredient with no concern match; neutral fit,0,3,Humectant
Sodium Lactate,Sensitive,"['Sensitivity', 'Redness']",good fit,0,2,Gentle ingredient with no concern match; neutral fit,0,2,Humectant
Turmeric Root Extract,Sensitive,"['Sensitivity', 'Redness']",good fit,0,4,Directly addresses 1 concern(s) and description confirms soothing profile,0,1,Plant Extract
Valine,Sensitive,"['Sensitivity', 'Redness']",good fit,0,2,Gentle ingredient with no concern match; neutral fit,0,2,Amino Acid
Trehalose,Sensitive,"['Sensitivity', 'Redness']",good fit,0,2,Gentle ingredient with no concern match; neutral fit,0,2,Humectant
Tripleurospermum Maritimum Extract,Sensitive,"['Sensitivity', 'Redness']",good fit,0,3,Description strongly soothing/calming; low irritancy even without direct concern match,0,3,Plant Extract
Triazine Diethyl Butamidotriazone,Sensitive,"['Sensitivity', 'Redness']",poor fit,2,5,Directly flagged in avoid list for Sensitive skin and high irritancy (5),2,1,UV Filter
Thiamidol,Sensitive,"['Sensitivity', 'Redness']",good fit,0,2,Gentle ingredient with no concern match; neutral fit,0,2,Other
Tranexamic Acid,Sensitive,"['Sensitivity', 'Redness']",possible irritation,1,3,Moderate irritancy (2) — possible irritation for Sensitive skin,0,3,Other
Tomato Stem Cells,Sensitive,"['Sensitivity', 'Redness']",good fit,0,2,Gentle ingredient with no concern match; neutral fit,0,3,Plant Extract
Teprenone,Sensitive,"['Sensitivity', 'Redness']",possible irritation,1,3,Addresses 2 concern(s); low irritancy [label adjusted for expert variance],0,5,Other
Threonine,Sensitive,"['Sensitivity', 'Redness']",good fit,0,2,Gentle ingredient with no concern match; neutral fit,0,2,Amino Acid
Zinc Gluconate,Sensitive,"['Sensitivity', 'Redness']",good fit,0,4,Directly addresses 1 concern(s) and description confirms soothing profile,0,4,Mineral
Tetrahexyldecyl Ascorbate,Sensitive,"['Sensitivity', 'Redness']",poor fit,2,5,Directly flagged in avoid list for Sensitive skin and high irritancy (3),1,5,Vitamin C
Zinc,Sensitive,"['Sensitivity', 'Redness']",good fit,0,4,Directly addresses 1 concern(s) and description confirms soothing profile,0,4,Mineral
Yerba Mate Extract,Sensitive,"['Sensitivity', 'Redness']",good fit,0,4,Directly addresses 1 concern(s) and description confirms soothing profile,0,1,Plant Extract
Yeast Amino Acids,Sensitive,"['Sensitivity', 'Redness']",good fit,0,2,Gentle ingredient with no concern match; neutral fit,0,1,Probiotic/Ferment
Willow Herb Extract,Sensitive,"['Sensitivity', 'Redness']",good fit,0,4,Directly addresses 1 concern(s) and description confirms soothing profile,0,1,Plant Extract
Willow Bark Extract,Sensitive,"['Sensitivity', 'Redness']",poor fit,2,5,Directly flagged in avoid list for Sensitive skin and high irritancy (3),2,6,Plant Extract
Wild Cherry Extract,Sensitive,"['Sensitivity', 'Redness']",good fit,0,4,Directly addresses 1 concern(s) and description confirms soothing profile,0,1,Plant Extract
White Tea,Sensitive,"['Sensitivity', 'Redness']",good fit,0,4,Directly addresses 1 concern(s) and description confirms soothing profile,0,1,Other
Vitamin K1,Sensitive,"['Sensitivity', 'Redness']",good fit,0,3,Addresses 1 concern(s); low irritancy,0,1,Vitamin
Vitamin E,Sensitive,"['Sensitivity', 'Redness']",good fit,0,3,Addresses 2 concern(s); low irritancy,0,4,Vitamin
Vitamin C,Sensitive,"['Sensitivity', 'Redness']",poor fit,2,5,Directly flagged in avoid list for Sensitive skin and high irritancy (5),3,5,Vitamin C
Vitamin B5,Sensitive,"['Sensitivity', 'Redness']",good fit,0,4,Directly addresses 2 concern(s) and description confirms soothing profile,0,5,Vitamin
Vitamin A,Sensitive,"['Sensitivity', 'Redness']",poor fit,2,5,Directly flagged in avoid list for Sensitive skin and high irritancy (8),3,9,Retinoid
Vibrio Alginolyticus Ferment Filtrate,Sensitive,"['Sensitivity', 'Redness']",good fit,0,2,Gentle ingredient with no concern match; neutral fit,0,3,Probiotic/Ferment
Tea Tree Oil,Sensitive,"['Sensitivity', 'Redness']",possible irritation,1,3,Moderate irritancy (2) — possible irritation for Sensitive skin,0,2,Lipid/Oil
Zinc Sulfate,Sensitive,"['Sensitivity', 'Redness']",good fit,0,4,Directly addresses 1 concern(s) and description confirms soothing profile,0,1,Mineral
Zinc PCA,Sensitive,"['Sensitivity', 'Redness']",good fit,0,4,Directly addresses 1 concern(s) and description confirms soothing profile,0,5,Mineral
Neoglucosamine,Sensitive,"['Sensitivity', 'Redness']",possible irritation,1,4,Flagged in avoid list for Sensitive skin; ingredient is relatively mild,1,8,Other
Taurine,Sensitive,"['Sensitivity', 'Redness']",good fit,0,2,Gentle ingredient with no concern match; neutral fit,0,3,Amino Acid
Sodium Ascorbyl Phosphate,Sensitive,"['Sensitivity', 'Redness']",poor fit,2,5,Directly flagged in avoid list for Sensitive skin and high irritancy (3),1,5,Vitamin C
Alpha-Glucan Oligosaccharide,Sensitive,"['Sensitivity', 'Dryness']",good fit,0,3,Description strongly soothing/calming; low irritancy even without direct concern match,0,3,Other
Aloe Vera,Sensitive,"['Sensitivity', 'Dryness']",good fit,0,4,Directly addresses 2 concern(s) and description confirms soothing profile,0,4,Other
Allantoin,Sensitive,"['Sensitivity', 'Dryness']",good fit,0,4,Directly addresses 1 concern(s) and description confirms soothing profile,0,3,Other
Algin,Sensitive,"['Sensitivity', 'Dryness']",good fit,0,4,Directly addresses 1 concern(s) and description confirms soothing profile,0,3,Other
Algae Extract,Sensitive,"['Sensitivity', 'Dryness']",good fit,0,4,Directly addresses 1 concern(s) and description confirms soothing profile,0,3,Marine/Algae
Algae Exopolysaccharides,Sensitive,"['Sensitivity', 'Dryness']",possible irritation,1,3,Addresses 1 concern(s); low irritancy [label adjusted for expert variance],0,3,Marine/Algae
Alaria Esculenta Extract,Sensitive,"['Sensitivity', 'Dryness']",good fit,0,4,Directly addresses 1 concern(s) and description confirms soothing profile,0,3,Plant Extract
Alanine,Sensitive,"['Sensitivity', 'Dryness']",good fit,0,3,Addresses 1 concern(s); low irritancy,0,2,Amino Acid
Ahnfeltia Concinna Extract,Sensitive,"['Sensitivity', 'Dryness']",good fit,0,4,Directly addresses 1 concern(s) and description confirms soothing profile,0,3,Plant Extract
Adenosine,Sensitive,"['Sensitivity', 'Dryness']",good fit,0,4,Directly addresses 2 concern(s) and description confirms soothing profile,0,7,Other
Acetyl Tyrosinamide,Sensitive,"['Sensitivity', 'Dryness']",good fit,0,2,Gentle ingredient with no concern match; neutral fit,0,3,Other
Acetyl Tetrapeptide,Sensitive,"['Sensitivity', 'Dryness']",good fit,0,2,Gentle ingredient with no concern match; neutral fit,0,3,Peptide
Acetyl Glucosamine,Sensitive,"['Sensitivity', 'Dryness']",good fit,0,4,Directly addresses 1 concern(s) and description confirms soothing profile,0,7,Other
Acetylarginyltryptophyl Diphenylglycine,Sensitive,"['Sensitivity', 'Dryness']",good fit,0,2,Gentle ingredient with no concern match; neutral fit,0,3,Amino Acid
Acai Extract,Sensitive,"['Sensitivity', 'Dryness']",good fit,0,2,Gentle ingredient with no concern match; neutral fit,0,0,Plant Extract
Ascorbic Acid,Sensitive,"['Sensitivity', 'Dryness']",poor fit,2,5,Directly flagged in avoid list for Sensitive skin and high irritancy (8),3,5,Vitamin C
Ascophyllum Nodosum Extract,Sensitive,"['Sensitivity', 'Dryness']",good fit,0,3,Addresses 1 concern(s); low irritancy,0,3,Plant Extract
Arginine PCA,Sensitive,"['Sensitivity', 'Dryness']",good fit,0,3,Addresses 1 concern(s); low irritancy [label adjusted for expert variance],0,2,Amino Acid
Arginine/Lysine Polypeptide,Sensitive,"['Sensitivity', 'Dryness']",good fit,0,2,Gentle ingredient with no concern match; neutral fit,0,3,Peptide
Arginine HCL,Sensitive,"['Sensitivity', 'Dryness']",good fit,0,3,Addresses 1 concern(s); low irritancy,0,2,Amino Acid
Arginine,Sensitive,"['Sensitivity', 'Dryness']",possible irritation,1,3,Addresses 1 concern(s); low irritancy [label adjusted for expert variance],0,3,Amino Acid
Argan Oil,Sensitive,"['Sensitivity', 'Dryness']",possible irritation,1,3,Moderate irritancy (3) — possible irritation for Sensitive skin,1,3,Lipid/Oil
Arbutin,Sensitive,"['Sensitivity', 'Dryness']",possible irritation,1,3,Moderate irritancy (2) — possible irritation for Sensitive skin,1,2,Other
Aquagenium,Sensitive,"['Sensitivity', 'Dryness']",good fit,0,3,Addresses 1 concern(s); low irritancy,0,2,Other
Apple Stem Cells,Sensitive,"['Sensitivity', 'Dryness']",good fit,0,2,Gentle ingredient with no concern match; neutral fit,0,3,Plant Extract
Apple Polyphenols,Sensitive,"['Sensitivity', 'Dryness']",good fit,0,3,Description strongly soothing/calming; low irritancy even without direct concern match,0,0,Other
Apple Extract,Sensitive,"['Sensitivity', 'Dryness']",possible irritation,1,2,Gentle ingredient with no concern match; neutral fit [label adjusted for expert variance],0,0,Plant Extract
Anti-Ageing Peptides,Sensitive,"['Sensitivity', 'Dryness']",good fit,0,2,Gentle ingredient with no concern match; neutral fit,0,3,Peptide
Amino Acids,Sensitive,"['Sensitivity', 'Dryness']",possible irritation,1,3,Moderate irritancy (2) — possible irritation for Sensitive skin,0,5,Amino Acid
Alteromonas Ferment Extract,Sensitive,"['Sensitivity', 'Dryness']",good fit,0,4,Directly addresses 1 concern(s) and description confirms soothing profile,0,3,Probiotic/Ferment
Bifida Ferment Lysate,Sensitive,"['Sensitivity', 'Dryness']",good fit,0,3,Description strongly soothing/calming; low irritancy even without direct concern match,0,3,Probiotic/Ferment
Beta Glucan,Sensitive,"['Sensitivity', 'Dryness']",good fit,0,4,Directly addresses 2 concern(s) and description confirms soothing profile,0,5,Other
Bakuchiol,Sensitive,"['Sensitivity', 'Dryness']",good fit,0,2,Gentle ingredient with no concern match; neutral fit,0,3,Other
Azelaoyl Bis-Dipeptide,Sensitive,"['Sensitivity', 'Dryness']",possible irritation,1,3,Moderate irritancy (2) — possible irritation for Sensitive skin,1,3,Peptide
Azelaic Acid,Sensitive,"['Sensitivity', 'Dryness']",possible irritation,1,3,Moderate irritancy (2) — possible irritation for Sensitive skin,1,8,Other
Avocado Oil,Sensitive,"['Sensitivity', 'Dryness']",possible irritation,1,3,Moderate irritancy (3) — possible irritation for Sensitive skin,1,3,Lipid/Oil
Avocado Ferment,Sensitive,"['Sensitivity', 'Dryness']",good fit,0,3,Addresses 1 concern(s); low irritancy,0,3,Probiotic/Ferment
Avene Thermal Water,Sensitive,"['Sensitivity', 'Dryness']",good fit,0,4,Directly addresses 2 concern(s) and description confirms soothing profile,0,5,Plant Extract
Asparagopsis Armata Extract,Sensitive,"['Sensitivity', 'Dryness']",good fit,0,4,Directly addresses 1 concern(s) and description confirms soothing profile,0,3,Plant Extract
Ascorbyl Palmitate,Sensitive,"['Sensitivity', 'Dryness']",poor fit,2,5,Directly flagged in avoid list for Sensitive skin and high irritancy (3),1,1,Vitamin C
Ascorbyl Glucoside,Sensitive,"['Sensitivity', 'Dryness']",poor fit,2,5,Directly flagged in avoid list for Sensitive skin and high irritancy (3),1,5,Vitamin C
Caffeine,Sensitive,"['Sensitivity', 'Dryness']",good fit,0,2,Gentle ingredient with no concern match; neutral fit,0,3,Other
Caffeic Acid,Sensitive,"['Sensitivity', 'Dryness']",good fit,0,3,Description strongly soothing/calming; low irritancy even without direct concern match,0,1,Other
Cabbage Leaf Extract,Sensitive,"['Sensitivity', 'Dryness']",good fit,0,3,Description strongly soothing/calming; low irritancy even without direct concern match,0,0,Plant Extract
Butyl Methoxydibenzoylmethane,Sensitive,"['Sensitivity', 'Dryness']",poor fit,2,5,Directly flagged in avoid list for Sensitive skin and high irritancy (5),2,1,UV Filter
Blue Mallow Extract,Sensitive,"['Sensitivity', 'Dryness']",good fit,0,3,Description strongly soothing/calming; low irritancy even without direct concern match,0,0,Plant Extract
Blue Lotus Extract,Sensitive,"['Sensitivity', 'Dryness']",good fit,0,3,Description strongly soothing/calming; low irritancy even without direct concern match,0,0,Plant Extract
Blueberry Extract,Sensitive,"['Sensitivity', 'Dryness']",good fit,0,3,Description strongly soothing/calming; low irritancy even without direct concern match [label adjusted for expert variance],0,0,Plant Extract
Bilberry Extract,Sensitive,"['Sensitivity', 'Dryness']",good fit,0,3,Description strongly soothing/calming; low irritancy even without direct concern match,0,1,Plant Extract
Bis-Ethylhexyloxyphenol Methoxyphenyl Triazine,Sensitive,"['Sensitivity', 'Dryness']",poor fit,2,5,Directly flagged in avoid list for Sensitive skin and high irritancy (6),2,1,UV Filter
Bisabolol,Sensitive,"['Sensitivity', 'Dryness']",good fit,0,4,Directly addresses 2 concern(s) and description confirms soothing profile,0,5,Other
Bio-Active Glucosides,Sensitive,"['Sensitivity', 'Dryness']",possible irritation,1,3,Description strongly soothing/calming; low irritancy even without direct concern match [label adjusted for expert variance],0,1,Other
Chondrus Crispus,Sensitive,"['Sensitivity', 'Dryness']",possible irritation,1,3,Moderate irritancy (2) — possible irritation for Sensitive skin,0,3,Other
Cholesterol,Sensitive,"['Sensitivity', 'Dryness']",possible irritation,1,3,Moderate irritancy (2) — possible irritation for Sensitive skin,0,3,Other
Chlorophyll,Sensitive,"['Sensitivity', 'Dryness']",good fit,0,3,Description strongly soothing/calming; low irritancy even without direct concern match,0,0,Other
Chlorella Vulgaris Extract,Sensitive,"['Sensitivity', 'Dryness']",good fit,0,3,Addresses 1 concern(s); low irritancy,0,3,Plant Extract
Chamomile Extract,Sensitive,"['Sensitivity', 'Dryness']",good fit,0,4,Directly addresses 1 concern(s) and description confirms soothing profile,0,2,Plant Extract
Chlorella Protothecoides Oil,Sensitive,"['Sensitivity', 'Dryness']",possible irritation,1,3,Moderate irritancy (2) — possible irritation for Sensitive skin,0,3,Lipid/Oil
Ceramides,Sensitive,"['Sensitivity', 'Dryness']",good fit,0,4,Directly addresses 2 concern(s) and description confirms soothing profile,0,5,Ceramide
Chlorella Protothecoides,Sensitive,"['Sensitivity', 'Dryness']",good fit,0,3,Addresses 1 concern(s); low irritancy,0,3,Other
Chemical UV Filters,Sensitive,"['Sensitivity', 'Dryness']",poor fit,2,4,"High combined irritancy score (4): category=UV Filter, sensitivity=1, desc signals=0",1,1,UV Filter
Caprooyl Sphingosine,Sensitive,"['Sensitivity', 'Dryness']",possible irritation,1,3,Moderate irritancy (2) — possible irritation for Sensitive skin,0,4,Ceramide
Centella Asiatica,Sensitive,"['Sensitivity', 'Dryness']",good fit,0,4,Directly addresses 2 concern(s) and description confirms soothing profile,0,5,Other
Carnosine,Sensitive,"['Sensitivity', 'Dryness']",good fit,0,2,Gentle ingredient with no concern match; neutral fit,0,1,Other
Caprooyl Phytosphingosine,Sensitive,"['Sensitivity', 'Dryness']",possible irritation,1,3,Moderate irritancy (2) — possible irritation for Sensitive skin,0,4,Ceramide
Ectoin,Sensitive,"['Sensitivity', 'Dryness']",good fit,0,4,Directly addresses 2 concern(s) and description confirms soothing profile,0,2,Other
Dunaliella Salina (Green Algae) Extract,Sensitive,"['Sensitivity', 'Dryness']",good fit,0,4,Directly addresses 1 concern(s) and description confirms soothing profile,0,3,Marine/Algae
Dioic Acid,Sensitive,"['Sensitivity', 'Dryness']",good fit,0,3,Description strongly soothing/calming; low irritancy even without direct concern match,0,3,Other
Cucumber Extract,Sensitive,"['Sensitivity', 'Dryness']",good fit,0,3,Description strongly soothing/calming; low irritancy even without direct concern match,0,0,Plant Extract
Dipeptide Diaminobutyroyl Benzylamide Diacetate,Sensitive,"['Sensitivity', 'Dryness']",good fit,0,2,Gentle ingredient with no concern match; neutral fit,0,3,Peptide
Dipeptide,Sensitive,"['Sensitivity', 'Dryness']",good fit,0,2,Gentle ingredient with no concern match; neutral fit,0,3,Peptide
Copper Peptide,Sensitive,"['Sensitivity', 'Dryness']",good fit,0,2,Gentle ingredient with no concern match; neutral fit,0,3,Peptide
Copper Palmitoyl Heptapeptide,Sensitive,"['Sensitivity', 'Dryness']",good fit,0,2,Gentle ingredient with no concern match; neutral fit,0,3,Peptide
Copper Heptapeptide-14 Pantothenate,Sensitive,"['Sensitivity', 'Dryness']",good fit,0,2,Gentle ingredient with no concern match; neutral fit,0,3,Peptide
Coffee Seed Extract,Sensitive,"['Sensitivity', 'Dryness']",good fit,0,3,Description strongly soothing/calming; low irritancy even without direct concern match,0,1,Plant Extract
Citric Acid,Sensitive,"['Sensitivity', 'Dryness']",poor fit,2,4,"High combined irritancy score (4): category=AHA, sensitivity=0, desc signals=1",0,4,AHA
Cinnamon Bark,Sensitive,"['Sensitivity', 'Dryness']",good fit,0,2,Gentle ingredient with no concern match; neutral fit,0,1,Other
Fomes Ofﬁcinalis (Mushroom) Extract,Sensitive,"['Sensitivity', 'Dryness']",good fit,0,2,Gentle ingredient with no concern match; neutral fit,0,3,Plant Extract
Ginkgo Biloba,Sensitive,"['Sensitivity', 'Dryness']",good fit,0,3,Description strongly soothing/calming; low irritancy even without direct concern match,0,1,Other
Fructooligosaccharides,Sensitive,"['Sensitivity', 'Dryness']",good fit,0,3,Description strongly soothing/calming; low irritancy even without direct concern match,0,3,Other
Feverfew Extract,Sensitive,"['Sensitivity', 'Dryness']",good fit,0,3,Description strongly soothing/calming; low irritancy even without direct concern match,0,1,Plant Extract
Ferulic Acid,Sensitive,"['Sensitivity', 'Dryness']",good fit,0,2,Gentle ingredient with no concern match; neutral fit,0,0,Vitamin
Ethylhexyl Triazone,Sensitive,"['Sensitivity', 'Dryness']",poor fit,2,5,Directly flagged in avoid list for Sensitive skin and high irritancy (5),2,1,UV Filter
Ferric Hexapeptide,Sensitive,"['Sensitivity', 'Dryness']",good fit,0,2,Gentle ingredient with no concern match; neutral fit,0,3,Peptide
Fernblock,Sensitive,"['Sensitivity', 'Dryness']",possible irritation,1,3,Moderate irritancy (2) — possible irritation for Sensitive skin,0,0,Other
Evening Primrose Oil,Sensitive,"['Sensitivity', 'Dryness']",possible irritation,1,3,Moderate irritancy (2) — possible irritation for Sensitive skin,0,2,Lipid/Oil
Essential Lipids,Sensitive,"['Sensitivity', 'Dryness']",possible irritation,1,3,Moderate irritancy (2) — possible irritation for Sensitive skin,0,5,Other
Endothelyol,Sensitive,"['Sensitivity', 'Dryness']",good fit,0,3,Description strongly soothing/calming; low irritancy even without direct concern match,0,1,Other
Ethylhexyl Salicylate,Sensitive,"['Sensitivity', 'Dryness']",poor fit,2,5,Directly flagged in avoid list for Sensitive skin and high irritancy (3),2,1,Other
Ethyl Ascorbic Acid,Sensitive,"['Sensitivity', 'Dryness']",poor fit,2,5,Directly flagged in avoid list for Sensitive skin and high irritancy (3),1,4,Vitamin C
Green Tea,Sensitive,"['Sensitivity', 'Dryness']",good fit,0,3,Description strongly soothing/calming; low irritancy even without direct concern match,0,2,Other
Glycosphingolipids,Sensitive,"['Sensitivity', 'Dryness']",possible irritation,1,3,Moderate irritancy (2) — possible irritation for Sensitive skin,0,4,Ceramide
Glycoproteins,Sensitive,"['Sensitivity', 'Dryness']",possible irritation,1,3,Moderate irritancy (2) — possible irritation for Sensitive skin,0,4,Other
Glycolipids,Sensitive,"['Sensitivity', 'Dryness']",possible irritation,1,3,Moderate irritancy (2) — possible irritation for Sensitive skin,0,2,Other
Golden-Eye Grass Complex,Sensitive,"['Sensitivity', 'Dryness']",good fit,0,2,Gentle ingredient with no concern match; neutral fit,0,1,Other
Glycolic Acid,Sensitive,"['Sensitivity', 'Dryness']",poor fit,2,5,Directly flagged in avoid list for Sensitive skin and high irritancy (7),2,8,AHA
Glycine,Sensitive,"['Sensitivity', 'Dryness']",good fit,0,3,Addresses 1 concern(s); low irritancy,0,5,Amino Acid
Glyceryl Glucoside,Sensitive,"['Sensitivity', 'Dryness']",good fit,0,3,Addresses 2 concern(s); low irritancy,0,4,Other
Gluconolactone,Sensitive,"['Sensitivity', 'Dryness']",good fit,0,4,Directly addresses 1 concern(s) and description confirms soothing profile,0,9,Other
EGCG,Sensitive,"['Sensitivity', 'Dryness']",good fit,0,3,Description strongly soothing/calming; low irritancy even without direct concern match,0,1,Other
Indian Gooseberry,Sensitive,"['Sensitivity', 'Dryness']",possible irritation,1,3,Moderate irritancy (2) — possible irritation for Sensitive skin,0,1,Other
Hydroxypinacolone Retinoate,Sensitive,"['Sensitivity', 'Dryness']",poor fit,2,5,Directly flagged in avoid list for Sensitive skin and high irritancy (7),3,9,Retinoid
Hydrolyzed Pumpkin Seedcake,Sensitive,"['Sensitivity', 'Dryness']",possible irritation,1,3,Moderate irritancy (2) — possible irritation for Sensitive skin,0,6,Other
Hydrolyzed F-Fucoidan,Sensitive,"['Sensitivity', 'Dryness']",possible irritation,1,3,Addresses 1 concern(s); low irritancy [label adjusted for expert variance],0,3,Marine/Algae
Homosalate,Sensitive,"['Sensitivity', 'Dryness']",poor fit,2,5,Directly flagged in avoid list for Sensitive skin and high irritancy (5),2,1,UV Filter
Humectants,Sensitive,"['Sensitivity', 'Dryness']",good fit,0,3,Addresses 2 concern(s); low irritancy,0,5,Humectant
Hibiscus Fruit Extract,Sensitive,"['Sensitivity', 'Dryness']",good fit,0,2,Gentle ingredient with no concern match; neutral fit,0,0,Plant Extract
Horse Chestnut,Sensitive,"['Sensitivity', 'Dryness']",good fit,0,3,Description strongly soothing/calming; low irritancy even without direct concern match,0,1,Other
Heptapeptide-15 Palmitate,Sensitive,"['Sensitivity', 'Dryness']",good fit,0,2,Gentle ingredient with no concern match; neutral fit,0,3,Peptide
Guarana Extract,Sensitive,"['Sensitivity', 'Dryness']",good fit,0,2,Gentle ingredient with no concern match; neutral fit,0,0,Plant Extract
Histidine,Sensitive,"['Sensitivity', 'Dryness']",good fit,0,3,Addresses 2 concern(s); low irritancy,0,4,Amino Acid
Lecithin,Sensitive,"['Sensitivity', 'Dryness']",possible irritation,1,3,Moderate irritancy (3) — possible irritation for Sensitive skin,0,4,Lipid/Oil
L-Carnitine,Sensitive,"['Sensitivity', 'Dryness']",good fit,0,3,Description strongly soothing/calming; low irritancy even without direct concern match,0,3,Other
Lactobionic Acid,Sensitive,"['Sensitivity', 'Dryness']",good fit,0,4,Directly addresses 1 concern(s) and description confirms soothing profile,0,9,Other
L-Ascorbic Acid,Sensitive,"['Sensitivity', 'Dryness']",poor fit,2,5,Directly flagged in avoid list for Sensitive skin and high irritancy (8),3,5,Vitamin C
Laminaria Ochroleuca (Kelp) Extract,Sensitive,"['Sensitivity', 'Dryness']",good fit,0,4,Directly addresses 1 concern(s) and description confirms soothing profile,0,3,Marine/Algae
Lactococcus Ferment Lysate,Sensitive,"['Sensitivity', 'Dryness']",good fit,0,3,Description strongly soothing/calming; low irritancy even without direct concern match,0,3,Probiotic/Ferment
Lactic Acid,Sensitive,"['Sensitivity', 'Dryness']",poor fit,2,5,Directly flagged in avoid list for Sensitive skin and high irritancy (5),2,8,AHA
Lactobacillus Ferment,Sensitive,"['Sensitivity', 'Dryness']",good fit,0,3,Description strongly soothing/calming; low irritancy even without direct concern match,0,3,Probiotic/Ferment
Lactobacillus Extract Filtrate,Sensitive,"['Sensitivity', 'Dryness']",good fit,0,3,Description strongly soothing/calming; low irritancy even without direct concern match,0,3,Probiotic/Ferment
Jojoba Oil,Sensitive,"['Sensitivity', 'Dryness']",possible irritation,1,3,Moderate irritancy (2) — possible irritation for Sensitive skin,0,4,Lipid/Oil
Kola Seed Extract,Sensitive,"['Sensitivity', 'Dryness']",good fit,0,2,Gentle ingredient with no concern match; neutral fit,0,0,Plant Extract
Jeju Green Tea Water,Sensitive,"['Sensitivity', 'Dryness']",good fit,0,4,Directly addresses 1 concern(s) and description confirms soothing profile,0,3,Plant Extract
Kojic Acid,Sensitive,"['Sensitivity', 'Dryness']",good fit,0,2,Gentle ingredient with no concern match; neutral fit,0,3,Other
Isoleucine,Sensitive,"['Sensitivity', 'Dryness']",good fit,0,3,Addresses 1 concern(s); low irritancy,0,2,Amino Acid
Jojoba Beads,Sensitive,"['Sensitivity', 'Dryness']",good fit,0,2,Gentle ingredient with no concern match; neutral fit,0,2,Other
Macrocystis Pyrifera (Kelp) Extract,Sensitive,"['Sensitivity', 'Dryness']",good fit,0,4,Directly addresses 1 concern(s) and description confirms soothing profile,0,3,Marine/Algae
Magnesium Sulfate,Sensitive,"['Sensitivity', 'Dryness']",good fit,0,3,Description strongly soothing/calming; low irritancy even without direct concern match,0,1,Mineral
Magnesium Ascorbyl Phosphate,Sensitive,"['Sensitivity', 'Dryness']",poor fit,2,5,Directly flagged in avoid list for Sensitive skin and high irritancy (5),1,3,Vitamin C
Lysine,Sensitive,"['Sensitivity', 'Dryness']",good fit,0,4,Directly addresses 1 concern(s) and description confirms soothing profile,0,6,Amino Acid
Lily Extract,Sensitive,"['Sensitivity', 'Dryness']",good fit,0,3,Description strongly soothing/calming; low irritancy even without direct concern match,0,0,Plant Extract
Luffa Cylindrica Extract,Sensitive,"['Sensitivity', 'Dryness']",good fit,0,2,Gentle ingredient with no concern match; neutral fit,0,0,Plant Extract
Linolenic Acid,Sensitive,"['Sensitivity', 'Dryness']",possible irritation,1,3,Moderate irritancy (2) — possible irritation for Sensitive skin,0,4,Lipid/Oil
Linoleic Acid,Sensitive,"['Sensitivity', 'Dryness']",possible irritation,1,3,Moderate irritancy (3) — possible irritation for Sensitive skin,0,4,Lipid/Oil
Leucine,Sensitive,"['Sensitivity', 'Dryness']",good fit,0,3,Addresses 2 concern(s); low irritancy,0,6,Amino Acid
Licorice Extract,Sensitive,"['Sensitivity', 'Dryness']",good fit,0,3,Description strongly soothing/calming; low irritancy even without direct concern match,0,4,Plant Extract
Natural Moisturising Factors,Sensitive,"['Sensitivity', 'Dryness']",good fit,0,3,Addresses 2 concern(s); low irritancy,0,5,Other
Licochalcone A,Sensitive,"['Sensitivity', 'Dryness']",good fit,0,3,Description strongly soothing/calming; low irritancy even without direct concern match,0,0,Other
Naringenin Chalcone,Sensitive,"['Sensitivity', 'Dryness']",good fit,0,4,Directly addresses 1 concern(s) and description confirms soothing profile,0,2,Other
Myristoyl Nonapeptide,Sensitive,"['Sensitivity', 'Dryness']",good fit,0,2,Gentle ingredient with no concern match; neutral fit,0,3,Peptide
Myristol Pentapeptide,Sensitive,"['Sensitivity', 'Dryness']",good fit,0,2,Gentle ingredient with no concern match; neutral fit,0,3,Peptide
Milk Thistle Extract,Sensitive,"['Sensitivity', 'Dryness']",good fit,0,4,Directly addresses 1 concern(s) and description confirms soothing profile,0,2,Plant Extract
Myristol Hexapeptide,Sensitive,"['Sensitivity', 'Dryness']",good fit,0,2,Gentle ingredient with no concern match; neutral fit,0,3,Peptide
Mushroom Extract,Sensitive,"['Sensitivity', 'Dryness']",good fit,0,3,Description strongly soothing/calming; low irritancy even without direct concern match,0,1,Plant Extract
Moringa Seed Extract,Sensitive,"['Sensitivity', 'Dryness']",good fit,0,4,Directly addresses 2 concern(s) and description confirms soothing profile,0,5,Plant Extract
Marshmallow Root,Sensitive,"['Sensitivity', 'Dryness']",good fit,0,3,Description strongly soothing/calming; low irritancy even without direct concern match,0,1,Other
Mineral UV Filters,Sensitive,"['Sensitivity', 'Dryness']",poor fit,2,4,"High combined irritancy score (4): category=UV Filter, sensitivity=1, desc signals=0",1,1,UV Filter
Meadowfoam Seed Oil,Sensitive,"['Sensitivity', 'Dryness']",possible irritation,1,3,Moderate irritancy (3) — possible irritation for Sensitive skin,0,3,Lipid/Oil
Marine Extract,Sensitive,"['Sensitivity', 'Dryness']",good fit,0,3,Addresses 1 concern(s); low irritancy,0,3,Marine/Algae
Mango Seed Butter,Sensitive,"['Sensitivity', 'Dryness']",possible irritation,1,3,Moderate irritancy (3) — possible irritation for Sensitive skin,0,1,Lipid/Oil
Palmitoyl Oligopeptide,Sensitive,"['Sensitivity', 'Dryness']",good fit,0,2,Gentle ingredient with no concern match; neutral fit,0,3,Peptide
Mandelic Acid,Sensitive,"['Sensitivity', 'Dryness']",poor fit,2,5,Directly flagged in avoid list for Sensitive skin and high irritancy (5),2,8,AHA
Palmitoyl Nonapeptide,Sensitive,"['Sensitivity', 'Dryness']",good fit,0,2,Gentle ingredient with no concern match; neutral fit,0,3,Peptide
Palmitoyl Pentapeptide,Sensitive,"['Sensitivity', 'Dryness']",good fit,0,2,Gentle ingredient with no concern match; neutral fit,0,3,Peptide
Palmitoyl Glycine,Sensitive,"['Sensitivity', 'Dryness']",good fit,0,3,Description strongly soothing/calming; low irritancy even without direct concern match,0,3,Amino Acid
Palmitoyl Heptapeptide,Sensitive,"['Sensitivity', 'Dryness']",good fit,0,2,Gentle ingredient with no concern match; neutral fit,0,3,Peptide
Octocrylene,Sensitive,"['Sensitivity', 'Dryness']",poor fit,2,5,Directly flagged in avoid list for Sensitive skin and high irritancy (3),2,1,Other
Palmitoyl Decapeptide,Sensitive,"['Sensitivity', 'Dryness']",good fit,0,2,Gentle ingredient with no concern match; neutral fit,0,3,Peptide
Oligopeptide,Sensitive,"['Sensitivity', 'Dryness']",good fit,0,2,Gentle ingredient with no concern match; neutral fit,0,3,Peptide
Padina Pavonica Thallus Extract,Sensitive,"['Sensitivity', 'Dryness']",good fit,0,3,Addresses 1 concern(s); low irritancy,0,3,Plant Extract
Oat Extract,Sensitive,"['Sensitivity', 'Dryness']",good fit,0,4,Directly addresses 2 concern(s) and description confirms soothing profile,0,4,Plant Extract
Octisalate,Sensitive,"['Sensitivity', 'Dryness']",poor fit,2,5,Directly flagged in avoid list for Sensitive skin and high irritancy (5),2,1,UV Filter
Octinoxate,Sensitive,"['Sensitivity', 'Dryness']",poor fit,2,5,Directly flagged in avoid list for Sensitive skin and high irritancy (5),2,1,UV Filter
Polyhydroxy Acids,Sensitive,"['Sensitivity', 'Dryness']",good fit,0,4,Directly addresses 1 concern(s) and description confirms soothing profile,0,9,Other
Porphyridium Cruentum Extract,Sensitive,"['Sensitivity', 'Dryness']",good fit,0,4,Directly addresses 1 concern(s) and description confirms soothing profile,0,3,Plant Extract
Polyporus Umbellatus (Mushroom) Extract,Sensitive,"['Sensitivity', 'Dryness']",good fit,0,2,Gentle ingredient with no concern match; neutral fit,0,2,Plant Extract
Phytic Acid,Sensitive,"['Sensitivity', 'Dryness']",good fit,0,2,Gentle ingredient with no concern match; neutral fit,0,3,Other
Plankton Extract,Sensitive,"['Sensitivity', 'Dryness']",good fit,0,4,Directly addresses 1 concern(s) and description confirms soothing profile,0,3,Marine/Algae
Perfluorodecalin,Sensitive,"['Sensitivity', 'Dryness']",good fit,0,2,Gentle ingredient with no concern match; neutral fit,0,4,Other
Phytosphingosine,Sensitive,"['Sensitivity', 'Dryness']",possible irritation,1,3,Moderate irritancy (2) — possible irritation for Sensitive skin,0,4,Ceramide
Phospholipids,Sensitive,"['Sensitivity', 'Dryness']",possible irritation,1,3,Moderate irritancy (3) — possible irritation for Sensitive skin,0,4,Lipid/Oil
Palmitoyl  Tripeptide-1,Sensitive,"['Sensitivity', 'Dryness']",good fit,0,2,Gentle ingredient with no concern match; neutral fit,0,3,Peptide
Pentapeptide,Sensitive,"['Sensitivity', 'Dryness']",possible irritation,1,3,Moderate irritancy (2) — possible irritation for Sensitive skin,0,3,Peptide
Palmitoyl Tetrapeptide,Sensitive,"['Sensitivity', 'Dryness']",good fit,0,2,Gentle ingredient with no concern match; neutral fit,0,3,Peptide
Parachlorella Beijerinckii Exopolysaccharides,Sensitive,"['Sensitivity', 'Dryness']",good fit,0,3,Addresses 1 concern(s); low irritancy,0,3,Other
Retinyl Retinoate,Sensitive,"['Sensitivity', 'Dryness']",poor fit,2,5,Directly flagged in avoid list for Sensitive skin and high irritancy (8),3,9,Retinoid
Palmitoyl Tripeptide,Sensitive,"['Sensitivity', 'Dryness']",good fit,0,2,Gentle ingredient with no concern match; neutral fit,0,3,Peptide
Neurophroline,Sensitive,"['Sensitivity', 'Dryness']",good fit,0,4,Directly addresses 1 concern(s) and description confirms soothing profile,0,5,Other
Retinyl Propionate,Sensitive,"['Sensitivity', 'Dryness']",poor fit,2,5,Directly flagged in avoid list for Sensitive skin and high irritancy (7),3,7,Retinoid
Retinyl Palmitate,Sensitive,"['Sensitivity', 'Dryness']",poor fit,2,5,Directly flagged in avoid list for Sensitive skin and high irritancy (6),2,1,Retinoid
Retinol,Sensitive,"['Sensitivity', 'Dryness']",poor fit,2,5,Directly flagged in avoid list for Sensitive skin and high irritancy (7),3,9,Retinoid
Resveratrol,Sensitive,"['Sensitivity', 'Dryness']",good fit,0,3,Description strongly soothing/calming; low irritancy even without direct concern match,0,3,Other
Red Algae,Sensitive,"['Sensitivity', 'Dryness']",good fit,0,4,Directly addresses 2 concern(s) and description confirms soothing profile,0,3,Marine/Algae
Quercetin,Sensitive,"['Sensitivity', 'Dryness']",good fit,0,4,Directly addresses 2 concern(s) and description confirms soothing profile,0,3,Other
Pseudoalteromonas Exopolysaccharides,Sensitive,"['Sensitivity', 'Dryness']",good fit,0,3,Addresses 1 concern(s); low irritancy,0,3,Other
Proline,Sensitive,"['Sensitivity', 'Dryness']",good fit,0,3,Addresses 1 concern(s); low irritancy,0,5,Amino Acid
Potassium Azeloyl Diglycinate,Sensitive,"['Sensitivity', 'Dryness']",possible irritation,1,3,Moderate irritancy (2) — possible irritation for Sensitive skin,1,7,Other
Probiotics,Sensitive,"['Sensitivity', 'Dryness']",possible irritation,1,3,Description strongly soothing/calming; low irritancy even without direct concern match [label adjusted for expert variance],0,3,Probiotic/Ferment
Prickly Pear Extract,Sensitive,"['Sensitivity', 'Dryness']",good fit,0,3,Description strongly soothing/calming; low irritancy even without direct concern match,0,1,Plant Extract
Snow Mushroom Extract,Sensitive,"['Sensitivity', 'Dryness']",good fit,0,4,Directly addresses 1 concern(s) and description confirms soothing profile,0,4,Plant Extract
Prebiotics,Sensitive,"['Sensitivity', 'Dryness']",good fit,0,3,Description strongly soothing/calming; low irritancy even without direct concern match,0,3,Probiotic/Ferment
Shea Butter,Sensitive,"['Sensitivity', 'Dryness']",poor fit,2,4,"High combined irritancy score (6): category=Lipid/Oil, sensitivity=2, desc signals=2",2,4,Lipid/Oil
Sesame Seed Oil,Sensitive,"['Sensitivity', 'Dryness']",possible irritation,1,3,Moderate irritancy (2) — possible irritation for Sensitive skin,0,1,Lipid/Oil
Silk Protein,Sensitive,"['Sensitivity', 'Dryness']",poor fit,2,3,Moderate irritancy (2) — possible irritation for Sensitive skin [label adjusted for expert variance],1,1,Other
Sh-Oligopeptide,Sensitive,"['Sensitivity', 'Dryness']",good fit,0,2,Gentle ingredient with no concern match; neutral fit,0,3,Peptide
Serine,Sensitive,"['Sensitivity', 'Dryness']",good fit,0,3,Addresses 1 concern(s); low irritancy,0,2,Amino Acid
Sea Buckthorn Water,Sensitive,"['Sensitivity', 'Dryness']",good fit,0,2,Gentle ingredient with no concern match; neutral fit,0,1,Plant Extract
Saskatoon Berry,Sensitive,"['Sensitivity', 'Dryness']",good fit,0,2,Gentle ingredient with no concern match; neutral fit,0,0,Other
Salicylic Acid,Sensitive,"['Sensitivity', 'Dryness']",poor fit,2,5,Directly flagged in avoid list for Sensitive skin and high irritancy (7),4,8,BHA
Rosemary Leaf Extract,Sensitive,"['Sensitivity', 'Dryness']",good fit,0,3,Description strongly soothing/calming; low irritancy even without direct concern match,0,1,Plant Extract
Safflower Seed Oil,Sensitive,"['Sensitivity', 'Dryness']",poor fit,2,4,"High combined irritancy score (4): category=Lipid/Oil, sensitivity=1, desc signals=1",1,3,Lipid/Oil
Saccharomyces Cerevisiae (Yeast) Extract,Sensitive,"['Sensitivity', 'Dryness']",good fit,0,3,Description strongly soothing/calming; low irritancy even without direct concern match,0,3,Probiotic/Ferment
Sacred Lotus Flower Extract,Sensitive,"['Sensitivity', 'Dryness']",good fit,0,2,Gentle ingredient with no concern match; neutral fit,0,4,Plant Extract
Tasmanian Pepperberry Extract,Sensitive,"['Sensitivity', 'Dryness']",good fit,0,3,Description strongly soothing/calming; low irritancy even without direct concern match,0,1,Plant Extract
Tartaric Acid,Sensitive,"['Sensitivity', 'Dryness']",poor fit,2,5,Directly flagged in avoid list for Sensitive skin and high irritancy (4),1,4,AHA
Rhamnose,Sensitive,"['Sensitivity', 'Dryness']",good fit,0,3,Description strongly soothing/calming; low irritancy even without direct concern match,0,3,Other
Sweet Almond Oil,Sensitive,"['Sensitivity', 'Dryness']",possible irritation,1,3,Moderate irritancy (3) — possible irritation for Sensitive skin,1,2,Lipid/Oil
Symsitive,Sensitive,"['Sensitivity', 'Dryness']",good fit,0,3,Description strongly soothing/calming; low irritancy even without direct concern match,0,1,Other
Sugar Cane Extract,Sensitive,"['Sensitivity', 'Dryness']",good fit,0,3,Description strongly soothing/calming; low irritancy even without direct concern match,0,5,Plant Extract
Superoxide Dismutase,Sensitive,"['Sensitivity', 'Dryness']",possible irritation,1,3,Moderate irritancy (2) — possible irritation for Sensitive skin,0,0,Other
Sunflower Oil,Sensitive,"['Sensitivity', 'Dryness']",possible irritation,1,3,Moderate irritancy (3) — possible irritation for Sensitive skin,1,3,Lipid/Oil
Spent Grain Wax,Sensitive,"['Sensitivity', 'Dryness']",poor fit,2,4,"High combined irritancy score (4): category=Lipid/Oil, sensitivity=0, desc signals=2",0,2,Lipid/Oil
Sulfur,Sensitive,"['Sensitivity', 'Dryness']",good fit,0,3,Description strongly soothing/calming; low irritancy even without direct concern match,0,2,Mineral
Squalane,Sensitive,"['Sensitivity', 'Dryness']",possible irritation,1,3,Moderate irritancy (2) — possible irritation for Sensitive skin,0,4,Lipid/Oil
Urea,Sensitive,"['Sensitivity', 'Dryness']",good fit,0,3,Addresses 1 concern(s); low irritancy,0,3,Humectant
Sodium Lactate,Sensitive,"['Sensitivity', 'Dryness']",good fit,0,3,Addresses 1 concern(s); low irritancy,0,2,Humectant
Turmeric Root Extract,Sensitive,"['Sensitivity', 'Dryness']",good fit,0,3,Description strongly soothing/calming; low irritancy even without direct concern match,0,1,Plant Extract
Valine,Sensitive,"['Sensitivity', 'Dryness']",good fit,0,3,Addresses 1 concern(s); low irritancy,0,2,Amino Acid
Trehalose,Sensitive,"['Sensitivity', 'Dryness']",good fit,0,3,Addresses 1 concern(s); low irritancy,0,2,Humectant
Tripleurospermum Maritimum Extract,Sensitive,"['Sensitivity', 'Dryness']",good fit,0,4,Directly addresses 1 concern(s) and description confirms soothing profile,0,3,Plant Extract
Triazine Diethyl Butamidotriazone,Sensitive,"['Sensitivity', 'Dryness']",poor fit,2,5,Directly flagged in avoid list for Sensitive skin and high irritancy (5),2,1,UV Filter
Thiamidol,Sensitive,"['Sensitivity', 'Dryness']",good fit,0,2,Gentle ingredient with no concern match; neutral fit,0,2,Other
Tranexamic Acid,Sensitive,"['Sensitivity', 'Dryness']",possible irritation,1,3,Moderate irritancy (2) — possible irritation for Sensitive skin,0,3,Other
Tomato Stem Cells,Sensitive,"['Sensitivity', 'Dryness']",good fit,0,2,Gentle ingredient with no concern match; neutral fit,0,3,Plant Extract
Teprenone,Sensitive,"['Sensitivity', 'Dryness']",good fit,0,3,Addresses 1 concern(s); low irritancy,0,5,Other
Threonine,Sensitive,"['Sensitivity', 'Dryness']",good fit,0,3,Addresses 1 concern(s); low irritancy,0,2,Amino Acid
Zinc Gluconate,Sensitive,"['Sensitivity', 'Dryness']",good fit,0,2,Gentle ingredient with no concern match; neutral fit,0,4,Mineral
Tetrahexyldecyl Ascorbate,Sensitive,"['Sensitivity', 'Dryness']",poor fit,2,5,Directly flagged in avoid list for Sensitive skin and high irritancy (3),1,5,Vitamin C
Zinc,Sensitive,"['Sensitivity', 'Dryness']",good fit,0,3,Description strongly soothing/calming; low irritancy even without direct concern match,0,4,Mineral
Yerba Mate Extract,Sensitive,"['Sensitivity', 'Dryness']",good fit,0,4,Directly addresses 1 concern(s) and description confirms soothing profile,0,1,Plant Extract
Yeast Amino Acids,Sensitive,"['Sensitivity', 'Dryness']",good fit,0,4,Directly addresses 1 concern(s) and description confirms soothing profile,0,1,Probiotic/Ferment
Willow Herb Extract,Sensitive,"['Sensitivity', 'Dryness']",good fit,0,4,Directly addresses 1 concern(s) and description confirms soothing profile,0,1,Plant Extract
Willow Bark Extract,Sensitive,"['Sensitivity', 'Dryness']",poor fit,2,5,Directly flagged in avoid list for Sensitive skin and high irritancy (3),2,6,Plant Extract
Wild Cherry Extract,Sensitive,"['Sensitivity', 'Dryness']",good fit,0,4,Directly addresses 1 concern(s) and description confirms soothing profile,0,1,Plant Extract
White Tea,Sensitive,"['Sensitivity', 'Dryness']",good fit,0,3,Description strongly soothing/calming; low irritancy even without direct concern match,0,1,Other
Vitamin K1,Sensitive,"['Sensitivity', 'Dryness']",good fit,0,3,Addresses 1 concern(s); low irritancy,0,1,Vitamin
Vitamin E,Sensitive,"['Sensitivity', 'Dryness']",good fit,0,3,Addresses 2 concern(s); low irritancy,0,4,Vitamin
Vitamin C,Sensitive,"['Sensitivity', 'Dryness']",poor fit,2,5,Directly flagged in avoid list for Sensitive skin and high irritancy (5),3,5,Vitamin C
Vitamin B5,Sensitive,"['Sensitivity', 'Dryness']",good fit,0,4,Directly addresses 2 concern(s) and description confirms soothing profile,0,5,Vitamin
Vitamin A,Sensitive,"['Sensitivity', 'Dryness']",poor fit,2,5,Directly flagged in avoid list for Sensitive skin and high irritancy (8),3,9,Retinoid
Vibrio Alginolyticus Ferment Filtrate,Sensitive,"['Sensitivity', 'Dryness']",good fit,0,3,Addresses 1 concern(s); low irritancy,0,3,Probiotic/Ferment
Tea Tree Oil,Sensitive,"['Sensitivity', 'Dryness']",possible irritation,1,3,Moderate irritancy (2) — possible irritation for Sensitive skin,0,2,Lipid/Oil
Zinc Sulfate,Sensitive,"['Sensitivity', 'Dryness']",good fit,0,4,Directly addresses 1 concern(s) and description confirms soothing profile,0,1,Mineral
Zinc PCA,Sensitive,"['Sensitivity', 'Dryness']",good fit,0,2,Gentle ingredient with no concern match; neutral fit,0,5,Mineral
Neoglucosamine,Sensitive,"['Sensitivity', 'Dryness']",possible irritation,1,4,Flagged in avoid list for Sensitive skin; ingredient is relatively mild,1,8,Other
Taurine,Sensitive,"['Sensitivity', 'Dryness']",good fit,0,3,Addresses 1 concern(s); low irritancy,0,3,Amino Acid
Sodium Ascorbyl Phosphate,Sensitive,"['Sensitivity', 'Dryness']",poor fit,2,5,Directly flagged in avoid list for Sensitive skin and high irritancy (3),1,5,Vitamin C
Alpha-Glucan Oligosaccharide,Sensitive,"['Wrinkles', 'Hyperpigmentation']",good fit,0,3,Description strongly soothing/calming; low irritancy even without direct concern match,0,3,Other
Aloe Vera,Sensitive,"['Wrinkles', 'Hyperpigmentation']",good fit,0,3,Description strongly soothing/calming; low irritancy even without direct concern match,0,4,Other
Allantoin,Sensitive,"['Wrinkles', 'Hyperpigmentation']",good fit,0,4,Directly addresses 1 concern(s) and description confirms soothing profile,0,3,Other
Algin,Sensitive,"['Wrinkles', 'Hyperpigmentation']",good fit,0,4,Directly addresses 2 concern(s) and description confirms soothing profile,0,3,Other
Algae Extract,Sensitive,"['Wrinkles', 'Hyperpigmentation']",good fit,0,4,Directly addresses 2 concern(s) and description confirms soothing profile,0,3,Marine/Algae
Algae Exopolysaccharides,Sensitive,"['Wrinkles', 'Hyperpigmentation']",good fit,0,3,Addresses 2 concern(s); low irritancy,0,3,Marine/Algae
Alaria Esculenta Extract,Sensitive,"['Wrinkles', 'Hyperpigmentation']",good fit,0,4,Directly addresses 2 concern(s) and description confirms soothing profile,0,3,Plant Extract
Alanine,Sensitive,"['Wrinkles', 'Hyperpigmentation']",good fit,0,2,Gentle ingredient with no concern match; neutral fit,0,2,Amino Acid
Ahnfeltia Concinna Extract,Sensitive,"['Wrinkles', 'Hyperpigmentation']",good fit,0,4,Directly addresses 2 concern(s) and description confirms soothing profile,0,3,Plant Extract
Adenosine,Sensitive,"['Wrinkles', 'Hyperpigmentation']",good fit,0,4,Directly addresses 3 concern(s) and description confirms soothing profile,0,7,Other
Acetyl Tyrosinamide,Sensitive,"['Wrinkles', 'Hyperpigmentation']",possible irritation,1,3,Addresses 3 concern(s); low irritancy [label adjusted for expert variance],0,3,Other
Acetyl Tetrapeptide,Sensitive,"['Wrinkles', 'Hyperpigmentation']",good fit,0,3,Addresses 3 concern(s); low irritancy,0,3,Peptide
Acetyl Glucosamine,Sensitive,"['Wrinkles', 'Hyperpigmentation']",good fit,0,4,Directly addresses 4 concern(s) and description confirms soothing profile,0,7,Other
Acetylarginyltryptophyl Diphenylglycine,Sensitive,"['Wrinkles', 'Hyperpigmentation']",good fit,0,3,Addresses 3 concern(s); low irritancy [label adjusted for expert variance],0,3,Amino Acid
Acai Extract,Sensitive,"['Wrinkles', 'Hyperpigmentation']",good fit,0,2,Gentle ingredient with no concern match; neutral fit,0,0,Plant Extract
Ascorbic Acid,Sensitive,"['Wrinkles', 'Hyperpigmentation']",poor fit,2,5,Directly flagged in avoid list for Sensitive skin and high irritancy (8),3,5,Vitamin C
Ascophyllum Nodosum Extract,Sensitive,"['Wrinkles', 'Hyperpigmentation']",good fit,0,3,Addresses 2 concern(s); low irritancy,0,3,Plant Extract
Arginine PCA,Sensitive,"['Wrinkles', 'Hyperpigmentation']",good fit,0,2,Gentle ingredient with no concern match; neutral fit,0,2,Amino Acid
Arginine/Lysine Polypeptide,Sensitive,"['Wrinkles', 'Hyperpigmentation']",good fit,0,3,Addresses 3 concern(s); low irritancy [label adjusted for expert variance],0,3,Peptide
Arginine HCL,Sensitive,"['Wrinkles', 'Hyperpigmentation']",good fit,0,2,Gentle ingredient with no concern match; neutral fit,0,2,Amino Acid
Arginine,Sensitive,"['Wrinkles', 'Hyperpigmentation']",good fit,0,3,Addresses 1 concern(s); low irritancy,0,3,Amino Acid
Argan Oil,Sensitive,"['Wrinkles', 'Hyperpigmentation']",possible irritation,1,3,Moderate irritancy (3) — possible irritation for Sensitive skin,1,3,Lipid/Oil
Arbutin,Sensitive,"['Wrinkles', 'Hyperpigmentation']",possible irritation,1,3,Moderate irritancy (2) — possible irritation for Sensitive skin,1,2,Other
Aquagenium,Sensitive,"['Wrinkles', 'Hyperpigmentation']",good fit,0,2,Gentle ingredient with no concern match; neutral fit,0,2,Other
Apple Stem Cells,Sensitive,"['Wrinkles', 'Hyperpigmentation']",good fit,0,3,Addresses 3 concern(s); low irritancy,0,3,Plant Extract
Apple Polyphenols,Sensitive,"['Wrinkles', 'Hyperpigmentation']",good fit,0,3,Description strongly soothing/calming; low irritancy even without direct concern match,0,0,Other
Apple Extract,Sensitive,"['Wrinkles', 'Hyperpigmentation']",good fit,0,2,Gentle ingredient with no concern match; neutral fit,0,0,Plant Extract
Anti-Ageing Peptides,Sensitive,"['Wrinkles', 'Hyperpigmentation']",good fit,0,3,Addresses 3 concern(s); low irritancy,0,3,Peptide
Amino Acids,Sensitive,"['Wrinkles', 'Hyperpigmentation']",possible irritation,1,3,Moderate irritancy (2) — possible irritation for Sensitive skin,0,5,Amino Acid
Alteromonas Ferment Extract,Sensitive,"['Wrinkles', 'Hyperpigmentation']",good fit,0,4,Directly addresses 2 concern(s) and description confirms soothing profile,0,3,Probiotic/Ferment
Bifida Ferment Lysate,Sensitive,"['Wrinkles', 'Hyperpigmentation']",good fit,0,3,Description strongly soothing/calming; low irritancy even without direct concern match,0,3,Probiotic/Ferment
Beta Glucan,Sensitive,"['Wrinkles', 'Hyperpigmentation']",good fit,0,3,Description strongly soothing/calming; low irritancy even without direct concern match,0,5,Other
Bakuchiol,Sensitive,"['Wrinkles', 'Hyperpigmentation']",good fit,0,3,Addresses 3 concern(s); low irritancy,0,3,Other
Azelaoyl Bis-Dipeptide,Sensitive,"['Wrinkles', 'Hyperpigmentation']",possible irritation,1,3,Moderate irritancy (2) — possible irritation for Sensitive skin,1,3,Peptide
Azelaic Acid,Sensitive,"['Wrinkles', 'Hyperpigmentation']",possible irritation,1,3,Moderate irritancy (2) — possible irritation for Sensitive skin,1,8,Other
Avocado Oil,Sensitive,"['Wrinkles', 'Hyperpigmentation']",possible irritation,1,3,Moderate irritancy (3) — possible irritation for Sensitive skin,1,3,Lipid/Oil
Avocado Ferment,Sensitive,"['Wrinkles', 'Hyperpigmentation']",good fit,0,2,Gentle ingredient with no concern match; neutral fit,0,3,Probiotic/Ferment
Avene Thermal Water,Sensitive,"['Wrinkles', 'Hyperpigmentation']",good fit,0,3,Description strongly soothing/calming; low irritancy even without direct concern match,0,5,Plant Extract
Asparagopsis Armata Extract,Sensitive,"['Wrinkles', 'Hyperpigmentation']",good fit,0,4,Directly addresses 2 concern(s) and description confirms soothing profile,0,3,Plant Extract
Ascorbyl Palmitate,Sensitive,"['Wrinkles', 'Hyperpigmentation']",possible irritation,1,3,Moderate irritancy (3) — possible irritation for Sensitive skin,1,1,Vitamin C
Ascorbyl Glucoside,Sensitive,"['Wrinkles', 'Hyperpigmentation']",possible irritation,1,3,Moderate irritancy (3) — possible irritation for Sensitive skin,1,5,Vitamin C
Caffeine,Sensitive,"['Wrinkles', 'Hyperpigmentation']",good fit,0,2,Gentle ingredient with no concern match; neutral fit,0,3,Other
Caffeic Acid,Sensitive,"['Wrinkles', 'Hyperpigmentation']",good fit,0,3,Description strongly soothing/calming; low irritancy even without direct concern match,0,1,Other
Cabbage Leaf Extract,Sensitive,"['Wrinkles', 'Hyperpigmentation']",good fit,0,3,Description strongly soothing/calming; low irritancy even without direct concern match,0,0,Plant Extract
Butyl Methoxydibenzoylmethane,Sensitive,"['Wrinkles', 'Hyperpigmentation']",poor fit,2,5,Directly flagged in avoid list for Sensitive skin and high irritancy (5),2,1,UV Filter
Blue Mallow Extract,Sensitive,"['Wrinkles', 'Hyperpigmentation']",good fit,0,3,Description strongly soothing/calming; low irritancy even without direct concern match,0,0,Plant Extract
Blue Lotus Extract,Sensitive,"['Wrinkles', 'Hyperpigmentation']",good fit,0,3,Description strongly soothing/calming; low irritancy even without direct concern match,0,0,Plant Extract
Blueberry Extract,Sensitive,"['Wrinkles', 'Hyperpigmentation']",good fit,0,3,Description strongly soothing/calming; low irritancy even without direct concern match,0,0,Plant Extract
Bilberry Extract,Sensitive,"['Wrinkles', 'Hyperpigmentation']",good fit,0,3,Description strongly soothing/calming; low irritancy even without direct concern match,0,1,Plant Extract
Bis-Ethylhexyloxyphenol Methoxyphenyl Triazine,Sensitive,"['Wrinkles', 'Hyperpigmentation']",poor fit,2,5,Directly flagged in avoid list for Sensitive skin and high irritancy (6),2,1,UV Filter
Bisabolol,Sensitive,"['Wrinkles', 'Hyperpigmentation']",good fit,0,3,Description strongly soothing/calming; low irritancy even without direct concern match,0,5,Other
Bio-Active Glucosides,Sensitive,"['Wrinkles', 'Hyperpigmentation']",good fit,0,3,Description strongly soothing/calming; low irritancy even without direct concern match,0,1,Other
Chondrus Crispus,Sensitive,"['Wrinkles', 'Hyperpigmentation']",poor fit,2,3,Moderate irritancy (2) — possible irritation for Sensitive skin [label adjusted for expert variance],0,3,Other
Cholesterol,Sensitive,"['Wrinkles', 'Hyperpigmentation']",possible irritation,1,3,Moderate irritancy (2) — possible irritation for Sensitive skin,0,3,Other
Chlorophyll,Sensitive,"['Wrinkles', 'Hyperpigmentation']",possible irritation,1,3,Description strongly soothing/calming; low irritancy even without direct concern match [label adjusted for expert variance],0,0,Other
Chlorella Vulgaris Extract,Sensitive,"['Wrinkles', 'Hyperpigmentation']",possible irritation,1,3,Addresses 2 concern(s); low irritancy [label adjusted for expert variance],0,3,Plant Extract
Chamomile Extract,Sensitive,"['Wrinkles', 'Hyperpigmentation']",good fit,0,3,Description strongly soothing/calming; low irritancy even without direct concern match,0,2,Plant Extract
Chlorella Protothecoides Oil,Sensitive,"['Wrinkles', 'Hyperpigmentation']",possible irritation,1,3,Moderate irritancy (2) — possible irritation for Sensitive skin,0,3,Lipid/Oil
Ceramides,Sensitive,"['Wrinkles', 'Hyperpigmentation']",good fit,0,3,Description strongly soothing/calming; low irritancy even without direct concern match,0,5,Ceramide
Chlorella Protothecoides,Sensitive,"['Wrinkles', 'Hyperpigmentation']",good fit,0,3,Addresses 2 concern(s); low irritancy,0,3,Other
Chemical UV Filters,Sensitive,"['Wrinkles', 'Hyperpigmentation']",poor fit,2,4,"High combined irritancy score (4): category=UV Filter, sensitivity=1, desc signals=0",1,1,UV Filter
Caprooyl Sphingosine,Sensitive,"['Wrinkles', 'Hyperpigmentation']",possible irritation,1,3,Moderate irritancy (2) — possible irritation for Sensitive skin,0,4,Ceramide
Centella Asiatica,Sensitive,"['Wrinkles', 'Hyperpigmentation']",good fit,0,4,Directly addresses 2 concern(s) and description confirms soothing profile,0,5,Other
Carnosine,Sensitive,"['Wrinkles', 'Hyperpigmentation']",good fit,0,2,Gentle ingredient with no concern match; neutral fit,0,1,Other
Caprooyl Phytosphingosine,Sensitive,"['Wrinkles', 'Hyperpigmentation']",possible irritation,1,3,Moderate irritancy (2) — possible irritation for Sensitive skin,0,4,Ceramide
Ectoin,Sensitive,"['Wrinkles', 'Hyperpigmentation']",good fit,0,3,Description strongly soothing/calming; low irritancy even without direct concern match,0,2,Other
Dunaliella Salina (Green Algae) Extract,Sensitive,"['Wrinkles', 'Hyperpigmentation']",good fit,0,4,Directly addresses 2 concern(s) and description confirms soothing profile,0,3,Marine/Algae
Dioic Acid,Sensitive,"['Wrinkles', 'Hyperpigmentation']",good fit,0,4,Directly addresses 2 concern(s) and description confirms soothing profile,0,3,Other
Cucumber Extract,Sensitive,"['Wrinkles', 'Hyperpigmentation']",good fit,0,3,Description strongly soothing/calming; low irritancy even without direct concern match,0,0,Plant Extract
Dipeptide Diaminobutyroyl Benzylamide Diacetate,Sensitive,"['Wrinkles', 'Hyperpigmentation']",good fit,0,3,Addresses 3 concern(s); low irritancy,0,3,Peptide
Dipeptide,Sensitive,"['Wrinkles', 'Hyperpigmentation']",good fit,0,3,Addresses 3 concern(s); low irritancy,0,3,Peptide
Copper Peptide,Sensitive,"['Wrinkles', 'Hyperpigmentation']",good fit,0,3,Addresses 3 concern(s); low irritancy,0,3,Peptide
Copper Palmitoyl Heptapeptide,Sensitive,"['Wrinkles', 'Hyperpigmentation']",good fit,0,3,Addresses 3 concern(s); low irritancy,0,3,Peptide
Copper Heptapeptide-14 Pantothenate,Sensitive,"['Wrinkles', 'Hyperpigmentation']",good fit,0,3,Addresses 3 concern(s); low irritancy,0,3,Peptide
Coffee Seed Extract,Sensitive,"['Wrinkles', 'Hyperpigmentation']",good fit,0,3,Description strongly soothing/calming; low irritancy even without direct concern match,0,1,Plant Extract
Citric Acid,Sensitive,"['Wrinkles', 'Hyperpigmentation']",poor fit,2,4,"High combined irritancy score (4): category=AHA, sensitivity=0, desc signals=1",0,4,AHA
Cinnamon Bark,Sensitive,"['Wrinkles', 'Hyperpigmentation']",good fit,0,2,Gentle ingredient with no concern match; neutral fit,0,1,Other
Fomes Ofﬁcinalis (Mushroom) Extract,Sensitive,"['Wrinkles', 'Hyperpigmentation']",good fit,0,2,Gentle ingredient with no concern match; neutral fit,0,3,Plant Extract
Ginkgo Biloba,Sensitive,"['Wrinkles', 'Hyperpigmentation']",good fit,0,3,Description strongly soothing/calming; low irritancy even without direct concern match,0,1,Other
Fructooligosaccharides,Sensitive,"['Wrinkles', 'Hyperpigmentation']",good fit,0,3,Description strongly soothing/calming; low irritancy even without direct concern match,0,3,Other
Feverfew Extract,Sensitive,"['Wrinkles', 'Hyperpigmentation']",good fit,0,3,Description strongly soothing/calming; low irritancy even without direct concern match,0,1,Plant Extract
Ferulic Acid,Sensitive,"['Wrinkles', 'Hyperpigmentation']",good fit,0,2,Gentle ingredient with no concern match; neutral fit,0,0,Vitamin
Ethylhexyl Triazone,Sensitive,"['Wrinkles', 'Hyperpigmentation']",poor fit,2,5,Directly flagged in avoid list for Sensitive skin and high irritancy (5),2,1,UV Filter
Ferric Hexapeptide,Sensitive,"['Wrinkles', 'Hyperpigmentation']",good fit,0,3,Addresses 3 concern(s); low irritancy,0,3,Peptide
Fernblock,Sensitive,"['Wrinkles', 'Hyperpigmentation']",possible irritation,1,3,Moderate irritancy (2) — possible irritation for Sensitive skin,0,0,Other
Evening Primrose Oil,Sensitive,"['Wrinkles', 'Hyperpigmentation']",possible irritation,1,3,Moderate irritancy (2) — possible irritation for Sensitive skin,0,2,Lipid/Oil
Essential Lipids,Sensitive,"['Wrinkles', 'Hyperpigmentation']",poor fit,2,3,Moderate irritancy (2) — possible irritation for Sensitive skin [label adjusted for expert variance],0,5,Other
Endothelyol,Sensitive,"['Wrinkles', 'Hyperpigmentation']",good fit,0,3,Description strongly soothing/calming; low irritancy even without direct concern match,0,1,Other
Ethylhexyl Salicylate,Sensitive,"['Wrinkles', 'Hyperpigmentation']",poor fit,2,5,Directly flagged in avoid list for Sensitive skin and high irritancy (3),2,1,Other
Ethyl Ascorbic Acid,Sensitive,"['Wrinkles', 'Hyperpigmentation']",possible irritation,1,3,Moderate irritancy (3) — possible irritation for Sensitive skin,1,4,Vitamin C
Green Tea,Sensitive,"['Wrinkles', 'Hyperpigmentation']",good fit,0,3,Description strongly soothing/calming; low irritancy even without direct concern match,0,2,Other
Glycosphingolipids,Sensitive,"['Wrinkles', 'Hyperpigmentation']",possible irritation,1,3,Moderate irritancy (2) — possible irritation for Sensitive skin,0,4,Ceramide
Glycoproteins,Sensitive,"['Wrinkles', 'Hyperpigmentation']",possible irritation,1,3,Moderate irritancy (2) — possible irritation for Sensitive skin,0,4,Other
Glycolipids,Sensitive,"['Wrinkles', 'Hyperpigmentation']",possible irritation,1,3,Moderate irritancy (2) — possible irritation for Sensitive skin,0,2,Other
Golden-Eye Grass Complex,Sensitive,"['Wrinkles', 'Hyperpigmentation']",good fit,0,2,Gentle ingredient with no concern match; neutral fit,0,1,Other
Glycolic Acid,Sensitive,"['Wrinkles', 'Hyperpigmentation']",poor fit,2,5,Directly flagged in avoid list for Sensitive skin and high irritancy (7),2,8,AHA
Glycine,Sensitive,"['Wrinkles', 'Hyperpigmentation']",good fit,0,3,Addresses 3 concern(s); low irritancy [label adjusted for expert variance],0,5,Amino Acid
Glyceryl Glucoside,Sensitive,"['Wrinkles', 'Hyperpigmentation']",good fit,0,2,Gentle ingredient with no concern match; neutral fit,0,4,Other
Gluconolactone,Sensitive,"['Wrinkles', 'Hyperpigmentation']",good fit,0,4,Directly addresses 3 concern(s) and description confirms soothing profile,0,9,Other
EGCG,Sensitive,"['Wrinkles', 'Hyperpigmentation']",good fit,0,3,Description strongly soothing/calming; low irritancy even without direct concern match,0,1,Other
Indian Gooseberry,Sensitive,"['Wrinkles', 'Hyperpigmentation']",possible irritation,1,3,Moderate irritancy (2) — possible irritation for Sensitive skin,0,1,Other
Hydroxypinacolone Retinoate,Sensitive,"['Wrinkles', 'Hyperpigmentation']",poor fit,2,5,Directly flagged in avoid list for Sensitive skin and high irritancy (7),3,9,Retinoid
Hydrolyzed Pumpkin Seedcake,Sensitive,"['Wrinkles', 'Hyperpigmentation']",possible irritation,1,3,Moderate irritancy (2) — possible irritation for Sensitive skin,0,6,Other
Hydrolyzed F-Fucoidan,Sensitive,"['Wrinkles', 'Hyperpigmentation']",good fit,0,3,Addresses 2 concern(s); low irritancy,0,3,Marine/Algae
Homosalate,Sensitive,"['Wrinkles', 'Hyperpigmentation']",poor fit,2,5,Directly flagged in avoid list for Sensitive skin and high irritancy (5),2,1,UV Filter
Humectants,Sensitive,"['Wrinkles', 'Hyperpigmentation']",good fit,0,3,Addresses 1 concern(s); low irritancy,0,5,Humectant
Hibiscus Fruit Extract,Sensitive,"['Wrinkles', 'Hyperpigmentation']",good fit,0,2,Gentle ingredient with no concern match; neutral fit,0,0,Plant Extract
Horse Chestnut,Sensitive,"['Wrinkles', 'Hyperpigmentation']",good fit,0,3,Description strongly soothing/calming; low irritancy even without direct concern match,0,1,Other
Heptapeptide-15 Palmitate,Sensitive,"['Wrinkles', 'Hyperpigmentation']",good fit,0,3,Addresses 3 concern(s); low irritancy,0,3,Peptide
Guarana Extract,Sensitive,"['Wrinkles', 'Hyperpigmentation']",good fit,0,2,Gentle ingredient with no concern match; neutral fit,0,0,Plant Extract
Histidine,Sensitive,"['Wrinkles', 'Hyperpigmentation']",good fit,0,2,Gentle ingredient with no concern match; neutral fit,0,4,Amino Acid
Lecithin,Sensitive,"['Wrinkles', 'Hyperpigmentation']",possible irritation,1,3,Moderate irritancy (3) — possible irritation for Sensitive skin,0,4,Lipid/Oil
L-Carnitine,Sensitive,"['Wrinkles', 'Hyperpigmentation']",good fit,0,3,Description strongly soothing/calming; low irritancy even without direct concern match,0,3,Other
Lactobionic Acid,Sensitive,"['Wrinkles', 'Hyperpigmentation']",good fit,0,4,Directly addresses 3 concern(s) and description confirms soothing profile,0,9,Other
L-Ascorbic Acid,Sensitive,"['Wrinkles', 'Hyperpigmentation']",poor fit,2,5,Directly flagged in avoid list for Sensitive skin and high irritancy (8),3,5,Vitamin C
Laminaria Ochroleuca (Kelp) Extract,Sensitive,"['Wrinkles', 'Hyperpigmentation']",good fit,0,4,Directly addresses 2 concern(s) and description confirms soothing profile,0,3,Marine/Algae
Lactococcus Ferment Lysate,Sensitive,"['Wrinkles', 'Hyperpigmentation']",good fit,0,3,Description strongly soothing/calming; low irritancy even without direct concern match,0,3,Probiotic/Ferment
Lactic Acid,Sensitive,"['Wrinkles', 'Hyperpigmentation']",poor fit,2,5,Directly flagged in avoid list for Sensitive skin and high irritancy (5),2,8,AHA
Lactobacillus Ferment,Sensitive,"['Wrinkles', 'Hyperpigmentation']",good fit,0,3,Description strongly soothing/calming; low irritancy even without direct concern match,0,3,Probiotic/Ferment
Lactobacillus Extract Filtrate,Sensitive,"['Wrinkles', 'Hyperpigmentation']",good fit,0,3,Description strongly soothing/calming; low irritancy even without direct concern match,0,3,Probiotic/Ferment
Jojoba Oil,Sensitive,"['Wrinkles', 'Hyperpigmentation']",possible irritation,1,3,Moderate irritancy (2) — possible irritation for Sensitive skin,0,4,Lipid/Oil
Kola Seed Extract,Sensitive,"['Wrinkles', 'Hyperpigmentation']",good fit,0,2,Gentle ingredient with no concern match; neutral fit,0,0,Plant Extract
Jeju Green Tea Water,Sensitive,"['Wrinkles', 'Hyperpigmentation']",good fit,0,3,Description strongly soothing/calming; low irritancy even without direct concern match,0,3,Plant Extract
Kojic Acid,Sensitive,"['Wrinkles', 'Hyperpigmentation']",good fit,0,3,Addresses 2 concern(s); low irritancy,0,3,Other
Isoleucine,Sensitive,"['Wrinkles', 'Hyperpigmentation']",good fit,0,2,Gentle ingredient with no concern match; neutral fit,0,2,Amino Acid
Jojoba Beads,Sensitive,"['Wrinkles', 'Hyperpigmentation']",good fit,0,2,Gentle ingredient with no concern match; neutral fit,0,2,Other
Macrocystis Pyrifera (Kelp) Extract,Sensitive,"['Wrinkles', 'Hyperpigmentation']",good fit,0,4,Directly addresses 2 concern(s) and description confirms soothing profile,0,3,Marine/Algae
Magnesium Sulfate,Sensitive,"['Wrinkles', 'Hyperpigmentation']",good fit,0,3,Description strongly soothing/calming; low irritancy even without direct concern match,0,1,Mineral
Magnesium Ascorbyl Phosphate,Sensitive,"['Wrinkles', 'Hyperpigmentation']",poor fit,2,4,"High combined irritancy score (5): category=Vitamin C, sensitivity=1, desc signals=2",1,3,Vitamin C
Lysine,Sensitive,"['Wrinkles', 'Hyperpigmentation']",good fit,0,4,Directly addresses 3 concern(s) and description confirms soothing profile,0,6,Amino Acid
Lily Extract,Sensitive,"['Wrinkles', 'Hyperpigmentation']",good fit,0,3,Description strongly soothing/calming; low irritancy even without direct concern match,0,0,Plant Extract
Luffa Cylindrica Extract,Sensitive,"['Wrinkles', 'Hyperpigmentation']",good fit,0,2,Gentle ingredient with no concern match; neutral fit,0,0,Plant Extract
Linolenic Acid,Sensitive,"['Wrinkles', 'Hyperpigmentation']",possible irritation,1,3,Moderate irritancy (2) — possible irritation for Sensitive skin,0,4,Lipid/Oil
Linoleic Acid,Sensitive,"['Wrinkles', 'Hyperpigmentation']",possible irritation,1,3,Moderate irritancy (3) — possible irritation for Sensitive skin,0,4,Lipid/Oil
Leucine,Sensitive,"['Wrinkles', 'Hyperpigmentation']",good fit,0,3,Addresses 3 concern(s); low irritancy,0,6,Amino Acid
Licorice Extract,Sensitive,"['Wrinkles', 'Hyperpigmentation']",good fit,0,4,Directly addresses 2 concern(s) and description confirms soothing profile,0,4,Plant Extract
Natural Moisturising Factors,Sensitive,"['Wrinkles', 'Hyperpigmentation']",good fit,0,2,Gentle ingredient with no concern match; neutral fit,0,5,Other
Licochalcone A,Sensitive,"['Wrinkles', 'Hyperpigmentation']",good fit,0,3,Description strongly soothing/calming; low irritancy even without direct concern match,0,0,Other
Naringenin Chalcone,Sensitive,"['Wrinkles', 'Hyperpigmentation']",good fit,0,3,Description strongly soothing/calming; low irritancy even without direct concern match,0,2,Other
Myristoyl Nonapeptide,Sensitive,"['Wrinkles', 'Hyperpigmentation']",good fit,0,3,Addresses 3 concern(s); low irritancy,0,3,Peptide
Myristol Pentapeptide,Sensitive,"['Wrinkles', 'Hyperpigmentation']",good fit,0,3,Addresses 3 concern(s); low irritancy,0,3,Peptide
Milk Thistle Extract,Sensitive,"['Wrinkles', 'Hyperpigmentation']",good fit,0,3,Description strongly soothing/calming; low irritancy even without direct concern match,0,2,Plant Extract
Myristol Hexapeptide,Sensitive,"['Wrinkles', 'Hyperpigmentation']",good fit,0,4,Directly addresses 3 concern(s) and description confirms soothing profile,0,3,Peptide
Mushroom Extract,Sensitive,"['Wrinkles', 'Hyperpigmentation']",good fit,0,4,Directly addresses 1 concern(s) and description confirms soothing profile,0,1,Plant Extract
Moringa Seed Extract,Sensitive,"['Wrinkles', 'Hyperpigmentation']",good fit,0,2,Gentle ingredient with no concern match; neutral fit,0,5,Plant Extract
Marshmallow Root,Sensitive,"['Wrinkles', 'Hyperpigmentation']",good fit,0,3,Description strongly soothing/calming; low irritancy even without direct concern match,0,1,Other
Mineral UV Filters,Sensitive,"['Wrinkles', 'Hyperpigmentation']",poor fit,2,4,"High combined irritancy score (4): category=UV Filter, sensitivity=1, desc signals=0",1,1,UV Filter
Meadowfoam Seed Oil,Sensitive,"['Wrinkles', 'Hyperpigmentation']",possible irritation,1,3,Moderate irritancy (3) — possible irritation for Sensitive skin,0,3,Lipid/Oil
Marine Extract,Sensitive,"['Wrinkles', 'Hyperpigmentation']",good fit,0,3,Addresses 2 concern(s); low irritancy [label adjusted for expert variance],0,3,Marine/Algae
Mango Seed Butter,Sensitive,"['Wrinkles', 'Hyperpigmentation']",possible irritation,1,3,Moderate irritancy (3) — possible irritation for Sensitive skin,0,1,Lipid/Oil
Palmitoyl Oligopeptide,Sensitive,"['Wrinkles', 'Hyperpigmentation']",good fit,0,3,Addresses 3 concern(s); low irritancy,0,3,Peptide
Mandelic Acid,Sensitive,"['Wrinkles', 'Hyperpigmentation']",poor fit,2,5,Directly flagged in avoid list for Sensitive skin and high irritancy (5),2,8,AHA
Palmitoyl Nonapeptide,Sensitive,"['Wrinkles', 'Hyperpigmentation']",good fit,0,3,Addresses 3 concern(s); low irritancy,0,3,Peptide
Palmitoyl Pentapeptide,Sensitive,"['Wrinkles', 'Hyperpigmentation']",good fit,0,3,Addresses 3 concern(s); low irritancy,0,3,Peptide
Palmitoyl Glycine,Sensitive,"['Wrinkles', 'Hyperpigmentation']",good fit,0,4,Directly addresses 3 concern(s) and description confirms soothing profile,0,3,Amino Acid
Palmitoyl Heptapeptide,Sensitive,"['Wrinkles', 'Hyperpigmentation']",good fit,0,3,Addresses 3 concern(s); low irritancy,0,3,Peptide
Octocrylene,Sensitive,"['Wrinkles', 'Hyperpigmentation']",poor fit,2,5,Directly flagged in avoid list for Sensitive skin and high irritancy (3),2,1,Other
Palmitoyl Decapeptide,Sensitive,"['Wrinkles', 'Hyperpigmentation']",good fit,0,3,Addresses 3 concern(s); low irritancy,0,3,Peptide
Oligopeptide,Sensitive,"['Wrinkles', 'Hyperpigmentation']",good fit,0,3,Addresses 3 concern(s); low irritancy,0,3,Peptide
Padina Pavonica Thallus Extract,Sensitive,"['Wrinkles', 'Hyperpigmentation']",good fit,0,3,Addresses 2 concern(s); low irritancy,0,3,Plant Extract
Oat Extract,Sensitive,"['Wrinkles', 'Hyperpigmentation']",good fit,0,3,Description strongly soothing/calming; low irritancy even without direct concern match,0,4,Plant Extract
Octisalate,Sensitive,"['Wrinkles', 'Hyperpigmentation']",poor fit,2,5,Directly flagged in avoid list for Sensitive skin and high irritancy (5),2,1,UV Filter
Octinoxate,Sensitive,"['Wrinkles', 'Hyperpigmentation']",poor fit,2,5,Directly flagged in avoid list for Sensitive skin and high irritancy (5),2,1,UV Filter
Polyhydroxy Acids,Sensitive,"['Wrinkles', 'Hyperpigmentation']",good fit,0,4,Directly addresses 3 concern(s) and description confirms soothing profile,0,9,Other
Porphyridium Cruentum Extract,Sensitive,"['Wrinkles', 'Hyperpigmentation']",good fit,0,4,Directly addresses 2 concern(s) and description confirms soothing profile,0,3,Plant Extract
Polyporus Umbellatus (Mushroom) Extract,Sensitive,"['Wrinkles', 'Hyperpigmentation']",good fit,0,3,Addresses 1 concern(s); low irritancy,0,2,Plant Extract
Phytic Acid,Sensitive,"['Wrinkles', 'Hyperpigmentation']",good fit,0,2,Gentle ingredient with no concern match; neutral fit,0,3,Other
Plankton Extract,Sensitive,"['Wrinkles', 'Hyperpigmentation']",good fit,0,4,Directly addresses 2 concern(s) and description confirms soothing profile,0,3,Marine/Algae
Perfluorodecalin,Sensitive,"['Wrinkles', 'Hyperpigmentation']",good fit,0,2,Gentle ingredient with no concern match; neutral fit,0,4,Other
Phytosphingosine,Sensitive,"['Wrinkles', 'Hyperpigmentation']",poor fit,2,3,Moderate irritancy (2) — possible irritation for Sensitive skin [label adjusted for expert variance],0,4,Ceramide
Phospholipids,Sensitive,"['Wrinkles', 'Hyperpigmentation']",possible irritation,1,3,Moderate irritancy (3) — possible irritation for Sensitive skin,0,4,Lipid/Oil
Palmitoyl  Tripeptide-1,Sensitive,"['Wrinkles', 'Hyperpigmentation']",possible irritation,1,3,Addresses 3 concern(s); low irritancy [label adjusted for expert variance],0,3,Peptide
Pentapeptide,Sensitive,"['Wrinkles', 'Hyperpigmentation']",good fit,0,3,Moderate irritancy (2) — possible irritation for Sensitive skin [label adjusted for expert variance],0,3,Peptide
Palmitoyl Tetrapeptide,Sensitive,"['Wrinkles', 'Hyperpigmentation']",good fit,0,4,Directly addresses 3 concern(s) and description confirms soothing profile,0,3,Peptide
Parachlorella Beijerinckii Exopolysaccharides,Sensitive,"['Wrinkles', 'Hyperpigmentation']",good fit,0,3,Addresses 2 concern(s); low irritancy,0,3,Other
Retinyl Retinoate,Sensitive,"['Wrinkles', 'Hyperpigmentation']",poor fit,2,5,Directly flagged in avoid list for Sensitive skin and high irritancy (8),3,9,Retinoid
Palmitoyl Tripeptide,Sensitive,"['Wrinkles', 'Hyperpigmentation']",good fit,0,3,Addresses 3 concern(s); low irritancy,0,3,Peptide
Neurophroline,Sensitive,"['Wrinkles', 'Hyperpigmentation']",good fit,0,3,Description strongly soothing/calming; low irritancy even without direct concern match,0,5,Other
Retinyl Propionate,Sensitive,"['Wrinkles', 'Hyperpigmentation']",poor fit,2,5,Directly flagged in avoid list for Sensitive skin and high irritancy (7),3,7,Retinoid
Retinyl Palmitate,Sensitive,"['Wrinkles', 'Hyperpigmentation']",poor fit,2,4,"High combined irritancy score (6): category=Retinoid, sensitivity=2, desc signals=0",2,1,Retinoid
Retinol,Sensitive,"['Wrinkles', 'Hyperpigmentation']",poor fit,2,5,Directly flagged in avoid list for Sensitive skin and high irritancy (7),3,9,Retinoid
Resveratrol,Sensitive,"['Wrinkles', 'Hyperpigmentation']",good fit,0,4,Directly addresses 3 concern(s) and description confirms soothing profile,0,3,Other
Red Algae,Sensitive,"['Wrinkles', 'Hyperpigmentation']",good fit,0,3,Description strongly soothing/calming; low irritancy even without direct concern match,0,3,Marine/Algae
Quercetin,Sensitive,"['Wrinkles', 'Hyperpigmentation']",good fit,0,3,Description strongly soothing/calming; low irritancy even without direct concern match,0,3,Other
Pseudoalteromonas Exopolysaccharides,Sensitive,"['Wrinkles', 'Hyperpigmentation']",good fit,0,3,Addresses 2 concern(s); low irritancy,0,3,Other
Proline,Sensitive,"['Wrinkles', 'Hyperpigmentation']",good fit,0,3,Addresses 3 concern(s); low irritancy,0,5,Amino Acid
Potassium Azeloyl Diglycinate,Sensitive,"['Wrinkles', 'Hyperpigmentation']",possible irritation,1,3,Moderate irritancy (2) — possible irritation for Sensitive skin,1,7,Other
Probiotics,Sensitive,"['Wrinkles', 'Hyperpigmentation']",good fit,0,3,Description strongly soothing/calming; low irritancy even without direct concern match,0,3,Probiotic/Ferment
Prickly Pear Extract,Sensitive,"['Wrinkles', 'Hyperpigmentation']",good fit,0,3,Description strongly soothing/calming; low irritancy even without direct concern match,0,1,Plant Extract
Snow Mushroom Extract,Sensitive,"['Wrinkles', 'Hyperpigmentation']",good fit,0,4,Directly addresses 1 concern(s) and description confirms soothing profile,0,4,Plant Extract
Prebiotics,Sensitive,"['Wrinkles', 'Hyperpigmentation']",good fit,0,3,Description strongly soothing/calming; low irritancy even without direct concern match,0,3,Probiotic/Ferment
Shea Butter,Sensitive,"['Wrinkles', 'Hyperpigmentation']",poor fit,2,4,"High combined irritancy score (6): category=Lipid/Oil, sensitivity=2, desc signals=2",2,4,Lipid/Oil
Sesame Seed Oil,Sensitive,"['Wrinkles', 'Hyperpigmentation']",possible irritation,1,3,Moderate irritancy (2) — possible irritation for Sensitive skin,0,1,Lipid/Oil
Silk Protein,Sensitive,"['Wrinkles', 'Hyperpigmentation']",possible irritation,1,3,Moderate irritancy (2) — possible irritation for Sensitive skin,1,1,Other
Sh-Oligopeptide,Sensitive,"['Wrinkles', 'Hyperpigmentation']",good fit,0,4,Directly addresses 3 concern(s) and description confirms soothing profile,0,3,Peptide
Serine,Sensitive,"['Wrinkles', 'Hyperpigmentation']",good fit,0,2,Gentle ingredient with no concern match; neutral fit,0,2,Amino Acid
Sea Buckthorn Water,Sensitive,"['Wrinkles', 'Hyperpigmentation']",good fit,0,2,Gentle ingredient with no concern match; neutral fit,0,1,Plant Extract
Saskatoon Berry,Sensitive,"['Wrinkles', 'Hyperpigmentation']",good fit,0,2,Gentle ingredient with no concern match; neutral fit,0,0,Other
Salicylic Acid,Sensitive,"['Wrinkles', 'Hyperpigmentation']",poor fit,2,5,Directly flagged in avoid list for Sensitive skin and high irritancy (7),4,8,BHA
Rosemary Leaf Extract,Sensitive,"['Wrinkles', 'Hyperpigmentation']",good fit,0,3,Description strongly soothing/calming; low irritancy even without direct concern match [label adjusted for expert variance],0,1,Plant Extract
Safflower Seed Oil,Sensitive,"['Wrinkles', 'Hyperpigmentation']",poor fit,2,4,"High combined irritancy score (4): category=Lipid/Oil, sensitivity=1, desc signals=1",1,3,Lipid/Oil
Saccharomyces Cerevisiae (Yeast) Extract,Sensitive,"['Wrinkles', 'Hyperpigmentation']",good fit,0,3,Description strongly soothing/calming; low irritancy even without direct concern match,0,3,Probiotic/Ferment
Sacred Lotus Flower Extract,Sensitive,"['Wrinkles', 'Hyperpigmentation']",good fit,0,3,Addresses 4 concern(s); low irritancy,0,4,Plant Extract
Tasmanian Pepperberry Extract,Sensitive,"['Wrinkles', 'Hyperpigmentation']",good fit,0,3,Description strongly soothing/calming; low irritancy even without direct concern match,0,1,Plant Extract
Tartaric Acid,Sensitive,"['Wrinkles', 'Hyperpigmentation']",poor fit,2,4,"High combined irritancy score (4): category=AHA, sensitivity=1, desc signals=0",1,4,AHA
Rhamnose,Sensitive,"['Wrinkles', 'Hyperpigmentation']",good fit,0,3,Description strongly soothing/calming; low irritancy even without direct concern match,0,3,Other
Sweet Almond Oil,Sensitive,"['Wrinkles', 'Hyperpigmentation']",possible irritation,1,3,Moderate irritancy (3) — possible irritation for Sensitive skin,1,2,Lipid/Oil
Symsitive,Sensitive,"['Wrinkles', 'Hyperpigmentation']",good fit,0,3,Description strongly soothing/calming; low irritancy even without direct concern match,0,1,Other
Sugar Cane Extract,Sensitive,"['Wrinkles', 'Hyperpigmentation']",good fit,0,3,Description strongly soothing/calming; low irritancy even without direct concern match [label adjusted for expert variance],0,5,Plant Extract
Superoxide Dismutase,Sensitive,"['Wrinkles', 'Hyperpigmentation']",possible irritation,1,3,Moderate irritancy (2) — possible irritation for Sensitive skin,0,0,Other
Sunflower Oil,Sensitive,"['Wrinkles', 'Hyperpigmentation']",possible irritation,1,3,Moderate irritancy (3) — possible irritation for Sensitive skin,1,3,Lipid/Oil
Spent Grain Wax,Sensitive,"['Wrinkles', 'Hyperpigmentation']",poor fit,2,4,"High combined irritancy score (4): category=Lipid/Oil, sensitivity=0, desc signals=2",0,2,Lipid/Oil
Sulfur,Sensitive,"['Wrinkles', 'Hyperpigmentation']",good fit,0,3,Description strongly soothing/calming; low irritancy even without direct concern match,0,2,Mineral
Squalane,Sensitive,"['Wrinkles', 'Hyperpigmentation']",poor fit,2,3,Moderate irritancy (2) — possible irritation for Sensitive skin [label adjusted for expert variance],0,4,Lipid/Oil
Urea,Sensitive,"['Wrinkles', 'Hyperpigmentation']",good fit,0,2,Gentle ingredient with no concern match; neutral fit,0,3,Humectant
Sodium Lactate,Sensitive,"['Wrinkles', 'Hyperpigmentation']",good fit,0,2,Gentle ingredient with no concern match; neutral fit,0,2,Humectant
Turmeric Root Extract,Sensitive,"['Wrinkles', 'Hyperpigmentation']",good fit,0,3,Description strongly soothing/calming; low irritancy even without direct concern match,0,1,Plant Extract
Valine,Sensitive,"['Wrinkles', 'Hyperpigmentation']",good fit,0,2,Gentle ingredient with no concern match; neutral fit,0,2,Amino Acid
Trehalose,Sensitive,"['Wrinkles', 'Hyperpigmentation']",good fit,0,2,Gentle ingredient with no concern match; neutral fit,0,2,Humectant
Tripleurospermum Maritimum Extract,Sensitive,"['Wrinkles', 'Hyperpigmentation']",good fit,0,4,Directly addresses 2 concern(s) and description confirms soothing profile,0,3,Plant Extract
Triazine Diethyl Butamidotriazone,Sensitive,"['Wrinkles', 'Hyperpigmentation']",poor fit,2,5,Directly flagged in avoid list for Sensitive skin and high irritancy (5),2,1,UV Filter
Thiamidol,Sensitive,"['Wrinkles', 'Hyperpigmentation']",good fit,0,3,Addresses 2 concern(s); low irritancy,0,2,Other
Tranexamic Acid,Sensitive,"['Wrinkles', 'Hyperpigmentation']",possible irritation,1,3,Moderate irritancy (2) — possible irritation for Sensitive skin,0,3,Other
Tomato Stem Cells,Sensitive,"['Wrinkles', 'Hyperpigmentation']",good fit,0,3,Addresses 3 concern(s); low irritancy,0,3,Plant Extract
Teprenone,Sensitive,"['Wrinkles', 'Hyperpigmentation']",good fit,0,3,Addresses 1 concern(s); low irritancy,0,5,Other
Threonine,Sensitive,"['Wrinkles', 'Hyperpigmentation']",good fit,0,2,Gentle ingredient with no concern match; neutral fit,0,2,Amino Acid
Zinc Gluconate,Sensitive,"['Wrinkles', 'Hyperpigmentation']",good fit,0,2,Gentle ingredient with no concern match; neutral fit,0,4,Mineral
Tetrahexyldecyl Ascorbate,Sensitive,"['Wrinkles', 'Hyperpigmentation']",possible irritation,1,3,Moderate irritancy (3) — possible irritation for Sensitive skin,1,5,Vitamin C
Zinc,Sensitive,"['Wrinkles', 'Hyperpigmentation']",good fit,0,3,Description strongly soothing/calming; low irritancy even without direct concern match,0,4,Mineral
Yerba Mate Extract,Sensitive,"['Wrinkles', 'Hyperpigmentation']",good fit,0,3,Description strongly soothing/calming; low irritancy even without direct concern match,0,1,Plant Extract
Yeast Amino Acids,Sensitive,"['Wrinkles', 'Hyperpigmentation']",good fit,0,2,Gentle ingredient with no concern match; neutral fit [label adjusted for expert variance],0,1,Probiotic/Ferment
Willow Herb Extract,Sensitive,"['Wrinkles', 'Hyperpigmentation']",good fit,0,3,Description strongly soothing/calming; low irritancy even without direct concern match,0,1,Plant Extract
Willow Bark Extract,Sensitive,"['Wrinkles', 'Hyperpigmentation']",possible irritation,1,3,Moderate irritancy (3) — possible irritation for Sensitive skin,2,6,Plant Extract
Wild Cherry Extract,Sensitive,"['Wrinkles', 'Hyperpigmentation']",good fit,0,3,Description strongly soothing/calming; low irritancy even without direct concern match,0,1,Plant Extract
White Tea,Sensitive,"['Wrinkles', 'Hyperpigmentation']",good fit,0,3,Description strongly soothing/calming; low irritancy even without direct concern match,0,1,Other
Vitamin K1,Sensitive,"['Wrinkles', 'Hyperpigmentation']",good fit,0,3,Addresses 1 concern(s); low irritancy,0,1,Vitamin
Vitamin E,Sensitive,"['Wrinkles', 'Hyperpigmentation']",good fit,0,2,Gentle ingredient with no concern match; neutral fit,0,4,Vitamin
Vitamin C,Sensitive,"['Wrinkles', 'Hyperpigmentation']",poor fit,2,5,Directly flagged in avoid list for Sensitive skin and high irritancy (5),3,5,Vitamin C
Vitamin B5,Sensitive,"['Wrinkles', 'Hyperpigmentation']",good fit,0,3,Description strongly soothing/calming; low irritancy even without direct concern match,0,5,Vitamin
Vitamin A,Sensitive,"['Wrinkles', 'Hyperpigmentation']",poor fit,2,5,Directly flagged in avoid list for Sensitive skin and high irritancy (8),3,9,Retinoid
Vibrio Alginolyticus Ferment Filtrate,Sensitive,"['Wrinkles', 'Hyperpigmentation']",good fit,0,3,Addresses 2 concern(s); low irritancy,0,3,Probiotic/Ferment
Tea Tree Oil,Sensitive,"['Wrinkles', 'Hyperpigmentation']",possible irritation,1,3,Moderate irritancy (2) — possible irritation for Sensitive skin,0,2,Lipid/Oil
Zinc Sulfate,Sensitive,"['Wrinkles', 'Hyperpigmentation']",good fit,0,4,Directly addresses 1 concern(s) and description confirms soothing profile,0,1,Mineral
Zinc PCA,Sensitive,"['Wrinkles', 'Hyperpigmentation']",good fit,0,4,Directly addresses 1 concern(s) and description confirms soothing profile,0,5,Mineral
Neoglucosamine,Sensitive,"['Wrinkles', 'Hyperpigmentation']",possible irritation,1,3,Moderate irritancy (2) — possible irritation for Sensitive skin,1,8,Other
Taurine,Sensitive,"['Wrinkles', 'Hyperpigmentation']",good fit,0,2,Gentle ingredient with no concern match; neutral fit,0,3,Amino Acid
Sodium Ascorbyl Phosphate,Sensitive,"['Wrinkles', 'Hyperpigmentation']",possible irritation,1,3,Moderate irritancy (3) — possible irritation for Sensitive skin,1,5,Vitamin C
Alpha-Glucan Oligosaccharide,Sensitive,"['Acne', 'Enlarged Pores', 'Redness']",good fit,0,4,Directly addresses 2 concern(s) and description confirms soothing profile,0,3,Other
Aloe Vera,Sensitive,"['Acne', 'Enlarged Pores', 'Redness']",good fit,0,3,Description strongly soothing/calming; low irritancy even without direct concern match,0,4,Other
Allantoin,Sensitive,"['Acne', 'Enlarged Pores', 'Redness']",good fit,0,4,Directly addresses 1 concern(s) and description confirms soothing profile,0,3,Other
Algin,Sensitive,"['Acne', 'Enlarged Pores', 'Redness']",good fit,0,2,Gentle ingredient with no concern match; neutral fit,0,3,Other
Algae Extract,Sensitive,"['Acne', 'Enlarged Pores', 'Redness']",good fit,0,2,Gentle ingredient with no concern match; neutral fit,0,3,Marine/Algae
Algae Exopolysaccharides,Sensitive,"['Acne', 'Enlarged Pores', 'Redness']",good fit,0,2,Gentle ingredient with no concern match; neutral fit [label adjusted for expert variance],0,3,Marine/Algae
Alaria Esculenta Extract,Sensitive,"['Acne', 'Enlarged Pores', 'Redness']",good fit,0,2,Gentle ingredient with no concern match; neutral fit,0,3,Plant Extract
Alanine,Sensitive,"['Acne', 'Enlarged Pores', 'Redness']",good fit,0,2,Gentle ingredient with no concern match; neutral fit,0,2,Amino Acid
Ahnfeltia Concinna Extract,Sensitive,"['Acne', 'Enlarged Pores', 'Redness']",good fit,0,2,Gentle ingredient with no concern match; neutral fit,0,3,Plant Extract
Adenosine,Sensitive,"['Acne', 'Enlarged Pores', 'Redness']",good fit,0,4,Directly addresses 2 concern(s) and description confirms soothing profile,0,7,Other
Acetyl Tyrosinamide,Sensitive,"['Acne', 'Enlarged Pores', 'Redness']",good fit,0,2,Gentle ingredient with no concern match; neutral fit,0,3,Other
Acetyl Tetrapeptide,Sensitive,"['Acne', 'Enlarged Pores', 'Redness']",good fit,0,2,Gentle ingredient with no concern match; neutral fit,0,3,Peptide
Acetyl Glucosamine,Sensitive,"['Acne', 'Enlarged Pores', 'Redness']",good fit,0,4,Directly addresses 1 concern(s) and description confirms soothing profile,0,7,Other
Acetylarginyltryptophyl Diphenylglycine,Sensitive,"['Acne', 'Enlarged Pores', 'Redness']",good fit,0,2,Gentle ingredient with no concern match; neutral fit,0,3,Amino Acid
Acai Extract,Sensitive,"['Acne', 'Enlarged Pores', 'Redness']",good fit,0,2,Gentle ingredient with no concern match; neutral fit,0,0,Plant Extract
Ascorbic Acid,Sensitive,"['Acne', 'Enlarged Pores', 'Redness']",poor fit,2,5,Directly flagged in avoid list for Sensitive skin and high irritancy (8),3,5,Vitamin C
Ascophyllum Nodosum Extract,Sensitive,"['Acne', 'Enlarged Pores', 'Redness']",good fit,0,2,Gentle ingredient with no concern match; neutral fit [label adjusted for expert variance],0,3,Plant Extract
Arginine PCA,Sensitive,"['Acne', 'Enlarged Pores', 'Redness']",good fit,0,2,Gentle ingredient with no concern match; neutral fit,0,2,Amino Acid
Arginine/Lysine Polypeptide,Sensitive,"['Acne', 'Enlarged Pores', 'Redness']",good fit,0,2,Gentle ingredient with no concern match; neutral fit,0,3,Peptide
Arginine HCL,Sensitive,"['Acne', 'Enlarged Pores', 'Redness']",good fit,0,2,Gentle ingredient with no concern match; neutral fit,0,2,Amino Acid
Arginine,Sensitive,"['Acne', 'Enlarged Pores', 'Redness']",good fit,0,2,Gentle ingredient with no concern match; neutral fit,0,3,Amino Acid
Argan Oil,Sensitive,"['Acne', 'Enlarged Pores', 'Redness']",possible irritation,1,3,Moderate irritancy (3) — possible irritation for Sensitive skin,1,3,Lipid/Oil
Arbutin,Sensitive,"['Acne', 'Enlarged Pores', 'Redness']",possible irritation,1,3,Moderate irritancy (2) — possible irritation for Sensitive skin,1,2,Other
Aquagenium,Sensitive,"['Acne', 'Enlarged Pores', 'Redness']",good fit,0,2,Gentle ingredient with no concern match; neutral fit,0,2,Other
Apple Stem Cells,Sensitive,"['Acne', 'Enlarged Pores', 'Redness']",good fit,0,2,Gentle ingredient with no concern match; neutral fit,0,3,Plant Extract
Apple Polyphenols,Sensitive,"['Acne', 'Enlarged Pores', 'Redness']",good fit,0,3,Description strongly soothing/calming; low irritancy even without direct concern match,0,0,Other
Apple Extract,Sensitive,"['Acne', 'Enlarged Pores', 'Redness']",good fit,0,2,Gentle ingredient with no concern match; neutral fit,0,0,Plant Extract
Anti-Ageing Peptides,Sensitive,"['Acne', 'Enlarged Pores', 'Redness']",good fit,0,2,Gentle ingredient with no concern match; neutral fit,0,3,Peptide
Amino Acids,Sensitive,"['Acne', 'Enlarged Pores', 'Redness']",possible irritation,1,3,Moderate irritancy (2) — possible irritation for Sensitive skin,0,5,Amino Acid
Alteromonas Ferment Extract,Sensitive,"['Acne', 'Enlarged Pores', 'Redness']",good fit,0,3,Description strongly soothing/calming; low irritancy even without direct concern match,0,3,Probiotic/Ferment
Bifida Ferment Lysate,Sensitive,"['Acne', 'Enlarged Pores', 'Redness']",good fit,0,4,Directly addresses 2 concern(s) and description confirms soothing profile,0,3,Probiotic/Ferment
Beta Glucan,Sensitive,"['Acne', 'Enlarged Pores', 'Redness']",good fit,0,4,Directly addresses 1 concern(s) and description confirms soothing profile,0,5,Other
Bakuchiol,Sensitive,"['Acne', 'Enlarged Pores', 'Redness']",good fit,0,2,Gentle ingredient with no concern match; neutral fit,0,3,Other
Azelaoyl Bis-Dipeptide,Sensitive,"['Acne', 'Enlarged Pores', 'Redness']",possible irritation,1,3,Moderate irritancy (2) — possible irritation for Sensitive skin,1,3,Peptide
Azelaic Acid,Sensitive,"['Acne', 'Enlarged Pores', 'Redness']",possible irritation,1,3,Moderate irritancy (2) — possible irritation for Sensitive skin,1,8,Other
Avocado Oil,Sensitive,"['Acne', 'Enlarged Pores', 'Redness']",possible irritation,1,3,Moderate irritancy (3) — possible irritation for Sensitive skin,1,3,Lipid/Oil
Avocado Ferment,Sensitive,"['Acne', 'Enlarged Pores', 'Redness']",good fit,0,2,Gentle ingredient with no concern match; neutral fit,0,3,Probiotic/Ferment
Avene Thermal Water,Sensitive,"['Acne', 'Enlarged Pores', 'Redness']",good fit,0,4,Directly addresses 1 concern(s) and description confirms soothing profile,0,5,Plant Extract
Asparagopsis Armata Extract,Sensitive,"['Acne', 'Enlarged Pores', 'Redness']",good fit,0,2,Gentle ingredient with no concern match; neutral fit,0,3,Plant Extract
Ascorbyl Palmitate,Sensitive,"['Acne', 'Enlarged Pores', 'Redness']",possible irritation,1,3,Moderate irritancy (3) — possible irritation for Sensitive skin,1,1,Vitamin C
Ascorbyl Glucoside,Sensitive,"['Acne', 'Enlarged Pores', 'Redness']",possible irritation,1,3,Moderate irritancy (3) — possible irritation for Sensitive skin,1,5,Vitamin C
Caffeine,Sensitive,"['Acne', 'Enlarged Pores', 'Redness']",good fit,0,3,Addresses 1 concern(s); low irritancy,0,3,Other
Caffeic Acid,Sensitive,"['Acne', 'Enlarged Pores', 'Redness']",good fit,0,4,Directly addresses 1 concern(s) and description confirms soothing profile,0,1,Other
Cabbage Leaf Extract,Sensitive,"['Acne', 'Enlarged Pores', 'Redness']",good fit,0,3,Description strongly soothing/calming; low irritancy even without direct concern match,0,0,Plant Extract
Butyl Methoxydibenzoylmethane,Sensitive,"['Acne', 'Enlarged Pores', 'Redness']",poor fit,2,5,Directly flagged in avoid list for Sensitive skin and high irritancy (5),2,1,UV Filter
Blue Mallow Extract,Sensitive,"['Acne', 'Enlarged Pores', 'Redness']",good fit,0,3,Description strongly soothing/calming; low irritancy even without direct concern match,0,0,Plant Extract
Blue Lotus Extract,Sensitive,"['Acne', 'Enlarged Pores', 'Redness']",good fit,0,3,Description strongly soothing/calming; low irritancy even without direct concern match,0,0,Plant Extract
Blueberry Extract,Sensitive,"['Acne', 'Enlarged Pores', 'Redness']",good fit,0,3,Description strongly soothing/calming; low irritancy even without direct concern match,0,0,Plant Extract
Bilberry Extract,Sensitive,"['Acne', 'Enlarged Pores', 'Redness']",good fit,0,4,Directly addresses 1 concern(s) and description confirms soothing profile,0,1,Plant Extract
Bis-Ethylhexyloxyphenol Methoxyphenyl Triazine,Sensitive,"['Acne', 'Enlarged Pores', 'Redness']",poor fit,2,5,Directly flagged in avoid list for Sensitive skin and high irritancy (6),2,1,UV Filter
Bisabolol,Sensitive,"['Acne', 'Enlarged Pores', 'Redness']",good fit,0,4,Directly addresses 1 concern(s) and description confirms soothing profile,0,5,Other
Bio-Active Glucosides,Sensitive,"['Acne', 'Enlarged Pores', 'Redness']",good fit,0,4,Directly addresses 1 concern(s) and description confirms soothing profile,0,1,Other
Chondrus Crispus,Sensitive,"['Acne', 'Enlarged Pores', 'Redness']",possible irritation,1,3,Moderate irritancy (2) — possible irritation for Sensitive skin,0,3,Other
Cholesterol,Sensitive,"['Acne', 'Enlarged Pores', 'Redness']",possible irritation,1,3,Moderate irritancy (2) — possible irritation for Sensitive skin,0,3,Other
Chlorophyll,Sensitive,"['Acne', 'Enlarged Pores', 'Redness']",good fit,0,3,Description strongly soothing/calming; low irritancy even without direct concern match,0,0,Other
Chlorella Vulgaris Extract,Sensitive,"['Acne', 'Enlarged Pores', 'Redness']",good fit,0,2,Gentle ingredient with no concern match; neutral fit,0,3,Plant Extract
Chamomile Extract,Sensitive,"['Acne', 'Enlarged Pores', 'Redness']",good fit,0,4,Directly addresses 1 concern(s) and description confirms soothing profile,0,2,Plant Extract
Chlorella Protothecoides Oil,Sensitive,"['Acne', 'Enlarged Pores', 'Redness']",possible irritation,1,3,Moderate irritancy (2) — possible irritation for Sensitive skin,0,3,Lipid/Oil
Ceramides,Sensitive,"['Acne', 'Enlarged Pores', 'Redness']",good fit,0,4,Directly addresses 1 concern(s) and description confirms soothing profile,0,5,Ceramide
Chlorella Protothecoides,Sensitive,"['Acne', 'Enlarged Pores', 'Redness']",good fit,0,2,Gentle ingredient with no concern match; neutral fit,0,3,Other
Chemical UV Filters,Sensitive,"['Acne', 'Enlarged Pores', 'Redness']",poor fit,2,4,"High combined irritancy score (4): category=UV Filter, sensitivity=1, desc signals=0",1,1,UV Filter
Caprooyl Sphingosine,Sensitive,"['Acne', 'Enlarged Pores', 'Redness']",possible irritation,1,3,Moderate irritancy (2) — possible irritation for Sensitive skin,0,4,Ceramide
Centella Asiatica,Sensitive,"['Acne', 'Enlarged Pores', 'Redness']",good fit,0,4,Directly addresses 2 concern(s) and description confirms soothing profile,0,5,Other
Carnosine,Sensitive,"['Acne', 'Enlarged Pores', 'Redness']",good fit,0,4,Directly addresses 1 concern(s) and description confirms soothing profile,0,1,Other
Caprooyl Phytosphingosine,Sensitive,"['Acne', 'Enlarged Pores', 'Redness']",possible irritation,1,3,Moderate irritancy (2) — possible irritation for Sensitive skin,0,4,Ceramide
Ectoin,Sensitive,"['Acne', 'Enlarged Pores', 'Redness']",good fit,0,3,Description strongly soothing/calming; low irritancy even without direct concern match,0,2,Other
Dunaliella Salina (Green Algae) Extract,Sensitive,"['Acne', 'Enlarged Pores', 'Redness']",good fit,0,2,Gentle ingredient with no concern match; neutral fit,0,3,Marine/Algae
Dioic Acid,Sensitive,"['Acne', 'Enlarged Pores', 'Redness']",good fit,0,4,Directly addresses 1 concern(s) and description confirms soothing profile,0,3,Other
Cucumber Extract,Sensitive,"['Acne', 'Enlarged Pores', 'Redness']",good fit,0,3,Description strongly soothing/calming; low irritancy even without direct concern match,0,0,Plant Extract
Dipeptide Diaminobutyroyl Benzylamide Diacetate,Sensitive,"['Acne', 'Enlarged Pores', 'Redness']",good fit,0,2,Gentle ingredient with no concern match; neutral fit,0,3,Peptide
Dipeptide,Sensitive,"['Acne', 'Enlarged Pores', 'Redness']",good fit,0,2,Gentle ingredient with no concern match; neutral fit,0,3,Peptide
Copper Peptide,Sensitive,"['Acne', 'Enlarged Pores', 'Redness']",good fit,0,2,Gentle ingredient with no concern match; neutral fit,0,3,Peptide
Copper Palmitoyl Heptapeptide,Sensitive,"['Acne', 'Enlarged Pores', 'Redness']",good fit,0,2,Gentle ingredient with no concern match; neutral fit,0,3,Peptide
Copper Heptapeptide-14 Pantothenate,Sensitive,"['Acne', 'Enlarged Pores', 'Redness']",good fit,0,2,Gentle ingredient with no concern match; neutral fit,0,3,Peptide
Coffee Seed Extract,Sensitive,"['Acne', 'Enlarged Pores', 'Redness']",good fit,0,4,Directly addresses 1 concern(s) and description confirms soothing profile,0,1,Plant Extract
Citric Acid,Sensitive,"['Acne', 'Enlarged Pores', 'Redness']",poor fit,2,4,"High combined irritancy score (4): category=AHA, sensitivity=0, desc signals=1",0,4,AHA
Cinnamon Bark,Sensitive,"['Acne', 'Enlarged Pores', 'Redness']",good fit,0,4,Directly addresses 1 concern(s) and description confirms soothing profile,0,1,Other
Fomes Ofﬁcinalis (Mushroom) Extract,Sensitive,"['Acne', 'Enlarged Pores', 'Redness']",good fit,0,3,Addresses 1 concern(s); low irritancy,0,3,Plant Extract
Ginkgo Biloba,Sensitive,"['Acne', 'Enlarged Pores', 'Redness']",good fit,0,4,Directly addresses 1 concern(s) and description confirms soothing profile,0,1,Other
Fructooligosaccharides,Sensitive,"['Acne', 'Enlarged Pores', 'Redness']",good fit,0,4,Directly addresses 2 concern(s) and description confirms soothing profile,0,3,Other
Feverfew Extract,Sensitive,"['Acne', 'Enlarged Pores', 'Redness']",good fit,0,4,Directly addresses 1 concern(s) and description confirms soothing profile,0,1,Plant Extract
Ferulic Acid,Sensitive,"['Acne', 'Enlarged Pores', 'Redness']",good fit,0,2,Gentle ingredient with no concern match; neutral fit,0,0,Vitamin
Ethylhexyl Triazone,Sensitive,"['Acne', 'Enlarged Pores', 'Redness']",poor fit,2,5,Directly flagged in avoid list for Sensitive skin and high irritancy (5),2,1,UV Filter
Ferric Hexapeptide,Sensitive,"['Acne', 'Enlarged Pores', 'Redness']",good fit,0,2,Gentle ingredient with no concern match; neutral fit,0,3,Peptide
Fernblock,Sensitive,"['Acne', 'Enlarged Pores', 'Redness']",possible irritation,1,3,Moderate irritancy (2) — possible irritation for Sensitive skin,0,0,Other
Evening Primrose Oil,Sensitive,"['Acne', 'Enlarged Pores', 'Redness']",possible irritation,1,3,Moderate irritancy (2) — possible irritation for Sensitive skin,0,2,Lipid/Oil
Essential Lipids,Sensitive,"['Acne', 'Enlarged Pores', 'Redness']",possible irritation,1,3,Moderate irritancy (2) — possible irritation for Sensitive skin,0,5,Other
Endothelyol,Sensitive,"['Acne', 'Enlarged Pores', 'Redness']",good fit,0,4,Directly addresses 1 concern(s) and description confirms soothing profile,0,1,Other
Ethylhexyl Salicylate,Sensitive,"['Acne', 'Enlarged Pores', 'Redness']",poor fit,2,5,Directly flagged in avoid list for Sensitive skin and high irritancy (3),2,1,Other
Ethyl Ascorbic Acid,Sensitive,"['Acne', 'Enlarged Pores', 'Redness']",possible irritation,1,3,Moderate irritancy (3) — possible irritation for Sensitive skin,1,4,Vitamin C
Green Tea,Sensitive,"['Acne', 'Enlarged Pores', 'Redness']",good fit,0,4,Directly addresses 1 concern(s) and description confirms soothing profile,0,2,Other
Glycosphingolipids,Sensitive,"['Acne', 'Enlarged Pores', 'Redness']",possible irritation,1,3,Moderate irritancy (2) — possible irritation for Sensitive skin,0,4,Ceramide
Glycoproteins,Sensitive,"['Acne', 'Enlarged Pores', 'Redness']",possible irritation,1,3,Moderate irritancy (2) — possible irritation for Sensitive skin,0,4,Other
Glycolipids,Sensitive,"['Acne', 'Enlarged Pores', 'Redness']",possible irritation,1,3,Moderate irritancy (2) — possible irritation for Sensitive skin,0,2,Other
Golden-Eye Grass Complex,Sensitive,"['Acne', 'Enlarged Pores', 'Redness']",good fit,0,4,Directly addresses 1 concern(s) and description confirms soothing profile,0,1,Other
Glycolic Acid,Sensitive,"['Acne', 'Enlarged Pores', 'Redness']",poor fit,2,5,Directly flagged in avoid list for Sensitive skin and high irritancy (7),2,8,AHA
Glycine,Sensitive,"['Acne', 'Enlarged Pores', 'Redness']",good fit,0,2,Gentle ingredient with no concern match; neutral fit,0,5,Amino Acid
Glyceryl Glucoside,Sensitive,"['Acne', 'Enlarged Pores', 'Redness']",good fit,0,2,Gentle ingredient with no concern match; neutral fit,0,4,Other
Gluconolactone,Sensitive,"['Acne', 'Enlarged Pores', 'Redness']",good fit,0,4,Directly addresses 2 concern(s) and description confirms soothing profile,0,9,Other
EGCG,Sensitive,"['Acne', 'Enlarged Pores', 'Redness']",good fit,0,3,Description strongly soothing/calming; low irritancy even without direct concern match,0,1,Other
Indian Gooseberry,Sensitive,"['Acne', 'Enlarged Pores', 'Redness']",possible irritation,1,3,Moderate irritancy (2) — possible irritation for Sensitive skin,0,1,Other
Hydroxypinacolone Retinoate,Sensitive,"['Acne', 'Enlarged Pores', 'Redness']",poor fit,2,5,Directly flagged in avoid list for Sensitive skin and high irritancy (7),3,9,Retinoid
Hydrolyzed Pumpkin Seedcake,Sensitive,"['Acne', 'Enlarged Pores', 'Redness']",possible irritation,1,3,Moderate irritancy (2) — possible irritation for Sensitive skin,0,6,Other
Hydrolyzed F-Fucoidan,Sensitive,"['Acne', 'Enlarged Pores', 'Redness']",good fit,0,2,Gentle ingredient with no concern match; neutral fit,0,3,Marine/Algae
Homosalate,Sensitive,"['Acne', 'Enlarged Pores', 'Redness']",poor fit,2,5,Directly flagged in avoid list for Sensitive skin and high irritancy (5),2,1,UV Filter
Humectants,Sensitive,"['Acne', 'Enlarged Pores', 'Redness']",good fit,0,2,Gentle ingredient with no concern match; neutral fit,0,5,Humectant
Hibiscus Fruit Extract,Sensitive,"['Acne', 'Enlarged Pores', 'Redness']",good fit,0,2,Gentle ingredient with no concern match; neutral fit,0,0,Plant Extract
Horse Chestnut,Sensitive,"['Acne', 'Enlarged Pores', 'Redness']",good fit,0,4,Directly addresses 1 concern(s) and description confirms soothing profile,0,1,Other
Heptapeptide-15 Palmitate,Sensitive,"['Acne', 'Enlarged Pores', 'Redness']",good fit,0,2,Gentle ingredient with no concern match; neutral fit,0,3,Peptide
Guarana Extract,Sensitive,"['Acne', 'Enlarged Pores', 'Redness']",good fit,0,2,Gentle ingredient with no concern match; neutral fit,0,0,Plant Extract
Histidine,Sensitive,"['Acne', 'Enlarged Pores', 'Redness']",good fit,0,3,Addresses 1 concern(s); low irritancy,0,4,Amino Acid
Lecithin,Sensitive,"['Acne', 'Enlarged Pores', 'Redness']",possible irritation,1,3,Moderate irritancy (3) — possible irritation for Sensitive skin,0,4,Lipid/Oil
L-Carnitine,Sensitive,"['Acne', 'Enlarged Pores', 'Redness']",good fit,0,4,Directly addresses 2 concern(s) and description confirms soothing profile,0,3,Other
Lactobionic Acid,Sensitive,"['Acne', 'Enlarged Pores', 'Redness']",good fit,0,4,Directly addresses 2 concern(s) and description confirms soothing profile,0,9,Other
L-Ascorbic Acid,Sensitive,"['Acne', 'Enlarged Pores', 'Redness']",poor fit,2,5,Directly flagged in avoid list for Sensitive skin and high irritancy (8),3,5,Vitamin C
Laminaria Ochroleuca (Kelp) Extract,Sensitive,"['Acne', 'Enlarged Pores', 'Redness']",good fit,0,3,Description strongly soothing/calming; low irritancy even without direct concern match,0,3,Marine/Algae
Lactococcus Ferment Lysate,Sensitive,"['Acne', 'Enlarged Pores', 'Redness']",good fit,0,4,Directly addresses 2 concern(s) and description confirms soothing profile,0,3,Probiotic/Ferment
Lactic Acid,Sensitive,"['Acne', 'Enlarged Pores', 'Redness']",poor fit,2,5,Directly flagged in avoid list for Sensitive skin and high irritancy (5),2,8,AHA
Lactobacillus Ferment,Sensitive,"['Acne', 'Enlarged Pores', 'Redness']",good fit,0,4,Directly addresses 2 concern(s) and description confirms soothing profile,0,3,Probiotic/Ferment
Lactobacillus Extract Filtrate,Sensitive,"['Acne', 'Enlarged Pores', 'Redness']",good fit,0,4,Directly addresses 2 concern(s) and description confirms soothing profile,0,3,Probiotic/Ferment
Jojoba Oil,Sensitive,"['Acne', 'Enlarged Pores', 'Redness']",possible irritation,1,3,Moderate irritancy (2) — possible irritation for Sensitive skin,0,4,Lipid/Oil
Kola Seed Extract,Sensitive,"['Acne', 'Enlarged Pores', 'Redness']",good fit,0,2,Gentle ingredient with no concern match; neutral fit,0,0,Plant Extract
Jeju Green Tea Water,Sensitive,"['Acne', 'Enlarged Pores', 'Redness']",good fit,0,4,Directly addresses 1 concern(s) and description confirms soothing profile,0,3,Plant Extract
Kojic Acid,Sensitive,"['Acne', 'Enlarged Pores', 'Redness']",good fit,0,2,Gentle ingredient with no concern match; neutral fit,0,3,Other
Isoleucine,Sensitive,"['Acne', 'Enlarged Pores', 'Redness']",good fit,0,2,Gentle ingredient with no concern match; neutral fit,0,2,Amino Acid
Jojoba Beads,Sensitive,"['Acne', 'Enlarged Pores', 'Redness']",good fit,0,2,Gentle ingredient with no concern match; neutral fit,0,2,Other
Macrocystis Pyrifera (Kelp) Extract,Sensitive,"['Acne', 'Enlarged Pores', 'Redness']",good fit,0,2,Gentle ingredient with no concern match; neutral fit,0,3,Marine/Algae
Magnesium Sulfate,Sensitive,"['Acne', 'Enlarged Pores', 'Redness']",good fit,0,4,Directly addresses 1 concern(s) and description confirms soothing profile,0,1,Mineral
Magnesium Ascorbyl Phosphate,Sensitive,"['Acne', 'Enlarged Pores', 'Redness']",poor fit,2,4,"High combined irritancy score (5): category=Vitamin C, sensitivity=1, desc signals=2",1,3,Vitamin C
Lysine,Sensitive,"['Acne', 'Enlarged Pores', 'Redness']",good fit,0,4,Directly addresses 1 concern(s) and description confirms soothing profile,0,6,Amino Acid
Lily Extract,Sensitive,"['Acne', 'Enlarged Pores', 'Redness']",good fit,0,3,Description strongly soothing/calming; low irritancy even without direct concern match,0,0,Plant Extract
Luffa Cylindrica Extract,Sensitive,"['Acne', 'Enlarged Pores', 'Redness']",good fit,0,2,Gentle ingredient with no concern match; neutral fit,0,0,Plant Extract
Linolenic Acid,Sensitive,"['Acne', 'Enlarged Pores', 'Redness']",possible irritation,1,3,Moderate irritancy (2) — possible irritation for Sensitive skin,0,4,Lipid/Oil
Linoleic Acid,Sensitive,"['Acne', 'Enlarged Pores', 'Redness']",possible irritation,1,3,Moderate irritancy (3) — possible irritation for Sensitive skin,0,4,Lipid/Oil
Leucine,Sensitive,"['Acne', 'Enlarged Pores', 'Redness']",good fit,0,2,Gentle ingredient with no concern match; neutral fit,0,6,Amino Acid
Licorice Extract,Sensitive,"['Acne', 'Enlarged Pores', 'Redness']",good fit,0,4,Directly addresses 1 concern(s) and description confirms soothing profile,0,4,Plant Extract
Natural Moisturising Factors,Sensitive,"['Acne', 'Enlarged Pores', 'Redness']",good fit,0,3,Addresses 1 concern(s); low irritancy,0,5,Other
Licochalcone A,Sensitive,"['Acne', 'Enlarged Pores', 'Redness']",good fit,0,3,Description strongly soothing/calming; low irritancy even without direct concern match,0,0,Other
Naringenin Chalcone,Sensitive,"['Acne', 'Enlarged Pores', 'Redness']",good fit,0,4,Directly addresses 1 concern(s) and description confirms soothing profile,0,2,Other
Myristoyl Nonapeptide,Sensitive,"['Acne', 'Enlarged Pores', 'Redness']",good fit,0,2,Gentle ingredient with no concern match; neutral fit,0,3,Peptide
Myristol Pentapeptide,Sensitive,"['Acne', 'Enlarged Pores', 'Redness']",good fit,0,2,Gentle ingredient with no concern match; neutral fit,0,3,Peptide
Milk Thistle Extract,Sensitive,"['Acne', 'Enlarged Pores', 'Redness']",good fit,0,4,Directly addresses 1 concern(s) and description confirms soothing profile,0,2,Plant Extract
Myristol Hexapeptide,Sensitive,"['Acne', 'Enlarged Pores', 'Redness']",good fit,0,2,Gentle ingredient with no concern match; neutral fit,0,3,Peptide
Mushroom Extract,Sensitive,"['Acne', 'Enlarged Pores', 'Redness']",good fit,0,3,Description strongly soothing/calming; low irritancy even without direct concern match,0,1,Plant Extract
Moringa Seed Extract,Sensitive,"['Acne', 'Enlarged Pores', 'Redness']",good fit,0,4,Directly addresses 1 concern(s) and description confirms soothing profile,0,5,Plant Extract
Marshmallow Root,Sensitive,"['Acne', 'Enlarged Pores', 'Redness']",good fit,0,4,Directly addresses 1 concern(s) and description confirms soothing profile,0,1,Other
Mineral UV Filters,Sensitive,"['Acne', 'Enlarged Pores', 'Redness']",poor fit,2,4,"High combined irritancy score (4): category=UV Filter, sensitivity=1, desc signals=0",1,1,UV Filter
Meadowfoam Seed Oil,Sensitive,"['Acne', 'Enlarged Pores', 'Redness']",possible irritation,1,3,Moderate irritancy (3) — possible irritation for Sensitive skin,0,3,Lipid/Oil
Marine Extract,Sensitive,"['Acne', 'Enlarged Pores', 'Redness']",good fit,0,2,Gentle ingredient with no concern match; neutral fit,0,3,Marine/Algae
Mango Seed Butter,Sensitive,"['Acne', 'Enlarged Pores', 'Redness']",possible irritation,1,3,Moderate irritancy (3) — possible irritation for Sensitive skin,0,1,Lipid/Oil
Palmitoyl Oligopeptide,Sensitive,"['Acne', 'Enlarged Pores', 'Redness']",good fit,0,2,Gentle ingredient with no concern match; neutral fit,0,3,Peptide
Mandelic Acid,Sensitive,"['Acne', 'Enlarged Pores', 'Redness']",poor fit,2,5,Directly flagged in avoid list for Sensitive skin and high irritancy (5),2,8,AHA
Palmitoyl Nonapeptide,Sensitive,"['Acne', 'Enlarged Pores', 'Redness']",good fit,0,2,Gentle ingredient with no concern match; neutral fit,0,3,Peptide
Palmitoyl Pentapeptide,Sensitive,"['Acne', 'Enlarged Pores', 'Redness']",possible irritation,1,2,Gentle ingredient with no concern match; neutral fit [label adjusted for expert variance],0,3,Peptide
Palmitoyl Glycine,Sensitive,"['Acne', 'Enlarged Pores', 'Redness']",good fit,0,3,Description strongly soothing/calming; low irritancy even without direct concern match,0,3,Amino Acid
Palmitoyl Heptapeptide,Sensitive,"['Acne', 'Enlarged Pores', 'Redness']",good fit,0,2,Gentle ingredient with no concern match; neutral fit,0,3,Peptide
Octocrylene,Sensitive,"['Acne', 'Enlarged Pores', 'Redness']",poor fit,2,5,Directly flagged in avoid list for Sensitive skin and high irritancy (3),2,1,Other
Palmitoyl Decapeptide,Sensitive,"['Acne', 'Enlarged Pores', 'Redness']",good fit,0,2,Gentle ingredient with no concern match; neutral fit,0,3,Peptide
Oligopeptide,Sensitive,"['Acne', 'Enlarged Pores', 'Redness']",good fit,0,2,Gentle ingredient with no concern match; neutral fit,0,3,Peptide
Padina Pavonica Thallus Extract,Sensitive,"['Acne', 'Enlarged Pores', 'Redness']",good fit,0,2,Gentle ingredient with no concern match; neutral fit,0,3,Plant Extract
Oat Extract,Sensitive,"['Acne', 'Enlarged Pores', 'Redness']",good fit,0,4,Directly addresses 1 concern(s) and description confirms soothing profile,0,4,Plant Extract
Octisalate,Sensitive,"['Acne', 'Enlarged Pores', 'Redness']",poor fit,2,5,Directly flagged in avoid list for Sensitive skin and high irritancy (5),2,1,UV Filter
Octinoxate,Sensitive,"['Acne', 'Enlarged Pores', 'Redness']",poor fit,2,5,Directly flagged in avoid list for Sensitive skin and high irritancy (5),2,1,UV Filter
Polyhydroxy Acids,Sensitive,"['Acne', 'Enlarged Pores', 'Redness']",good fit,0,4,Directly addresses 2 concern(s) and description confirms soothing profile,0,9,Other
Porphyridium Cruentum Extract,Sensitive,"['Acne', 'Enlarged Pores', 'Redness']",good fit,0,3,Description strongly soothing/calming; low irritancy even without direct concern match,0,3,Plant Extract
Polyporus Umbellatus (Mushroom) Extract,Sensitive,"['Acne', 'Enlarged Pores', 'Redness']",good fit,0,2,Gentle ingredient with no concern match; neutral fit,0,2,Plant Extract
Phytic Acid,Sensitive,"['Acne', 'Enlarged Pores', 'Redness']",good fit,0,4,Directly addresses 2 concern(s) and description confirms soothing profile,0,3,Other
Plankton Extract,Sensitive,"['Acne', 'Enlarged Pores', 'Redness']",possible irritation,1,3,Description strongly soothing/calming; low irritancy even without direct concern match [label adjusted for expert variance],0,3,Marine/Algae
Perfluorodecalin,Sensitive,"['Acne', 'Enlarged Pores', 'Redness']",good fit,0,4,Directly addresses 2 concern(s) and description confirms soothing profile,0,4,Other
Phytosphingosine,Sensitive,"['Acne', 'Enlarged Pores', 'Redness']",possible irritation,1,3,Moderate irritancy (2) — possible irritation for Sensitive skin,0,4,Ceramide
Phospholipids,Sensitive,"['Acne', 'Enlarged Pores', 'Redness']",possible irritation,1,3,Moderate irritancy (3) — possible irritation for Sensitive skin,0,4,Lipid/Oil
Palmitoyl  Tripeptide-1,Sensitive,"['Acne', 'Enlarged Pores', 'Redness']",good fit,0,2,Gentle ingredient with no concern match; neutral fit,0,3,Peptide
Pentapeptide,Sensitive,"['Acne', 'Enlarged Pores', 'Redness']",possible irritation,1,3,Moderate irritancy (2) — possible irritation for Sensitive skin,0,3,Peptide
Palmitoyl Tetrapeptide,Sensitive,"['Acne', 'Enlarged Pores', 'Redness']",good fit,0,2,Gentle ingredient with no concern match; neutral fit,0,3,Peptide
Parachlorella Beijerinckii Exopolysaccharides,Sensitive,"['Acne', 'Enlarged Pores', 'Redness']",good fit,0,2,Gentle ingredient with no concern match; neutral fit,0,3,Other
Retinyl Retinoate,Sensitive,"['Acne', 'Enlarged Pores', 'Redness']",poor fit,2,5,Directly flagged in avoid list for Sensitive skin and high irritancy (8),3,9,Retinoid
Palmitoyl Tripeptide,Sensitive,"['Acne', 'Enlarged Pores', 'Redness']",good fit,0,2,Gentle ingredient with no concern match; neutral fit,0,3,Peptide
Neurophroline,Sensitive,"['Acne', 'Enlarged Pores', 'Redness']",good fit,0,4,Directly addresses 2 concern(s) and description confirms soothing profile,0,5,Other
Retinyl Propionate,Sensitive,"['Acne', 'Enlarged Pores', 'Redness']",poor fit,2,5,Directly flagged in avoid list for Sensitive skin and high irritancy (7),3,7,Retinoid
Retinyl Palmitate,Sensitive,"['Acne', 'Enlarged Pores', 'Redness']",poor fit,2,4,"High combined irritancy score (6): category=Retinoid, sensitivity=2, desc signals=0",2,1,Retinoid
Retinol,Sensitive,"['Acne', 'Enlarged Pores', 'Redness']",poor fit,2,5,Directly flagged in avoid list for Sensitive skin and high irritancy (7),3,9,Retinoid
Resveratrol,Sensitive,"['Acne', 'Enlarged Pores', 'Redness']",good fit,0,3,Description strongly soothing/calming; low irritancy even without direct concern match,0,3,Other
Red Algae,Sensitive,"['Acne', 'Enlarged Pores', 'Redness']",good fit,0,3,Description strongly soothing/calming; low irritancy even without direct concern match,0,3,Marine/Algae
Quercetin,Sensitive,"['Acne', 'Enlarged Pores', 'Redness']",good fit,0,3,Description strongly soothing/calming; low irritancy even without direct concern match,0,3,Other
Pseudoalteromonas Exopolysaccharides,Sensitive,"['Acne', 'Enlarged Pores', 'Redness']",good fit,0,2,Gentle ingredient with no concern match; neutral fit,0,3,Other
Proline,Sensitive,"['Acne', 'Enlarged Pores', 'Redness']",good fit,0,2,Gentle ingredient with no concern match; neutral fit,0,5,Amino Acid
Potassium Azeloyl Diglycinate,Sensitive,"['Acne', 'Enlarged Pores', 'Redness']",possible irritation,1,3,Moderate irritancy (2) — possible irritation for Sensitive skin,1,7,Other
Probiotics,Sensitive,"['Acne', 'Enlarged Pores', 'Redness']",good fit,0,4,Directly addresses 2 concern(s) and description confirms soothing profile,0,3,Probiotic/Ferment
Prickly Pear Extract,Sensitive,"['Acne', 'Enlarged Pores', 'Redness']",good fit,0,4,Directly addresses 1 concern(s) and description confirms soothing profile,0,1,Plant Extract
Snow Mushroom Extract,Sensitive,"['Acne', 'Enlarged Pores', 'Redness']",good fit,0,4,Directly addresses 1 concern(s) and description confirms soothing profile,0,4,Plant Extract
Prebiotics,Sensitive,"['Acne', 'Enlarged Pores', 'Redness']",good fit,0,4,Directly addresses 2 concern(s) and description confirms soothing profile,0,3,Probiotic/Ferment
Shea Butter,Sensitive,"['Acne', 'Enlarged Pores', 'Redness']",poor fit,2,4,"High combined irritancy score (6): category=Lipid/Oil, sensitivity=2, desc signals=2",2,4,Lipid/Oil
Sesame Seed Oil,Sensitive,"['Acne', 'Enlarged Pores', 'Redness']",possible irritation,1,3,Moderate irritancy (2) — possible irritation for Sensitive skin,0,1,Lipid/Oil
Silk Protein,Sensitive,"['Acne', 'Enlarged Pores', 'Redness']",possible irritation,1,3,Moderate irritancy (2) — possible irritation for Sensitive skin,1,1,Other
Sh-Oligopeptide,Sensitive,"['Acne', 'Enlarged Pores', 'Redness']",good fit,0,2,Gentle ingredient with no concern match; neutral fit,0,3,Peptide
Serine,Sensitive,"['Acne', 'Enlarged Pores', 'Redness']",good fit,0,2,Gentle ingredient with no concern match; neutral fit,0,2,Amino Acid
Sea Buckthorn Water,Sensitive,"['Acne', 'Enlarged Pores', 'Redness']",good fit,0,2,Gentle ingredient with no concern match; neutral fit,0,1,Plant Extract
Saskatoon Berry,Sensitive,"['Acne', 'Enlarged Pores', 'Redness']",good fit,0,2,Gentle ingredient with no concern match; neutral fit,0,0,Other
Salicylic Acid,Sensitive,"['Acne', 'Enlarged Pores', 'Redness']",poor fit,2,5,Directly flagged in avoid list for Sensitive skin and high irritancy (7),4,8,BHA
Rosemary Leaf Extract,Sensitive,"['Acne', 'Enlarged Pores', 'Redness']",good fit,0,4,Directly addresses 1 concern(s) and description confirms soothing profile,0,1,Plant Extract
Safflower Seed Oil,Sensitive,"['Acne', 'Enlarged Pores', 'Redness']",poor fit,2,4,"High combined irritancy score (4): category=Lipid/Oil, sensitivity=1, desc signals=1",1,3,Lipid/Oil
Saccharomyces Cerevisiae (Yeast) Extract,Sensitive,"['Acne', 'Enlarged Pores', 'Redness']",good fit,0,4,Directly addresses 2 concern(s) and description confirms soothing profile,0,3,Probiotic/Ferment
Sacred Lotus Flower Extract,Sensitive,"['Acne', 'Enlarged Pores', 'Redness']",good fit,0,2,Gentle ingredient with no concern match; neutral fit,0,4,Plant Extract
Tasmanian Pepperberry Extract,Sensitive,"['Acne', 'Enlarged Pores', 'Redness']",good fit,0,4,Directly addresses 1 concern(s) and description confirms soothing profile,0,1,Plant Extract
Tartaric Acid,Sensitive,"['Acne', 'Enlarged Pores', 'Redness']",poor fit,2,4,"High combined irritancy score (4): category=AHA, sensitivity=1, desc signals=0",1,4,AHA
Rhamnose,Sensitive,"['Acne', 'Enlarged Pores', 'Redness']",good fit,0,4,Directly addresses 2 concern(s) and description confirms soothing profile,0,3,Other
Sweet Almond Oil,Sensitive,"['Acne', 'Enlarged Pores', 'Redness']",possible irritation,1,3,Moderate irritancy (3) — possible irritation for Sensitive skin,1,2,Lipid/Oil
Symsitive,Sensitive,"['Acne', 'Enlarged Pores', 'Redness']",good fit,0,4,Directly addresses 1 concern(s) and description confirms soothing profile,0,1,Other
Sugar Cane Extract,Sensitive,"['Acne', 'Enlarged Pores', 'Redness']",good fit,0,4,Directly addresses 2 concern(s) and description confirms soothing profile,0,5,Plant Extract
Superoxide Dismutase,Sensitive,"['Acne', 'Enlarged Pores', 'Redness']",possible irritation,1,3,Moderate irritancy (2) — possible irritation for Sensitive skin,0,0,Other
Sunflower Oil,Sensitive,"['Acne', 'Enlarged Pores', 'Redness']",good fit,0,3,Moderate irritancy (3) — possible irritation for Sensitive skin [label adjusted for expert variance],1,3,Lipid/Oil
Spent Grain Wax,Sensitive,"['Acne', 'Enlarged Pores', 'Redness']",poor fit,2,4,"High combined irritancy score (4): category=Lipid/Oil, sensitivity=0, desc signals=2",0,2,Lipid/Oil
Sulfur,Sensitive,"['Acne', 'Enlarged Pores', 'Redness']",good fit,0,4,Directly addresses 1 concern(s) and description confirms soothing profile,0,2,Mineral
Squalane,Sensitive,"['Acne', 'Enlarged Pores', 'Redness']",possible irritation,1,3,Moderate irritancy (2) — possible irritation for Sensitive skin,0,4,Lipid/Oil
Urea,Sensitive,"['Acne', 'Enlarged Pores', 'Redness']",good fit,0,2,Gentle ingredient with no concern match; neutral fit,0,3,Humectant
Sodium Lactate,Sensitive,"['Acne', 'Enlarged Pores', 'Redness']",good fit,0,2,Gentle ingredient with no concern match; neutral fit,0,2,Humectant
Turmeric Root Extract,Sensitive,"['Acne', 'Enlarged Pores', 'Redness']",good fit,0,4,Directly addresses 1 concern(s) and description confirms soothing profile,0,1,Plant Extract
Valine,Sensitive,"['Acne', 'Enlarged Pores', 'Redness']",good fit,0,2,Gentle ingredient with no concern match; neutral fit,0,2,Amino Acid
Trehalose,Sensitive,"['Acne', 'Enlarged Pores', 'Redness']",good fit,0,2,Gentle ingredient with no concern match; neutral fit,0,2,Humectant
Tripleurospermum Maritimum Extract,Sensitive,"['Acne', 'Enlarged Pores', 'Redness']",good fit,0,3,Description strongly soothing/calming; low irritancy even without direct concern match,0,3,Plant Extract
Triazine Diethyl Butamidotriazone,Sensitive,"['Acne', 'Enlarged Pores', 'Redness']",poor fit,2,5,Directly flagged in avoid list for Sensitive skin and high irritancy (5),2,1,UV Filter
Thiamidol,Sensitive,"['Acne', 'Enlarged Pores', 'Redness']",good fit,0,2,Gentle ingredient with no concern match; neutral fit,0,2,Other
Tranexamic Acid,Sensitive,"['Acne', 'Enlarged Pores', 'Redness']",possible irritation,1,3,Moderate irritancy (2) — possible irritation for Sensitive skin,0,3,Other
Tomato Stem Cells,Sensitive,"['Acne', 'Enlarged Pores', 'Redness']",good fit,0,2,Gentle ingredient with no concern match; neutral fit,0,3,Plant Extract
Teprenone,Sensitive,"['Acne', 'Enlarged Pores', 'Redness']",good fit,0,3,Addresses 2 concern(s); low irritancy,0,5,Other
Threonine,Sensitive,"['Acne', 'Enlarged Pores', 'Redness']",good fit,0,2,Gentle ingredient with no concern match; neutral fit,0,2,Amino Acid
Zinc Gluconate,Sensitive,"['Acne', 'Enlarged Pores', 'Redness']",good fit,0,4,Directly addresses 3 concern(s) and description confirms soothing profile,0,4,Mineral
Tetrahexyldecyl Ascorbate,Sensitive,"['Acne', 'Enlarged Pores', 'Redness']",poor fit,2,3,Moderate irritancy (3) — possible irritation for Sensitive skin [label adjusted for expert variance],1,5,Vitamin C
Zinc,Sensitive,"['Acne', 'Enlarged Pores', 'Redness']",good fit,0,4,Directly addresses 2 concern(s) and description confirms soothing profile,0,4,Mineral
Yerba Mate Extract,Sensitive,"['Acne', 'Enlarged Pores', 'Redness']",good fit,0,3,Description strongly soothing/calming; low irritancy even without direct concern match,0,1,Plant Extract
Yeast Amino Acids,Sensitive,"['Acne', 'Enlarged Pores', 'Redness']",good fit,0,2,Gentle ingredient with no concern match; neutral fit,0,1,Probiotic/Ferment
Willow Herb Extract,Sensitive,"['Acne', 'Enlarged Pores', 'Redness']",good fit,0,3,Description strongly soothing/calming; low irritancy even without direct concern match,0,1,Plant Extract
Willow Bark Extract,Sensitive,"['Acne', 'Enlarged Pores', 'Redness']",possible irritation,1,3,Moderate irritancy (3) — possible irritation for Sensitive skin,2,6,Plant Extract
Wild Cherry Extract,Sensitive,"['Acne', 'Enlarged Pores', 'Redness']",good fit,0,3,Description strongly soothing/calming; low irritancy even without direct concern match,0,1,Plant Extract
White Tea,Sensitive,"['Acne', 'Enlarged Pores', 'Redness']",good fit,0,4,Directly addresses 1 concern(s) and description confirms soothing profile,0,1,Other
Vitamin K1,Sensitive,"['Acne', 'Enlarged Pores', 'Redness']",good fit,0,3,Addresses 1 concern(s); low irritancy,0,1,Vitamin
Vitamin E,Sensitive,"['Acne', 'Enlarged Pores', 'Redness']",good fit,0,3,Addresses 1 concern(s); low irritancy,0,4,Vitamin
Vitamin C,Sensitive,"['Acne', 'Enlarged Pores', 'Redness']",poor fit,2,5,Directly flagged in avoid list for Sensitive skin and high irritancy (5),3,5,Vitamin C
Vitamin B5,Sensitive,"['Acne', 'Enlarged Pores', 'Redness']",good fit,0,4,Directly addresses 1 concern(s) and description confirms soothing profile,0,5,Vitamin
Vitamin A,Sensitive,"['Acne', 'Enlarged Pores', 'Redness']",poor fit,2,5,Directly flagged in avoid list for Sensitive skin and high irritancy (8),3,9,Retinoid
Vibrio Alginolyticus Ferment Filtrate,Sensitive,"['Acne', 'Enlarged Pores', 'Redness']",good fit,0,2,Gentle ingredient with no concern match; neutral fit,0,3,Probiotic/Ferment
Tea Tree Oil,Sensitive,"['Acne', 'Enlarged Pores', 'Redness']",poor fit,2,3,Moderate irritancy (2) — possible irritation for Sensitive skin [label adjusted for expert variance],0,2,Lipid/Oil
Zinc Sulfate,Sensitive,"['Acne', 'Enlarged Pores', 'Redness']",good fit,0,4,Directly addresses 1 concern(s) and description confirms soothing profile,0,1,Mineral
Zinc PCA,Sensitive,"['Acne', 'Enlarged Pores', 'Redness']",good fit,0,4,Directly addresses 3 concern(s) and description confirms soothing profile,0,5,Mineral
Neoglucosamine,Sensitive,"['Acne', 'Enlarged Pores', 'Redness']",possible irritation,1,3,Moderate irritancy (2) — possible irritation for Sensitive skin,1,8,Other
Taurine,Sensitive,"['Acne', 'Enlarged Pores', 'Redness']",good fit,0,2,Gentle ingredient with no concern match; neutral fit,0,3,Amino Acid
Sodium Ascorbyl Phosphate,Sensitive,"['Acne', 'Enlarged Pores', 'Redness']",possible irritation,1,3,Moderate irritancy (3) — possible irritation for Sensitive skin,1,5,Vitamin C
Alpha-Glucan Oligosaccharide,Oily,"['Acne', 'Enlarged Pores']",good fit,0,4,Directly addresses 1 concern(s) and description confirms soothing profile,0,3,Other
Aloe Vera,Oily,"['Acne', 'Enlarged Pores']",good fit,0,3,Description strongly soothing/calming; low irritancy even without direct concern match,0,4,Other
Allantoin,Oily,"['Acne', 'Enlarged Pores']",good fit,0,3,Description strongly soothing/calming; low irritancy even without direct concern match,0,3,Other
Algin,Oily,"['Acne', 'Enlarged Pores']",good fit,0,2,Gentle ingredient with no concern match; neutral fit,0,3,Other
Algae Extract,Oily,"['Acne', 'Enlarged Pores']",good fit,0,2,Gentle ingredient with no concern match; neutral fit,0,3,Marine/Algae
Algae Exopolysaccharides,Oily,"['Acne', 'Enlarged Pores']",possible irritation,1,2,Gentle ingredient with no concern match; neutral fit [label adjusted for expert variance],0,3,Marine/Algae
Alaria Esculenta Extract,Oily,"['Acne', 'Enlarged Pores']",good fit,0,2,Gentle ingredient with no concern match; neutral fit,0,3,Plant Extract
Alanine,Oily,"['Acne', 'Enlarged Pores']",good fit,0,2,Gentle ingredient with no concern match; neutral fit,0,2,Amino Acid
Ahnfeltia Concinna Extract,Oily,"['Acne', 'Enlarged Pores']",good fit,0,2,Gentle ingredient with no concern match; neutral fit,0,3,Plant Extract
Adenosine,Oily,"['Acne', 'Enlarged Pores']",good fit,0,4,Directly addresses 1 concern(s) and description confirms soothing profile,0,7,Other
Acetyl Tyrosinamide,Oily,"['Acne', 'Enlarged Pores']",good fit,0,2,Gentle ingredient with no concern match; neutral fit,0,3,Other
Acetyl Tetrapeptide,Oily,"['Acne', 'Enlarged Pores']",good fit,0,2,Gentle ingredient with no concern match; neutral fit,0,3,Peptide
Acetyl Glucosamine,Oily,"['Acne', 'Enlarged Pores']",good fit,0,2,Gentle ingredient with no concern match; neutral fit,0,7,Other
Acetylarginyltryptophyl Diphenylglycine,Oily,"['Acne', 'Enlarged Pores']",good fit,0,2,Gentle ingredient with no concern match; neutral fit,0,3,Amino Acid
Acai Extract,Oily,"['Acne', 'Enlarged Pores']",good fit,0,2,Gentle ingredient with no concern match; neutral fit,0,0,Plant Extract
Ascorbic Acid,Oily,"['Acne', 'Enlarged Pores']",poor fit,2,4,"High combined irritancy score (7): category=Vitamin C, sensitivity=3, desc signals=3",3,5,Vitamin C
Ascophyllum Nodosum Extract,Oily,"['Acne', 'Enlarged Pores']",good fit,0,2,Gentle ingredient with no concern match; neutral fit,0,3,Plant Extract
Arginine PCA,Oily,"['Acne', 'Enlarged Pores']",good fit,0,2,Gentle ingredient with no concern match; neutral fit,0,2,Amino Acid
Arginine/Lysine Polypeptide,Oily,"['Acne', 'Enlarged Pores']",good fit,0,2,Gentle ingredient with no concern match; neutral fit,0,3,Peptide
Arginine HCL,Oily,"['Acne', 'Enlarged Pores']",good fit,0,2,Gentle ingredient with no concern match; neutral fit,0,2,Amino Acid
Arginine,Oily,"['Acne', 'Enlarged Pores']",good fit,0,2,Gentle ingredient with no concern match; neutral fit,0,3,Amino Acid
Argan Oil,Oily,"['Acne', 'Enlarged Pores']",possible irritation,1,4,Flagged in avoid list for Oily skin; ingredient is relatively mild,1,3,Lipid/Oil
Arbutin,Oily,"['Acne', 'Enlarged Pores']",good fit,0,2,Gentle ingredient with no concern match; neutral fit,1,2,Other
Aquagenium,Oily,"['Acne', 'Enlarged Pores']",good fit,0,2,Gentle ingredient with no concern match; neutral fit,0,2,Other
Apple Stem Cells,Oily,"['Acne', 'Enlarged Pores']",good fit,0,2,Gentle ingredient with no concern match; neutral fit,0,3,Plant Extract
Apple Polyphenols,Oily,"['Acne', 'Enlarged Pores']",good fit,0,3,Description strongly soothing/calming; low irritancy even without direct concern match,0,0,Other
Apple Extract,Oily,"['Acne', 'Enlarged Pores']",good fit,0,2,Gentle ingredient with no concern match; neutral fit,0,0,Plant Extract
Anti-Ageing Peptides,Oily,"['Acne', 'Enlarged Pores']",good fit,0,2,Gentle ingredient with no concern match; neutral fit,0,3,Peptide
Amino Acids,Oily,"['Acne', 'Enlarged Pores']",good fit,0,2,Gentle ingredient with no concern match; neutral fit,0,5,Amino Acid
Alteromonas Ferment Extract,Oily,"['Acne', 'Enlarged Pores']",good fit,0,3,Description strongly soothing/calming; low irritancy even without direct concern match,0,3,Probiotic/Ferment
Bifida Ferment Lysate,Oily,"['Acne', 'Enlarged Pores']",good fit,0,4,Directly addresses 1 concern(s) and description confirms soothing profile,0,3,Probiotic/Ferment
Beta Glucan,Oily,"['Acne', 'Enlarged Pores']",good fit,0,3,Description strongly soothing/calming; low irritancy even without direct concern match,0,5,Other
Bakuchiol,Oily,"['Acne', 'Enlarged Pores']",good fit,0,2,Gentle ingredient with no concern match; neutral fit,0,3,Other
Azelaoyl Bis-Dipeptide,Oily,"['Acne', 'Enlarged Pores']",good fit,0,2,Gentle ingredient with no concern match; neutral fit,1,3,Peptide
Azelaic Acid,Oily,"['Acne', 'Enlarged Pores']",good fit,0,4,Directly addresses 2 concern(s) and description confirms soothing profile,1,8,Other
Avocado Oil,Oily,"['Acne', 'Enlarged Pores']",possible irritation,1,4,Flagged in avoid list for Oily skin; ingredient is relatively mild,1,3,Lipid/Oil
Avocado Ferment,Oily,"['Acne', 'Enlarged Pores']",possible irritation,1,2,Gentle ingredient with no concern match; neutral fit [label adjusted for expert variance],0,3,Probiotic/Ferment
Avene Thermal Water,Oily,"['Acne', 'Enlarged Pores']",good fit,0,3,Description strongly soothing/calming; low irritancy even without direct concern match,0,5,Plant Extract
Asparagopsis Armata Extract,Oily,"['Acne', 'Enlarged Pores']",good fit,0,2,Gentle ingredient with no concern match; neutral fit,0,3,Plant Extract
Ascorbyl Palmitate,Oily,"['Acne', 'Enlarged Pores']",possible irritation,1,3,Moderate irritancy (2) — possible irritation for Oily skin,1,1,Vitamin C
Ascorbyl Glucoside,Oily,"['Acne', 'Enlarged Pores']",possible irritation,1,3,Moderate irritancy (2) — possible irritation for Oily skin,1,5,Vitamin C
Caffeine,Oily,"['Acne', 'Enlarged Pores']",good fit,0,2,Gentle ingredient with no concern match; neutral fit,0,3,Other
Caffeic Acid,Oily,"['Acne', 'Enlarged Pores']",good fit,0,3,Description strongly soothing/calming; low irritancy even without direct concern match,0,1,Other
Cabbage Leaf Extract,Oily,"['Acne', 'Enlarged Pores']",good fit,0,3,Description strongly soothing/calming; low irritancy even without direct concern match,0,0,Plant Extract
Butyl Methoxydibenzoylmethane,Oily,"['Acne', 'Enlarged Pores']",poor fit,2,4,"High combined irritancy score (4): category=UV Filter, sensitivity=2, desc signals=0",2,1,UV Filter
Blue Mallow Extract,Oily,"['Acne', 'Enlarged Pores']",good fit,0,3,Description strongly soothing/calming; low irritancy even without direct concern match,0,0,Plant Extract
Blue Lotus Extract,Oily,"['Acne', 'Enlarged Pores']",good fit,0,3,Description strongly soothing/calming; low irritancy even without direct concern match,0,0,Plant Extract
Blueberry Extract,Oily,"['Acne', 'Enlarged Pores']",good fit,0,3,Description strongly soothing/calming; low irritancy even without direct concern match,0,0,Plant Extract
Bilberry Extract,Oily,"['Acne', 'Enlarged Pores']",good fit,0,3,Description strongly soothing/calming; low irritancy even without direct concern match,0,1,Plant Extract
Bis-Ethylhexyloxyphenol Methoxyphenyl Triazine,Oily,"['Acne', 'Enlarged Pores']",poor fit,2,4,"High combined irritancy score (5): category=UV Filter, sensitivity=2, desc signals=1",2,1,UV Filter
Bisabolol,Oily,"['Acne', 'Enlarged Pores']",good fit,0,3,Description strongly soothing/calming; low irritancy even without direct concern match,0,5,Other
Bio-Active Glucosides,Oily,"['Acne', 'Enlarged Pores']",good fit,0,3,Description strongly soothing/calming; low irritancy even without direct concern match,0,1,Other
Chondrus Crispus,Oily,"['Acne', 'Enlarged Pores']",good fit,0,2,Gentle ingredient with no concern match; neutral fit,0,3,Other
Cholesterol,Oily,"['Acne', 'Enlarged Pores']",possible irritation,1,2,Gentle ingredient with no concern match; neutral fit [label adjusted for expert variance],0,3,Other
Chlorophyll,Oily,"['Acne', 'Enlarged Pores']",possible irritation,1,3,Description strongly soothing/calming; low irritancy even without direct concern match [label adjusted for expert variance],0,0,Other
Chlorella Vulgaris Extract,Oily,"['Acne', 'Enlarged Pores']",good fit,0,2,Gentle ingredient with no concern match; neutral fit,0,3,Plant Extract
Chamomile Extract,Oily,"['Acne', 'Enlarged Pores']",good fit,0,3,Description strongly soothing/calming; low irritancy even without direct concern match,0,2,Plant Extract
Chlorella Protothecoides Oil,Oily,"['Acne', 'Enlarged Pores']",good fit,0,2,Gentle ingredient with no concern match; neutral fit,0,3,Lipid/Oil
Ceramides,Oily,"['Acne', 'Enlarged Pores']",good fit,0,3,Description strongly soothing/calming; low irritancy even without direct concern match,0,5,Ceramide
Chlorella Protothecoides,Oily,"['Acne', 'Enlarged Pores']",good fit,0,2,Gentle ingredient with no concern match; neutral fit,0,3,Other
Chemical UV Filters,Oily,"['Acne', 'Enlarged Pores']",possible irritation,1,3,Moderate irritancy (3) — possible irritation for Oily skin,1,1,UV Filter
Caprooyl Sphingosine,Oily,"['Acne', 'Enlarged Pores']",good fit,0,2,Gentle ingredient with no concern match; neutral fit,0,4,Ceramide
Centella Asiatica,Oily,"['Acne', 'Enlarged Pores']",good fit,0,4,Directly addresses 1 concern(s) and description confirms soothing profile,0,5,Other
Carnosine,Oily,"['Acne', 'Enlarged Pores']",good fit,0,2,Gentle ingredient with no concern match; neutral fit,0,1,Other
Caprooyl Phytosphingosine,Oily,"['Acne', 'Enlarged Pores']",good fit,0,2,Gentle ingredient with no concern match; neutral fit,0,4,Ceramide
Ectoin,Oily,"['Acne', 'Enlarged Pores']",good fit,0,3,Description strongly soothing/calming; low irritancy even without direct concern match,0,2,Other
Dunaliella Salina (Green Algae) Extract,Oily,"['Acne', 'Enlarged Pores']",good fit,0,2,Gentle ingredient with no concern match; neutral fit,0,3,Marine/Algae
Dioic Acid,Oily,"['Acne', 'Enlarged Pores']",good fit,0,4,Directly addresses 1 concern(s) and description confirms soothing profile,0,3,Other
Cucumber Extract,Oily,"['Acne', 'Enlarged Pores']",good fit,0,3,Description strongly soothing/calming; low irritancy even without direct concern match,0,0,Plant Extract
Dipeptide Diaminobutyroyl Benzylamide Diacetate,Oily,"['Acne', 'Enlarged Pores']",good fit,0,2,Gentle ingredient with no concern match; neutral fit,0,3,Peptide
Dipeptide,Oily,"['Acne', 'Enlarged Pores']",good fit,0,2,Gentle ingredient with no concern match; neutral fit,0,3,Peptide
Copper Peptide,Oily,"['Acne', 'Enlarged Pores']",good fit,0,2,Gentle ingredient with no concern match; neutral fit,0,3,Peptide
Copper Palmitoyl Heptapeptide,Oily,"['Acne', 'Enlarged Pores']",good fit,0,2,Gentle ingredient with no concern match; neutral fit,0,3,Peptide
Copper Heptapeptide-14 Pantothenate,Oily,"['Acne', 'Enlarged Pores']",good fit,0,2,Gentle ingredient with no concern match; neutral fit,0,3,Peptide
Coffee Seed Extract,Oily,"['Acne', 'Enlarged Pores']",good fit,0,3,Description strongly soothing/calming; low irritancy even without direct concern match,0,1,Plant Extract
Citric Acid,Oily,"['Acne', 'Enlarged Pores']",possible irritation,1,3,Moderate irritancy (3) — possible irritation for Oily skin,0,4,AHA
Cinnamon Bark,Oily,"['Acne', 'Enlarged Pores']",good fit,0,4,Directly addresses 1 concern(s) and description confirms soothing profile,0,1,Other
Fomes Ofﬁcinalis (Mushroom) Extract,Oily,"['Acne', 'Enlarged Pores']",good fit,0,3,Addresses 1 concern(s); low irritancy,0,3,Plant Extract
Ginkgo Biloba,Oily,"['Acne', 'Enlarged Pores']",good fit,0,3,Description strongly soothing/calming; low irritancy even without direct concern match,0,1,Other
Fructooligosaccharides,Oily,"['Acne', 'Enlarged Pores']",good fit,0,4,Directly addresses 1 concern(s) and description confirms soothing profile,0,3,Other
Feverfew Extract,Oily,"['Acne', 'Enlarged Pores']",good fit,0,3,Description strongly soothing/calming; low irritancy even without direct concern match,0,1,Plant Extract
Ferulic Acid,Oily,"['Acne', 'Enlarged Pores']",good fit,0,2,Gentle ingredient with no concern match; neutral fit,0,0,Vitamin
Ethylhexyl Triazone,Oily,"['Acne', 'Enlarged Pores']",poor fit,2,4,"High combined irritancy score (4): category=UV Filter, sensitivity=2, desc signals=0",2,1,UV Filter
Ferric Hexapeptide,Oily,"['Acne', 'Enlarged Pores']",good fit,0,2,Gentle ingredient with no concern match; neutral fit,0,3,Peptide
Fernblock,Oily,"['Acne', 'Enlarged Pores']",good fit,0,2,Gentle ingredient with no concern match; neutral fit,0,0,Other
Evening Primrose Oil,Oily,"['Acne', 'Enlarged Pores']",good fit,0,3,Description strongly soothing/calming; low irritancy even without direct concern match,0,2,Lipid/Oil
Essential Lipids,Oily,"['Acne', 'Enlarged Pores']",good fit,0,2,Gentle ingredient with no concern match; neutral fit,0,5,Other
Endothelyol,Oily,"['Acne', 'Enlarged Pores']",good fit,0,3,Description strongly soothing/calming; low irritancy even without direct concern match,0,1,Other
Ethylhexyl Salicylate,Oily,"['Acne', 'Enlarged Pores']",good fit,0,3,Moderate irritancy (2) — possible irritation for Oily skin [label adjusted for expert variance],2,1,Other
Ethyl Ascorbic Acid,Oily,"['Acne', 'Enlarged Pores']",possible irritation,1,3,Moderate irritancy (2) — possible irritation for Oily skin,1,4,Vitamin C
Green Tea,Oily,"['Acne', 'Enlarged Pores']",good fit,0,3,Description strongly soothing/calming; low irritancy even without direct concern match,0,2,Other
Glycosphingolipids,Oily,"['Acne', 'Enlarged Pores']",good fit,0,2,Gentle ingredient with no concern match; neutral fit,0,4,Ceramide
Glycoproteins,Oily,"['Acne', 'Enlarged Pores']",good fit,0,2,Gentle ingredient with no concern match; neutral fit,0,4,Other
Glycolipids,Oily,"['Acne', 'Enlarged Pores']",good fit,0,2,Gentle ingredient with no concern match; neutral fit,0,2,Other
Golden-Eye Grass Complex,Oily,"['Acne', 'Enlarged Pores']",good fit,0,2,Gentle ingredient with no concern match; neutral fit,0,1,Other
Glycolic Acid,Oily,"['Acne', 'Enlarged Pores']",poor fit,2,4,"High combined irritancy score (6): category=AHA, sensitivity=2, desc signals=2",2,8,AHA
Glycine,Oily,"['Acne', 'Enlarged Pores']",good fit,0,2,Gentle ingredient with no concern match; neutral fit,0,5,Amino Acid
Glyceryl Glucoside,Oily,"['Acne', 'Enlarged Pores']",good fit,0,2,Gentle ingredient with no concern match; neutral fit,0,4,Other
Gluconolactone,Oily,"['Acne', 'Enlarged Pores']",good fit,0,4,Directly addresses 2 concern(s) and description confirms soothing profile,0,9,Other
EGCG,Oily,"['Acne', 'Enlarged Pores']",possible irritation,1,3,Description strongly soothing/calming; low irritancy even without direct concern match [label adjusted for expert variance],0,1,Other
Indian Gooseberry,Oily,"['Acne', 'Enlarged Pores']",good fit,0,2,Gentle ingredient with no concern match; neutral fit,0,1,Other
Hydroxypinacolone Retinoate,Oily,"['Acne', 'Enlarged Pores']",poor fit,2,4,"High combined irritancy score (6): category=Retinoid, sensitivity=3, desc signals=0",3,9,Retinoid
Hydrolyzed Pumpkin Seedcake,Oily,"['Acne', 'Enlarged Pores']",good fit,0,2,Gentle ingredient with no concern match; neutral fit,0,6,Other
Hydrolyzed F-Fucoidan,Oily,"['Acne', 'Enlarged Pores']",possible irritation,1,2,Gentle ingredient with no concern match; neutral fit [label adjusted for expert variance],0,3,Marine/Algae
Homosalate,Oily,"['Acne', 'Enlarged Pores']",poor fit,2,4,"High combined irritancy score (4): category=UV Filter, sensitivity=2, desc signals=0",2,1,UV Filter
Humectants,Oily,"['Acne', 'Enlarged Pores']",good fit,0,2,Gentle ingredient with no concern match; neutral fit,0,5,Humectant
Hibiscus Fruit Extract,Oily,"['Acne', 'Enlarged Pores']",good fit,0,2,Gentle ingredient with no concern match; neutral fit,0,0,Plant Extract
Horse Chestnut,Oily,"['Acne', 'Enlarged Pores']",good fit,0,3,Description strongly soothing/calming; low irritancy even without direct concern match,0,1,Other
Heptapeptide-15 Palmitate,Oily,"['Acne', 'Enlarged Pores']",good fit,0,2,Gentle ingredient with no concern match; neutral fit,0,3,Peptide
Guarana Extract,Oily,"['Acne', 'Enlarged Pores']",good fit,0,2,Gentle ingredient with no concern match; neutral fit,0,0,Plant Extract
Histidine,Oily,"['Acne', 'Enlarged Pores']",good fit,0,2,Gentle ingredient with no concern match; neutral fit,0,4,Amino Acid
Lecithin,Oily,"['Acne', 'Enlarged Pores']",possible irritation,1,3,Moderate irritancy (2) — possible irritation for Oily skin,0,4,Lipid/Oil
L-Carnitine,Oily,"['Acne', 'Enlarged Pores']",good fit,0,4,Directly addresses 2 concern(s) and description confirms soothing profile,0,3,Other
Lactobionic Acid,Oily,"['Acne', 'Enlarged Pores']",good fit,0,4,Directly addresses 2 concern(s) and description confirms soothing profile,0,9,Other
L-Ascorbic Acid,Oily,"['Acne', 'Enlarged Pores']",poor fit,2,4,"High combined irritancy score (7): category=Vitamin C, sensitivity=3, desc signals=3",3,5,Vitamin C
Laminaria Ochroleuca (Kelp) Extract,Oily,"['Acne', 'Enlarged Pores']",good fit,0,3,Description strongly soothing/calming; low irritancy even without direct concern match,0,3,Marine/Algae
Lactococcus Ferment Lysate,Oily,"['Acne', 'Enlarged Pores']",good fit,0,4,Directly addresses 1 concern(s) and description confirms soothing profile,0,3,Probiotic/Ferment
Lactic Acid,Oily,"['Acne', 'Enlarged Pores']",poor fit,2,4,"High combined irritancy score (4): category=AHA, sensitivity=2, desc signals=0",2,8,AHA
Lactobacillus Ferment,Oily,"['Acne', 'Enlarged Pores']",good fit,0,4,Directly addresses 1 concern(s) and description confirms soothing profile,0,3,Probiotic/Ferment
Lactobacillus Extract Filtrate,Oily,"['Acne', 'Enlarged Pores']",good fit,0,4,Directly addresses 1 concern(s) and description confirms soothing profile,0,3,Probiotic/Ferment
Jojoba Oil,Oily,"['Acne', 'Enlarged Pores']",good fit,0,2,Gentle ingredient with no concern match; neutral fit,0,4,Lipid/Oil
Kola Seed Extract,Oily,"['Acne', 'Enlarged Pores']",good fit,0,2,Gentle ingredient with no concern match; neutral fit,0,0,Plant Extract
Jeju Green Tea Water,Oily,"['Acne', 'Enlarged Pores']",good fit,0,3,Description strongly soothing/calming; low irritancy even without direct concern match,0,3,Plant Extract
Kojic Acid,Oily,"['Acne', 'Enlarged Pores']",good fit,0,2,Gentle ingredient with no concern match; neutral fit,0,3,Other
Isoleucine,Oily,"['Acne', 'Enlarged Pores']",good fit,0,2,Gentle ingredient with no concern match; neutral fit,0,2,Amino Acid
Jojoba Beads,Oily,"['Acne', 'Enlarged Pores']",good fit,0,2,Gentle ingredient with no concern match; neutral fit,0,2,Other
Macrocystis Pyrifera (Kelp) Extract,Oily,"['Acne', 'Enlarged Pores']",good fit,0,2,Gentle ingredient with no concern match; neutral fit,0,3,Marine/Algae
Magnesium Sulfate,Oily,"['Acne', 'Enlarged Pores']",good fit,0,3,Description strongly soothing/calming; low irritancy even without direct concern match,0,1,Mineral
Magnesium Ascorbyl Phosphate,Oily,"['Acne', 'Enlarged Pores']",poor fit,2,4,"High combined irritancy score (4): category=Vitamin C, sensitivity=1, desc signals=2",1,3,Vitamin C
Lysine,Oily,"['Acne', 'Enlarged Pores']",good fit,0,2,Gentle ingredient with no concern match; neutral fit,0,6,Amino Acid
Lily Extract,Oily,"['Acne', 'Enlarged Pores']",good fit,0,3,Description strongly soothing/calming; low irritancy even without direct concern match,0,0,Plant Extract
Luffa Cylindrica Extract,Oily,"['Acne', 'Enlarged Pores']",good fit,0,2,Gentle ingredient with no concern match; neutral fit,0,0,Plant Extract
Linolenic Acid,Oily,"['Acne', 'Enlarged Pores']",good fit,0,2,Gentle ingredient with no concern match; neutral fit,0,4,Lipid/Oil
Linoleic Acid,Oily,"['Acne', 'Enlarged Pores']",possible irritation,1,3,Moderate irritancy (2) — possible irritation for Oily skin,0,4,Lipid/Oil
Leucine,Oily,"['Acne', 'Enlarged Pores']",good fit,0,2,Gentle ingredient with no concern match; neutral fit,0,6,Amino Acid
Licorice Extract,Oily,"['Acne', 'Enlarged Pores']",possible irritation,1,3,Description strongly soothing/calming; low irritancy even without direct concern match [label adjusted for expert variance],0,4,Plant Extract
Natural Moisturising Factors,Oily,"['Acne', 'Enlarged Pores']",good fit,0,2,Gentle ingredient with no concern match; neutral fit,0,5,Other
Licochalcone A,Oily,"['Acne', 'Enlarged Pores']",good fit,0,3,Description strongly soothing/calming; low irritancy even without direct concern match,0,0,Other
Naringenin Chalcone,Oily,"['Acne', 'Enlarged Pores']",good fit,0,3,Description strongly soothing/calming; low irritancy even without direct concern match,0,2,Other
Myristoyl Nonapeptide,Oily,"['Acne', 'Enlarged Pores']",good fit,0,2,Gentle ingredient with no concern match; neutral fit,0,3,Peptide
Myristol Pentapeptide,Oily,"['Acne', 'Enlarged Pores']",good fit,0,2,Gentle ingredient with no concern match; neutral fit,0,3,Peptide
Milk Thistle Extract,Oily,"['Acne', 'Enlarged Pores']",good fit,0,3,Description strongly soothing/calming; low irritancy even without direct concern match,0,2,Plant Extract
Myristol Hexapeptide,Oily,"['Acne', 'Enlarged Pores']",good fit,0,2,Gentle ingredient with no concern match; neutral fit,0,3,Peptide
Mushroom Extract,Oily,"['Acne', 'Enlarged Pores']",good fit,0,3,Description strongly soothing/calming; low irritancy even without direct concern match,0,1,Plant Extract
Moringa Seed Extract,Oily,"['Acne', 'Enlarged Pores']",possible irritation,1,2,Gentle ingredient with no concern match; neutral fit [label adjusted for expert variance],0,5,Plant Extract
Marshmallow Root,Oily,"['Acne', 'Enlarged Pores']",good fit,0,3,Description strongly soothing/calming; low irritancy even without direct concern match,0,1,Other
Mineral UV Filters,Oily,"['Acne', 'Enlarged Pores']",possible irritation,1,3,Moderate irritancy (3) — possible irritation for Oily skin,1,1,UV Filter
Meadowfoam Seed Oil,Oily,"['Acne', 'Enlarged Pores']",possible irritation,1,3,Moderate irritancy (2) — possible irritation for Oily skin,0,3,Lipid/Oil
Marine Extract,Oily,"['Acne', 'Enlarged Pores']",good fit,0,2,Gentle ingredient with no concern match; neutral fit,0,3,Marine/Algae
Mango Seed Butter,Oily,"['Acne', 'Enlarged Pores']",possible irritation,1,3,Moderate irritancy (2) — possible irritation for Oily skin,0,1,Lipid/Oil
Palmitoyl Oligopeptide,Oily,"['Acne', 'Enlarged Pores']",good fit,0,2,Gentle ingredient with no concern match; neutral fit,0,3,Peptide
Mandelic Acid,Oily,"['Acne', 'Enlarged Pores']",poor fit,2,4,"High combined irritancy score (4): category=AHA, sensitivity=2, desc signals=-1",2,8,AHA
Palmitoyl Nonapeptide,Oily,"['Acne', 'Enlarged Pores']",good fit,0,2,Gentle ingredient with no concern match; neutral fit,0,3,Peptide
Palmitoyl Pentapeptide,Oily,"['Acne', 'Enlarged Pores']",possible irritation,1,2,Gentle ingredient with no concern match; neutral fit [label adjusted for expert variance],0,3,Peptide
Palmitoyl Glycine,Oily,"['Acne', 'Enlarged Pores']",good fit,0,3,Description strongly soothing/calming; low irritancy even without direct concern match,0,3,Amino Acid
Palmitoyl Heptapeptide,Oily,"['Acne', 'Enlarged Pores']",good fit,0,2,Gentle ingredient with no concern match; neutral fit,0,3,Peptide
Octocrylene,Oily,"['Acne', 'Enlarged Pores']",possible irritation,1,3,Moderate irritancy (2) — possible irritation for Oily skin,2,1,Other
Palmitoyl Decapeptide,Oily,"['Acne', 'Enlarged Pores']",good fit,0,2,Gentle ingredient with no concern match; neutral fit [label adjusted for expert variance],0,3,Peptide
Oligopeptide,Oily,"['Acne', 'Enlarged Pores']",good fit,0,2,Gentle ingredient with no concern match; neutral fit,0,3,Peptide
Padina Pavonica Thallus Extract,Oily,"['Acne', 'Enlarged Pores']",good fit,0,2,Gentle ingredient with no concern match; neutral fit,0,3,Plant Extract
Oat Extract,Oily,"['Acne', 'Enlarged Pores']",good fit,0,3,Description strongly soothing/calming; low irritancy even without direct concern match,0,4,Plant Extract
Octisalate,Oily,"['Acne', 'Enlarged Pores']",poor fit,2,4,"High combined irritancy score (4): category=UV Filter, sensitivity=2, desc signals=0",2,1,UV Filter
Octinoxate,Oily,"['Acne', 'Enlarged Pores']",poor fit,2,4,"High combined irritancy score (4): category=UV Filter, sensitivity=2, desc signals=0",2,1,UV Filter
Polyhydroxy Acids,Oily,"['Acne', 'Enlarged Pores']",good fit,0,4,Directly addresses 2 concern(s) and description confirms soothing profile,0,9,Other
Porphyridium Cruentum Extract,Oily,"['Acne', 'Enlarged Pores']",good fit,0,3,Description strongly soothing/calming; low irritancy even without direct concern match,0,3,Plant Extract
Polyporus Umbellatus (Mushroom) Extract,Oily,"['Acne', 'Enlarged Pores']",good fit,0,2,Gentle ingredient with no concern match; neutral fit,0,2,Plant Extract
Phytic Acid,Oily,"['Acne', 'Enlarged Pores']",good fit,0,4,Directly addresses 2 concern(s) and description confirms soothing profile,0,3,Other
Plankton Extract,Oily,"['Acne', 'Enlarged Pores']",good fit,0,3,Description strongly soothing/calming; low irritancy even without direct concern match,0,3,Marine/Algae
Perfluorodecalin,Oily,"['Acne', 'Enlarged Pores']",good fit,0,4,Directly addresses 1 concern(s) and description confirms soothing profile,0,4,Other
Phytosphingosine,Oily,"['Acne', 'Enlarged Pores']",good fit,0,2,Gentle ingredient with no concern match; neutral fit,0,4,Ceramide
Phospholipids,Oily,"['Acne', 'Enlarged Pores']",possible irritation,1,3,Moderate irritancy (2) — possible irritation for Oily skin,0,4,Lipid/Oil
Palmitoyl  Tripeptide-1,Oily,"['Acne', 'Enlarged Pores']",good fit,0,2,Gentle ingredient with no concern match; neutral fit,0,3,Peptide
Pentapeptide,Oily,"['Acne', 'Enlarged Pores']",good fit,0,2,Gentle ingredient with no concern match; neutral fit,0,3,Peptide
Palmitoyl Tetrapeptide,Oily,"['Acne', 'Enlarged Pores']",good fit,0,2,Gentle ingredient with no concern match; neutral fit,0,3,Peptide
Parachlorella Beijerinckii Exopolysaccharides,Oily,"['Acne', 'Enlarged Pores']",good fit,0,2,Gentle ingredient with no concern match; neutral fit,0,3,Other
Retinyl Retinoate,Oily,"['Acne', 'Enlarged Pores']",poor fit,2,4,"High combined irritancy score (7): category=Retinoid, sensitivity=3, desc signals=1",3,9,Retinoid
Palmitoyl Tripeptide,Oily,"['Acne', 'Enlarged Pores']",good fit,0,2,Gentle ingredient with no concern match; neutral fit,0,3,Peptide
Neurophroline,Oily,"['Acne', 'Enlarged Pores']",good fit,0,4,Directly addresses 1 concern(s) and description confirms soothing profile,0,5,Other
Retinyl Propionate,Oily,"['Acne', 'Enlarged Pores']",poor fit,2,4,"High combined irritancy score (6): category=Retinoid, sensitivity=3, desc signals=0",3,7,Retinoid
Retinyl Palmitate,Oily,"['Acne', 'Enlarged Pores']",poor fit,2,4,"High combined irritancy score (5): category=Retinoid, sensitivity=2, desc signals=0",2,1,Retinoid
Retinol,Oily,"['Acne', 'Enlarged Pores']",poor fit,2,4,"High combined irritancy score (6): category=Retinoid, sensitivity=3, desc signals=0",3,9,Retinoid
Resveratrol,Oily,"['Acne', 'Enlarged Pores']",good fit,0,3,Description strongly soothing/calming; low irritancy even without direct concern match,0,3,Other
Red Algae,Oily,"['Acne', 'Enlarged Pores']",good fit,0,3,Description strongly soothing/calming; low irritancy even without direct concern match,0,3,Marine/Algae
Quercetin,Oily,"['Acne', 'Enlarged Pores']",good fit,0,3,Description strongly soothing/calming; low irritancy even without direct concern match,0,3,Other
Pseudoalteromonas Exopolysaccharides,Oily,"['Acne', 'Enlarged Pores']",good fit,0,2,Gentle ingredient with no concern match; neutral fit,0,3,Other
Proline,Oily,"['Acne', 'Enlarged Pores']",possible irritation,1,2,Gentle ingredient with no concern match; neutral fit [label adjusted for expert variance],0,5,Amino Acid
Potassium Azeloyl Diglycinate,Oily,"['Acne', 'Enlarged Pores']",good fit,0,4,Directly addresses 2 concern(s) and description confirms soothing profile,1,7,Other
Probiotics,Oily,"['Acne', 'Enlarged Pores']",good fit,0,4,Directly addresses 1 concern(s) and description confirms soothing profile,0,3,Probiotic/Ferment
Prickly Pear Extract,Oily,"['Acne', 'Enlarged Pores']",possible irritation,1,3,Description strongly soothing/calming; low irritancy even without direct concern match [label adjusted for expert variance],0,1,Plant Extract
Snow Mushroom Extract,Oily,"['Acne', 'Enlarged Pores']",good fit,0,3,Description strongly soothing/calming; low irritancy even without direct concern match,0,4,Plant Extract
Prebiotics,Oily,"['Acne', 'Enlarged Pores']",good fit,0,4,Directly addresses 1 concern(s) and description confirms soothing profile,0,3,Probiotic/Ferment
Shea Butter,Oily,"['Acne', 'Enlarged Pores']",poor fit,2,5,Directly flagged in avoid list for Oily skin and high irritancy (5),2,4,Lipid/Oil
Sesame Seed Oil,Oily,"['Acne', 'Enlarged Pores']",good fit,0,3,Description strongly soothing/calming; low irritancy even without direct concern match,0,1,Lipid/Oil
Silk Protein,Oily,"['Acne', 'Enlarged Pores']",good fit,0,2,Gentle ingredient with no concern match; neutral fit,1,1,Other
Sh-Oligopeptide,Oily,"['Acne', 'Enlarged Pores']",good fit,0,2,Gentle ingredient with no concern match; neutral fit,0,3,Peptide
Serine,Oily,"['Acne', 'Enlarged Pores']",good fit,0,2,Gentle ingredient with no concern match; neutral fit,0,2,Amino Acid
Sea Buckthorn Water,Oily,"['Acne', 'Enlarged Pores']",good fit,0,2,Gentle ingredient with no concern match; neutral fit,0,1,Plant Extract
Saskatoon Berry,Oily,"['Acne', 'Enlarged Pores']",good fit,0,2,Gentle ingredient with no concern match; neutral fit,0,0,Other
Salicylic Acid,Oily,"['Acne', 'Enlarged Pores']",poor fit,2,4,"High combined irritancy score (6): category=BHA, sensitivity=4, desc signals=-1",4,8,BHA
Rosemary Leaf Extract,Oily,"['Acne', 'Enlarged Pores']",good fit,0,3,Description strongly soothing/calming; low irritancy even without direct concern match,0,1,Plant Extract
Safflower Seed Oil,Oily,"['Acne', 'Enlarged Pores']",poor fit,2,5,Directly flagged in avoid list for Oily skin and high irritancy (3),1,3,Lipid/Oil
Saccharomyces Cerevisiae (Yeast) Extract,Oily,"['Acne', 'Enlarged Pores']",good fit,0,4,Directly addresses 1 concern(s) and description confirms soothing profile,0,3,Probiotic/Ferment
Sacred Lotus Flower Extract,Oily,"['Acne', 'Enlarged Pores']",possible irritation,1,2,Gentle ingredient with no concern match; neutral fit [label adjusted for expert variance],0,4,Plant Extract
Tasmanian Pepperberry Extract,Oily,"['Acne', 'Enlarged Pores']",good fit,0,3,Description strongly soothing/calming; low irritancy even without direct concern match,0,1,Plant Extract
Tartaric Acid,Oily,"['Acne', 'Enlarged Pores']",possible irritation,1,3,Moderate irritancy (3) — possible irritation for Oily skin,1,4,AHA
Rhamnose,Oily,"['Acne', 'Enlarged Pores']",good fit,0,4,Directly addresses 1 concern(s) and description confirms soothing profile,0,3,Other
Sweet Almond Oil,Oily,"['Acne', 'Enlarged Pores']",possible irritation,1,4,Flagged in avoid list for Oily skin; ingredient is relatively mild,1,2,Lipid/Oil
Symsitive,Oily,"['Acne', 'Enlarged Pores']",possible irritation,1,3,Description strongly soothing/calming; low irritancy even without direct concern match [label adjusted for expert variance],0,1,Other
Sugar Cane Extract,Oily,"['Acne', 'Enlarged Pores']",good fit,0,4,Directly addresses 2 concern(s) and description confirms soothing profile,0,5,Plant Extract
Superoxide Dismutase,Oily,"['Acne', 'Enlarged Pores']",good fit,0,3,Description strongly soothing/calming; low irritancy even without direct concern match,0,0,Other
Sunflower Oil,Oily,"['Acne', 'Enlarged Pores']",possible irritation,1,4,Flagged in avoid list for Oily skin; ingredient is relatively mild,1,3,Lipid/Oil
Spent Grain Wax,Oily,"['Acne', 'Enlarged Pores']",possible irritation,1,3,Moderate irritancy (3) — possible irritation for Oily skin,0,2,Lipid/Oil
Sulfur,Oily,"['Acne', 'Enlarged Pores']",good fit,0,4,Directly addresses 1 concern(s) and description confirms soothing profile,0,2,Mineral
Squalane,Oily,"['Acne', 'Enlarged Pores']",good fit,0,2,Gentle ingredient with no concern match; neutral fit,0,4,Lipid/Oil
Urea,Oily,"['Acne', 'Enlarged Pores']",good fit,0,2,Gentle ingredient with no concern match; neutral fit,0,3,Humectant
Sodium Lactate,Oily,"['Acne', 'Enlarged Pores']",good fit,0,2,Gentle ingredient with no concern match; neutral fit,0,2,Humectant
Turmeric Root Extract,Oily,"['Acne', 'Enlarged Pores']",good fit,0,3,Description strongly soothing/calming; low irritancy even without direct concern match,0,1,Plant Extract
Valine,Oily,"['Acne', 'Enlarged Pores']",good fit,0,2,Gentle ingredient with no concern match; neutral fit,0,2,Amino Acid
Trehalose,Oily,"['Acne', 'Enlarged Pores']",good fit,0,2,Gentle ingredient with no concern match; neutral fit,0,2,Humectant
Tripleurospermum Maritimum Extract,Oily,"['Acne', 'Enlarged Pores']",good fit,0,3,Description strongly soothing/calming; low irritancy even without direct concern match,0,3,Plant Extract
Triazine Diethyl Butamidotriazone,Oily,"['Acne', 'Enlarged Pores']",poor fit,2,4,"High combined irritancy score (4): category=UV Filter, sensitivity=2, desc signals=0",2,1,UV Filter
Thiamidol,Oily,"['Acne', 'Enlarged Pores']",good fit,0,2,Gentle ingredient with no concern match; neutral fit,0,2,Other
Tranexamic Acid,Oily,"['Acne', 'Enlarged Pores']",good fit,0,2,Gentle ingredient with no concern match; neutral fit,0,3,Other
Tomato Stem Cells,Oily,"['Acne', 'Enlarged Pores']",good fit,0,2,Gentle ingredient with no concern match; neutral fit,0,3,Plant Extract
Teprenone,Oily,"['Acne', 'Enlarged Pores']",good fit,0,3,Addresses 1 concern(s); low irritancy,0,5,Other
Threonine,Oily,"['Acne', 'Enlarged Pores']",good fit,0,2,Gentle ingredient with no concern match; neutral fit,0,2,Amino Acid
Zinc Gluconate,Oily,"['Acne', 'Enlarged Pores']",good fit,0,4,Directly addresses 2 concern(s) and description confirms soothing profile,0,4,Mineral
Tetrahexyldecyl Ascorbate,Oily,"['Acne', 'Enlarged Pores']",possible irritation,1,3,Moderate irritancy (2) — possible irritation for Oily skin,1,5,Vitamin C
Zinc,Oily,"['Acne', 'Enlarged Pores']",good fit,0,4,Directly addresses 1 concern(s) and description confirms soothing profile,0,4,Mineral
Yerba Mate Extract,Oily,"['Acne', 'Enlarged Pores']",good fit,0,3,Description strongly soothing/calming; low irritancy even without direct concern match,0,1,Plant Extract
Yeast Amino Acids,Oily,"['Acne', 'Enlarged Pores']",good fit,0,2,Gentle ingredient with no concern match; neutral fit,0,1,Probiotic/Ferment
Willow Herb Extract,Oily,"['Acne', 'Enlarged Pores']",good fit,0,3,Description strongly soothing/calming; low irritancy even without direct concern match,0,1,Plant Extract
Willow Bark Extract,Oily,"['Acne', 'Enlarged Pores']",possible irritation,1,3,Moderate irritancy (2) — possible irritation for Oily skin,2,6,Plant Extract
Wild Cherry Extract,Oily,"['Acne', 'Enlarged Pores']",good fit,0,3,Description strongly soothing/calming; low irritancy even without direct concern match,0,1,Plant Extract
White Tea,Oily,"['Acne', 'Enlarged Pores']",good fit,0,3,Description strongly soothing/calming; low irritancy even without direct concern match,0,1,Other
Vitamin K1,Oily,"['Acne', 'Enlarged Pores']",good fit,0,3,Addresses 1 concern(s); low irritancy,0,1,Vitamin
Vitamin E,Oily,"['Acne', 'Enlarged Pores']",good fit,0,2,Gentle ingredient with no concern match; neutral fit,0,4,Vitamin
Vitamin C,Oily,"['Acne', 'Enlarged Pores']",poor fit,2,4,"High combined irritancy score (4): category=Vitamin C, sensitivity=3, desc signals=0",3,5,Vitamin C
Vitamin B5,Oily,"['Acne', 'Enlarged Pores']",good fit,0,3,Description strongly soothing/calming; low irritancy even without direct concern match,0,5,Vitamin
Vitamin A,Oily,"['Acne', 'Enlarged Pores']",poor fit,2,4,"High combined irritancy score (7): category=Retinoid, sensitivity=3, desc signals=1",3,9,Retinoid
Vibrio Alginolyticus Ferment Filtrate,Oily,"['Acne', 'Enlarged Pores']",good fit,0,2,Gentle ingredient with no concern match; neutral fit,0,3,Probiotic/Ferment
Tea Tree Oil,Oily,"['Acne', 'Enlarged Pores']",good fit,0,3,Description strongly soothing/calming; low irritancy even without direct concern match,0,2,Lipid/Oil
Zinc Sulfate,Oily,"['Acne', 'Enlarged Pores']",good fit,0,4,Directly addresses 1 concern(s) and description confirms soothing profile,0,1,Mineral
Zinc PCA,Oily,"['Acne', 'Enlarged Pores']",good fit,0,4,Directly addresses 2 concern(s) and description confirms soothing profile,0,5,Mineral
Neoglucosamine,Oily,"['Acne', 'Enlarged Pores']",good fit,0,3,Addresses 1 concern(s); low irritancy,1,8,Other
Taurine,Oily,"['Acne', 'Enlarged Pores']",good fit,0,2,Gentle ingredient with no concern match; neutral fit,0,3,Amino Acid
Sodium Ascorbyl Phosphate,Oily,"['Acne', 'Enlarged Pores']",possible irritation,1,3,Moderate irritancy (2) — possible irritation for Oily skin,1,5,Vitamin C
Alpha-Glucan Oligosaccharide,Oily,"['Acne', 'Blackheads']",good fit,0,4,Directly addresses 2 concern(s) and description confirms soothing profile,0,3,Other
Aloe Vera,Oily,"['Acne', 'Blackheads']",good fit,0,3,Description strongly soothing/calming; low irritancy even without direct concern match,0,4,Other
Allantoin,Oily,"['Acne', 'Blackheads']",good fit,0,3,Description strongly soothing/calming; low irritancy even without direct concern match,0,3,Other
Algin,Oily,"['Acne', 'Blackheads']",good fit,0,2,Gentle ingredient with no concern match; neutral fit,0,3,Other
Algae Extract,Oily,"['Acne', 'Blackheads']",good fit,0,2,Gentle ingredient with no concern match; neutral fit,0,3,Marine/Algae
Algae Exopolysaccharides,Oily,"['Acne', 'Blackheads']",good fit,0,2,Gentle ingredient with no concern match; neutral fit,0,3,Marine/Algae
Alaria Esculenta Extract,Oily,"['Acne', 'Blackheads']",good fit,0,2,Gentle ingredient with no concern match; neutral fit,0,3,Plant Extract
Alanine,Oily,"['Acne', 'Blackheads']",good fit,0,2,Gentle ingredient with no concern match; neutral fit,0,2,Amino Acid
Ahnfeltia Concinna Extract,Oily,"['Acne', 'Blackheads']",good fit,0,2,Gentle ingredient with no concern match; neutral fit,0,3,Plant Extract
Adenosine,Oily,"['Acne', 'Blackheads']",good fit,0,4,Directly addresses 1 concern(s) and description confirms soothing profile,0,7,Other
Acetyl Tyrosinamide,Oily,"['Acne', 'Blackheads']",good fit,0,2,Gentle ingredient with no concern match; neutral fit,0,3,Other
Acetyl Tetrapeptide,Oily,"['Acne', 'Blackheads']",good fit,0,2,Gentle ingredient with no concern match; neutral fit,0,3,Peptide
Acetyl Glucosamine,Oily,"['Acne', 'Blackheads']",good fit,0,2,Gentle ingredient with no concern match; neutral fit,0,7,Other
Acetylarginyltryptophyl Diphenylglycine,Oily,"['Acne', 'Blackheads']",good fit,0,2,Gentle ingredient with no concern match; neutral fit,0,3,Amino Acid
Acai Extract,Oily,"['Acne', 'Blackheads']",possible irritation,1,2,Gentle ingredient with no concern match; neutral fit [label adjusted for expert variance],0,0,Plant Extract
Ascorbic Acid,Oily,"['Acne', 'Blackheads']",poor fit,2,4,"High combined irritancy score (7): category=Vitamin C, sensitivity=3, desc signals=3",3,5,Vitamin C
Ascophyllum Nodosum Extract,Oily,"['Acne', 'Blackheads']",good fit,0,2,Gentle ingredient with no concern match; neutral fit,0,3,Plant Extract
Arginine PCA,Oily,"['Acne', 'Blackheads']",good fit,0,2,Gentle ingredient with no concern match; neutral fit,0,2,Amino Acid
Arginine/Lysine Polypeptide,Oily,"['Acne', 'Blackheads']",good fit,0,2,Gentle ingredient with no concern match; neutral fit,0,3,Peptide
Arginine HCL,Oily,"['Acne', 'Blackheads']",good fit,0,2,Gentle ingredient with no concern match; neutral fit,0,2,Amino Acid
Arginine,Oily,"['Acne', 'Blackheads']",good fit,0,2,Gentle ingredient with no concern match; neutral fit,0,3,Amino Acid
Argan Oil,Oily,"['Acne', 'Blackheads']",possible irritation,1,4,Flagged in avoid list for Oily skin; ingredient is relatively mild,1,3,Lipid/Oil
Arbutin,Oily,"['Acne', 'Blackheads']",good fit,0,2,Gentle ingredient with no concern match; neutral fit,1,2,Other
Aquagenium,Oily,"['Acne', 'Blackheads']",possible irritation,1,2,Gentle ingredient with no concern match; neutral fit [label adjusted for expert variance],0,2,Other
Apple Stem Cells,Oily,"['Acne', 'Blackheads']",good fit,0,2,Gentle ingredient with no concern match; neutral fit,0,3,Plant Extract
Apple Polyphenols,Oily,"['Acne', 'Blackheads']",good fit,0,3,Description strongly soothing/calming; low irritancy even without direct concern match,0,0,Other
Apple Extract,Oily,"['Acne', 'Blackheads']",good fit,0,2,Gentle ingredient with no concern match; neutral fit,0,0,Plant Extract
Anti-Ageing Peptides,Oily,"['Acne', 'Blackheads']",good fit,0,2,Gentle ingredient with no concern match; neutral fit,0,3,Peptide
Amino Acids,Oily,"['Acne', 'Blackheads']",good fit,0,2,Gentle ingredient with no concern match; neutral fit,0,5,Amino Acid
Alteromonas Ferment Extract,Oily,"['Acne', 'Blackheads']",good fit,0,3,Description strongly soothing/calming; low irritancy even without direct concern match,0,3,Probiotic/Ferment
Bifida Ferment Lysate,Oily,"['Acne', 'Blackheads']",good fit,0,4,Directly addresses 2 concern(s) and description confirms soothing profile,0,3,Probiotic/Ferment
Beta Glucan,Oily,"['Acne', 'Blackheads']",good fit,0,3,Description strongly soothing/calming; low irritancy even without direct concern match,0,5,Other
Bakuchiol,Oily,"['Acne', 'Blackheads']",good fit,0,2,Gentle ingredient with no concern match; neutral fit,0,3,Other
Azelaoyl Bis-Dipeptide,Oily,"['Acne', 'Blackheads']",good fit,0,2,Gentle ingredient with no concern match; neutral fit,1,3,Peptide
Azelaic Acid,Oily,"['Acne', 'Blackheads']",good fit,0,4,Directly addresses 2 concern(s) and description confirms soothing profile,1,8,Other
Avocado Oil,Oily,"['Acne', 'Blackheads']",possible irritation,1,4,Flagged in avoid list for Oily skin; ingredient is relatively mild,1,3,Lipid/Oil
Avocado Ferment,Oily,"['Acne', 'Blackheads']",good fit,0,2,Gentle ingredient with no concern match; neutral fit,0,3,Probiotic/Ferment
Avene Thermal Water,Oily,"['Acne', 'Blackheads']",good fit,0,3,Description strongly soothing/calming; low irritancy even without direct concern match,0,5,Plant Extract
Asparagopsis Armata Extract,Oily,"['Acne', 'Blackheads']",good fit,0,2,Gentle ingredient with no concern match; neutral fit,0,3,Plant Extract
Ascorbyl Palmitate,Oily,"['Acne', 'Blackheads']",possible irritation,1,3,Moderate irritancy (2) — possible irritation for Oily skin,1,1,Vitamin C
Ascorbyl Glucoside,Oily,"['Acne', 'Blackheads']",possible irritation,1,3,Moderate irritancy (2) — possible irritation for Oily skin,1,5,Vitamin C
Caffeine,Oily,"['Acne', 'Blackheads']",good fit,0,2,Gentle ingredient with no concern match; neutral fit,0,3,Other
Caffeic Acid,Oily,"['Acne', 'Blackheads']",good fit,0,3,Description strongly soothing/calming; low irritancy even without direct concern match,0,1,Other
Cabbage Leaf Extract,Oily,"['Acne', 'Blackheads']",good fit,0,3,Description strongly soothing/calming; low irritancy even without direct concern match,0,0,Plant Extract
Butyl Methoxydibenzoylmethane,Oily,"['Acne', 'Blackheads']",poor fit,2,4,"High combined irritancy score (4): category=UV Filter, sensitivity=2, desc signals=0",2,1,UV Filter
Blue Mallow Extract,Oily,"['Acne', 'Blackheads']",possible irritation,1,3,Description strongly soothing/calming; low irritancy even without direct concern match [label adjusted for expert variance],0,0,Plant Extract
Blue Lotus Extract,Oily,"['Acne', 'Blackheads']",possible irritation,1,3,Description strongly soothing/calming; low irritancy even without direct concern match [label adjusted for expert variance],0,0,Plant Extract
Blueberry Extract,Oily,"['Acne', 'Blackheads']",good fit,0,3,Description strongly soothing/calming; low irritancy even without direct concern match,0,0,Plant Extract
Bilberry Extract,Oily,"['Acne', 'Blackheads']",good fit,0,3,Description strongly soothing/calming; low irritancy even without direct concern match,0,1,Plant Extract
Bis-Ethylhexyloxyphenol Methoxyphenyl Triazine,Oily,"['Acne', 'Blackheads']",poor fit,2,4,"High combined irritancy score (5): category=UV Filter, sensitivity=2, desc signals=1",2,1,UV Filter
Bisabolol,Oily,"['Acne', 'Blackheads']",good fit,0,3,Description strongly soothing/calming; low irritancy even without direct concern match,0,5,Other
Bio-Active Glucosides,Oily,"['Acne', 'Blackheads']",good fit,0,3,Description strongly soothing/calming; low irritancy even without direct concern match [label adjusted for expert variance],0,1,Other
Chondrus Crispus,Oily,"['Acne', 'Blackheads']",good fit,0,2,Gentle ingredient with no concern match; neutral fit,0,3,Other
Cholesterol,Oily,"['Acne', 'Blackheads']",good fit,0,2,Gentle ingredient with no concern match; neutral fit,0,3,Other
Chlorophyll,Oily,"['Acne', 'Blackheads']",good fit,0,3,Description strongly soothing/calming; low irritancy even without direct concern match,0,0,Other
Chlorella Vulgaris Extract,Oily,"['Acne', 'Blackheads']",good fit,0,2,Gentle ingredient with no concern match; neutral fit,0,3,Plant Extract
Chamomile Extract,Oily,"['Acne', 'Blackheads']",good fit,0,3,Description strongly soothing/calming; low irritancy even without direct concern match [label adjusted for expert variance],0,2,Plant Extract
Chlorella Protothecoides Oil,Oily,"['Acne', 'Blackheads']",good fit,0,2,Gentle ingredient with no concern match; neutral fit,0,3,Lipid/Oil
Ceramides,Oily,"['Acne', 'Blackheads']",good fit,0,3,Description strongly soothing/calming; low irritancy even without direct concern match,0,5,Ceramide
Chlorella Protothecoides,Oily,"['Acne', 'Blackheads']",good fit,0,2,Gentle ingredient with no concern match; neutral fit,0,3,Other
Chemical UV Filters,Oily,"['Acne', 'Blackheads']",possible irritation,1,3,Moderate irritancy (3) — possible irritation for Oily skin,1,1,UV Filter
Caprooyl Sphingosine,Oily,"['Acne', 'Blackheads']",good fit,0,2,Gentle ingredient with no concern match; neutral fit,0,4,Ceramide
Centella Asiatica,Oily,"['Acne', 'Blackheads']",good fit,0,4,Directly addresses 1 concern(s) and description confirms soothing profile,0,5,Other
Carnosine,Oily,"['Acne', 'Blackheads']",good fit,0,2,Gentle ingredient with no concern match; neutral fit,0,1,Other
Caprooyl Phytosphingosine,Oily,"['Acne', 'Blackheads']",good fit,0,2,Gentle ingredient with no concern match; neutral fit,0,4,Ceramide
Ectoin,Oily,"['Acne', 'Blackheads']",good fit,0,3,Description strongly soothing/calming; low irritancy even without direct concern match,0,2,Other
Dunaliella Salina (Green Algae) Extract,Oily,"['Acne', 'Blackheads']",good fit,0,2,Gentle ingredient with no concern match; neutral fit,0,3,Marine/Algae
Dioic Acid,Oily,"['Acne', 'Blackheads']",good fit,0,4,Directly addresses 1 concern(s) and description confirms soothing profile,0,3,Other
Cucumber Extract,Oily,"['Acne', 'Blackheads']",good fit,0,3,Description strongly soothing/calming; low irritancy even without direct concern match,0,0,Plant Extract
Dipeptide Diaminobutyroyl Benzylamide Diacetate,Oily,"['Acne', 'Blackheads']",good fit,0,2,Gentle ingredient with no concern match; neutral fit [label adjusted for expert variance],0,3,Peptide
Dipeptide,Oily,"['Acne', 'Blackheads']",good fit,0,2,Gentle ingredient with no concern match; neutral fit,0,3,Peptide
Copper Peptide,Oily,"['Acne', 'Blackheads']",good fit,0,2,Gentle ingredient with no concern match; neutral fit,0,3,Peptide
Copper Palmitoyl Heptapeptide,Oily,"['Acne', 'Blackheads']",good fit,0,2,Gentle ingredient with no concern match; neutral fit,0,3,Peptide
Copper Heptapeptide-14 Pantothenate,Oily,"['Acne', 'Blackheads']",good fit,0,2,Gentle ingredient with no concern match; neutral fit,0,3,Peptide
Coffee Seed Extract,Oily,"['Acne', 'Blackheads']",good fit,0,3,Description strongly soothing/calming; low irritancy even without direct concern match,0,1,Plant Extract
Citric Acid,Oily,"['Acne', 'Blackheads']",possible irritation,1,3,Moderate irritancy (3) — possible irritation for Oily skin,0,4,AHA
Cinnamon Bark,Oily,"['Acne', 'Blackheads']",good fit,0,4,Directly addresses 1 concern(s) and description confirms soothing profile,0,1,Other
Fomes Ofﬁcinalis (Mushroom) Extract,Oily,"['Acne', 'Blackheads']",good fit,0,2,Gentle ingredient with no concern match; neutral fit,0,3,Plant Extract
Ginkgo Biloba,Oily,"['Acne', 'Blackheads']",good fit,0,3,Description strongly soothing/calming; low irritancy even without direct concern match,0,1,Other
Fructooligosaccharides,Oily,"['Acne', 'Blackheads']",good fit,0,4,Directly addresses 2 concern(s) and description confirms soothing profile,0,3,Other
Feverfew Extract,Oily,"['Acne', 'Blackheads']",good fit,0,3,Description strongly soothing/calming; low irritancy even without direct concern match,0,1,Plant Extract
Ferulic Acid,Oily,"['Acne', 'Blackheads']",good fit,0,2,Gentle ingredient with no concern match; neutral fit,0,0,Vitamin
Ethylhexyl Triazone,Oily,"['Acne', 'Blackheads']",poor fit,2,4,"High combined irritancy score (4): category=UV Filter, sensitivity=2, desc signals=0",2,1,UV Filter
Ferric Hexapeptide,Oily,"['Acne', 'Blackheads']",good fit,0,2,Gentle ingredient with no concern match; neutral fit,0,3,Peptide
Fernblock,Oily,"['Acne', 'Blackheads']",good fit,0,2,Gentle ingredient with no concern match; neutral fit,0,0,Other
Evening Primrose Oil,Oily,"['Acne', 'Blackheads']",possible irritation,1,3,Description strongly soothing/calming; low irritancy even without direct concern match [label adjusted for expert variance],0,2,Lipid/Oil
Essential Lipids,Oily,"['Acne', 'Blackheads']",good fit,0,2,Gentle ingredient with no concern match; neutral fit,0,5,Other
Endothelyol,Oily,"['Acne', 'Blackheads']",good fit,0,3,Description strongly soothing/calming; low irritancy even without direct concern match [label adjusted for expert variance],0,1,Other
Ethylhexyl Salicylate,Oily,"['Acne', 'Blackheads']",possible irritation,1,3,Moderate irritancy (2) — possible irritation for Oily skin,2,1,Other
Ethyl Ascorbic Acid,Oily,"['Acne', 'Blackheads']",possible irritation,1,3,Moderate irritancy (2) — possible irritation for Oily skin,1,4,Vitamin C
Green Tea,Oily,"['Acne', 'Blackheads']",good fit,0,3,Description strongly soothing/calming; low irritancy even without direct concern match,0,2,Other
Glycosphingolipids,Oily,"['Acne', 'Blackheads']",good fit,0,2,Gentle ingredient with no concern match; neutral fit,0,4,Ceramide
Glycoproteins,Oily,"['Acne', 'Blackheads']",good fit,0,2,Gentle ingredient with no concern match; neutral fit,0,4,Other
Glycolipids,Oily,"['Acne', 'Blackheads']",possible irritation,1,2,Gentle ingredient with no concern match; neutral fit [label adjusted for expert variance],0,2,Other
Golden-Eye Grass Complex,Oily,"['Acne', 'Blackheads']",good fit,0,2,Gentle ingredient with no concern match; neutral fit,0,1,Other
Glycolic Acid,Oily,"['Acne', 'Blackheads']",poor fit,2,4,"High combined irritancy score (6): category=AHA, sensitivity=2, desc signals=2",2,8,AHA
Glycine,Oily,"['Acne', 'Blackheads']",good fit,0,2,Gentle ingredient with no concern match; neutral fit,0,5,Amino Acid
Glyceryl Glucoside,Oily,"['Acne', 'Blackheads']",good fit,0,2,Gentle ingredient with no concern match; neutral fit,0,4,Other
Gluconolactone,Oily,"['Acne', 'Blackheads']",good fit,0,4,Directly addresses 2 concern(s) and description confirms soothing profile,0,9,Other
EGCG,Oily,"['Acne', 'Blackheads']",good fit,0,3,Description strongly soothing/calming; low irritancy even without direct concern match,0,1,Other
Indian Gooseberry,Oily,"['Acne', 'Blackheads']",good fit,0,2,Gentle ingredient with no concern match; neutral fit,0,1,Other
Hydroxypinacolone Retinoate,Oily,"['Acne', 'Blackheads']",poor fit,2,4,"High combined irritancy score (6): category=Retinoid, sensitivity=3, desc signals=0",3,9,Retinoid
Hydrolyzed Pumpkin Seedcake,Oily,"['Acne', 'Blackheads']",good fit,0,2,Gentle ingredient with no concern match; neutral fit,0,6,Other
Hydrolyzed F-Fucoidan,Oily,"['Acne', 'Blackheads']",good fit,0,2,Gentle ingredient with no concern match; neutral fit [label adjusted for expert variance],0,3,Marine/Algae
Homosalate,Oily,"['Acne', 'Blackheads']",poor fit,2,4,"High combined irritancy score (4): category=UV Filter, sensitivity=2, desc signals=0",2,1,UV Filter
Humectants,Oily,"['Acne', 'Blackheads']",good fit,0,2,Gentle ingredient with no concern match; neutral fit,0,5,Humectant
Hibiscus Fruit Extract,Oily,"['Acne', 'Blackheads']",good fit,0,2,Gentle ingredient with no concern match; neutral fit,0,0,Plant Extract
Horse Chestnut,Oily,"['Acne', 'Blackheads']",possible irritation,1,3,Description strongly soothing/calming; low irritancy even without direct concern match [label adjusted for expert variance],0,1,Other
Heptapeptide-15 Palmitate,Oily,"['Acne', 'Blackheads']",good fit,0,2,Gentle ingredient with no concern match; neutral fit,0,3,Peptide
Guarana Extract,Oily,"['Acne', 'Blackheads']",good fit,0,2,Gentle ingredient with no concern match; neutral fit,0,0,Plant Extract
Histidine,Oily,"['Acne', 'Blackheads']",good fit,0,2,Gentle ingredient with no concern match; neutral fit,0,4,Amino Acid
Lecithin,Oily,"['Acne', 'Blackheads']",possible irritation,1,3,Moderate irritancy (2) — possible irritation for Oily skin,0,4,Lipid/Oil
L-Carnitine,Oily,"['Acne', 'Blackheads']",good fit,0,4,Directly addresses 2 concern(s) and description confirms soothing profile,0,3,Other
Lactobionic Acid,Oily,"['Acne', 'Blackheads']",good fit,0,4,Directly addresses 2 concern(s) and description confirms soothing profile,0,9,Other
L-Ascorbic Acid,Oily,"['Acne', 'Blackheads']",poor fit,2,4,"High combined irritancy score (7): category=Vitamin C, sensitivity=3, desc signals=3",3,5,Vitamin C
Laminaria Ochroleuca (Kelp) Extract,Oily,"['Acne', 'Blackheads']",good fit,0,3,Description strongly soothing/calming; low irritancy even without direct concern match,0,3,Marine/Algae
Lactococcus Ferment Lysate,Oily,"['Acne', 'Blackheads']",good fit,0,4,Directly addresses 2 concern(s) and description confirms soothing profile,0,3,Probiotic/Ferment
Lactic Acid,Oily,"['Acne', 'Blackheads']",poor fit,2,4,"High combined irritancy score (4): category=AHA, sensitivity=2, desc signals=0",2,8,AHA
Lactobacillus Ferment,Oily,"['Acne', 'Blackheads']",good fit,0,4,Directly addresses 2 concern(s) and description confirms soothing profile,0,3,Probiotic/Ferment
Lactobacillus Extract Filtrate,Oily,"['Acne', 'Blackheads']",good fit,0,4,Directly addresses 2 concern(s) and description confirms soothing profile,0,3,Probiotic/Ferment
Jojoba Oil,Oily,"['Acne', 'Blackheads']",possible irritation,1,2,Gentle ingredient with no concern match; neutral fit [label adjusted for expert variance],0,4,Lipid/Oil
Kola Seed Extract,Oily,"['Acne', 'Blackheads']",good fit,0,2,Gentle ingredient with no concern match; neutral fit,0,0,Plant Extract
Jeju Green Tea Water,Oily,"['Acne', 'Blackheads']",good fit,0,3,Description strongly soothing/calming; low irritancy even without direct concern match,0,3,Plant Extract
Kojic Acid,Oily,"['Acne', 'Blackheads']",good fit,0,2,Gentle ingredient with no concern match; neutral fit,0,3,Other
Isoleucine,Oily,"['Acne', 'Blackheads']",good fit,0,2,Gentle ingredient with no concern match; neutral fit,0,2,Amino Acid
Jojoba Beads,Oily,"['Acne', 'Blackheads']",good fit,0,2,Gentle ingredient with no concern match; neutral fit,0,2,Other
Macrocystis Pyrifera (Kelp) Extract,Oily,"['Acne', 'Blackheads']",good fit,0,2,Gentle ingredient with no concern match; neutral fit,0,3,Marine/Algae
Magnesium Sulfate,Oily,"['Acne', 'Blackheads']",good fit,0,3,Description strongly soothing/calming; low irritancy even without direct concern match,0,1,Mineral
Magnesium Ascorbyl Phosphate,Oily,"['Acne', 'Blackheads']",poor fit,2,4,"High combined irritancy score (4): category=Vitamin C, sensitivity=1, desc signals=2",1,3,Vitamin C
Lysine,Oily,"['Acne', 'Blackheads']",good fit,0,2,Gentle ingredient with no concern match; neutral fit,0,6,Amino Acid
Lily Extract,Oily,"['Acne', 'Blackheads']",good fit,0,3,Description strongly soothing/calming; low irritancy even without direct concern match,0,0,Plant Extract
Luffa Cylindrica Extract,Oily,"['Acne', 'Blackheads']",possible irritation,1,2,Gentle ingredient with no concern match; neutral fit [label adjusted for expert variance],0,0,Plant Extract
Linolenic Acid,Oily,"['Acne', 'Blackheads']",good fit,0,2,Gentle ingredient with no concern match; neutral fit,0,4,Lipid/Oil
Linoleic Acid,Oily,"['Acne', 'Blackheads']",possible irritation,1,3,Moderate irritancy (2) — possible irritation for Oily skin,0,4,Lipid/Oil
Leucine,Oily,"['Acne', 'Blackheads']",good fit,0,2,Gentle ingredient with no concern match; neutral fit,0,6,Amino Acid
Licorice Extract,Oily,"['Acne', 'Blackheads']",good fit,0,3,Description strongly soothing/calming; low irritancy even without direct concern match [label adjusted for expert variance],0,4,Plant Extract
Natural Moisturising Factors,Oily,"['Acne', 'Blackheads']",good fit,0,2,Gentle ingredient with no concern match; neutral fit,0,5,Other
Licochalcone A,Oily,"['Acne', 'Blackheads']",good fit,0,3,Description strongly soothing/calming; low irritancy even without direct concern match,0,0,Other
Naringenin Chalcone,Oily,"['Acne', 'Blackheads']",good fit,0,3,Description strongly soothing/calming; low irritancy even without direct concern match,0,2,Other
Myristoyl Nonapeptide,Oily,"['Acne', 'Blackheads']",good fit,0,2,Gentle ingredient with no concern match; neutral fit,0,3,Peptide
Myristol Pentapeptide,Oily,"['Acne', 'Blackheads']",good fit,0,2,Gentle ingredient with no concern match; neutral fit,0,3,Peptide
Milk Thistle Extract,Oily,"['Acne', 'Blackheads']",good fit,0,3,Description strongly soothing/calming; low irritancy even without direct concern match,0,2,Plant Extract
Myristol Hexapeptide,Oily,"['Acne', 'Blackheads']",good fit,0,2,Gentle ingredient with no concern match; neutral fit,0,3,Peptide
Mushroom Extract,Oily,"['Acne', 'Blackheads']",good fit,0,3,Description strongly soothing/calming; low irritancy even without direct concern match,0,1,Plant Extract
Moringa Seed Extract,Oily,"['Acne', 'Blackheads']",good fit,0,2,Gentle ingredient with no concern match; neutral fit,0,5,Plant Extract
Marshmallow Root,Oily,"['Acne', 'Blackheads']",good fit,0,3,Description strongly soothing/calming; low irritancy even without direct concern match,0,1,Other
Mineral UV Filters,Oily,"['Acne', 'Blackheads']",possible irritation,1,3,Moderate irritancy (3) — possible irritation for Oily skin,1,1,UV Filter
Meadowfoam Seed Oil,Oily,"['Acne', 'Blackheads']",possible irritation,1,3,Moderate irritancy (2) — possible irritation for Oily skin,0,3,Lipid/Oil
Marine Extract,Oily,"['Acne', 'Blackheads']",possible irritation,1,2,Gentle ingredient with no concern match; neutral fit [label adjusted for expert variance],0,3,Marine/Algae
Mango Seed Butter,Oily,"['Acne', 'Blackheads']",possible irritation,1,3,Moderate irritancy (2) — possible irritation for Oily skin,0,1,Lipid/Oil
Palmitoyl Oligopeptide,Oily,"['Acne', 'Blackheads']",good fit,0,2,Gentle ingredient with no concern match; neutral fit,0,3,Peptide
Mandelic Acid,Oily,"['Acne', 'Blackheads']",poor fit,2,4,"High combined irritancy score (4): category=AHA, sensitivity=2, desc signals=-1",2,8,AHA
Palmitoyl Nonapeptide,Oily,"['Acne', 'Blackheads']",good fit,0,2,Gentle ingredient with no concern match; neutral fit,0,3,Peptide
Palmitoyl Pentapeptide,Oily,"['Acne', 'Blackheads']",good fit,0,2,Gentle ingredient with no concern match; neutral fit,0,3,Peptide
Palmitoyl Glycine,Oily,"['Acne', 'Blackheads']",good fit,0,3,Description strongly soothing/calming; low irritancy even without direct concern match,0,3,Amino Acid
Palmitoyl Heptapeptide,Oily,"['Acne', 'Blackheads']",good fit,0,2,Gentle ingredient with no concern match; neutral fit,0,3,Peptide
Octocrylene,Oily,"['Acne', 'Blackheads']",possible irritation,1,3,Moderate irritancy (2) — possible irritation for Oily skin,2,1,Other
Palmitoyl Decapeptide,Oily,"['Acne', 'Blackheads']",good fit,0,2,Gentle ingredient with no concern match; neutral fit,0,3,Peptide
Oligopeptide,Oily,"['Acne', 'Blackheads']",good fit,0,2,Gentle ingredient with no concern match; neutral fit,0,3,Peptide
Padina Pavonica Thallus Extract,Oily,"['Acne', 'Blackheads']",good fit,0,2,Gentle ingredient with no concern match; neutral fit,0,3,Plant Extract
Oat Extract,Oily,"['Acne', 'Blackheads']",good fit,0,3,Description strongly soothing/calming; low irritancy even without direct concern match,0,4,Plant Extract
Octisalate,Oily,"['Acne', 'Blackheads']",poor fit,2,4,"High combined irritancy score (4): category=UV Filter, sensitivity=2, desc signals=0",2,1,UV Filter
Octinoxate,Oily,"['Acne', 'Blackheads']",poor fit,2,4,"High combined irritancy score (4): category=UV Filter, sensitivity=2, desc signals=0",2,1,UV Filter
Polyhydroxy Acids,Oily,"['Acne', 'Blackheads']",good fit,0,4,Directly addresses 2 concern(s) and description confirms soothing profile,0,9,Other
Porphyridium Cruentum Extract,Oily,"['Acne', 'Blackheads']",good fit,0,3,Description strongly soothing/calming; low irritancy even without direct concern match,0,3,Plant Extract
Polyporus Umbellatus (Mushroom) Extract,Oily,"['Acne', 'Blackheads']",good fit,0,2,Gentle ingredient with no concern match; neutral fit,0,2,Plant Extract
Phytic Acid,Oily,"['Acne', 'Blackheads']",good fit,0,4,Directly addresses 2 concern(s) and description confirms soothing profile,0,3,Other
Plankton Extract,Oily,"['Acne', 'Blackheads']",good fit,0,3,Description strongly soothing/calming; low irritancy even without direct concern match,0,3,Marine/Algae
Perfluorodecalin,Oily,"['Acne', 'Blackheads']",good fit,0,4,Directly addresses 2 concern(s) and description confirms soothing profile,0,4,Other
Phytosphingosine,Oily,"['Acne', 'Blackheads']",good fit,0,2,Gentle ingredient with no concern match; neutral fit,0,4,Ceramide
Phospholipids,Oily,"['Acne', 'Blackheads']",possible irritation,1,3,Moderate irritancy (2) — possible irritation for Oily skin,0,4,Lipid/Oil
Palmitoyl  Tripeptide-1,Oily,"['Acne', 'Blackheads']",possible irritation,1,2,Gentle ingredient with no concern match; neutral fit [label adjusted for expert variance],0,3,Peptide
Pentapeptide,Oily,"['Acne', 'Blackheads']",good fit,0,2,Gentle ingredient with no concern match; neutral fit,0,3,Peptide
Palmitoyl Tetrapeptide,Oily,"['Acne', 'Blackheads']",possible irritation,1,2,Gentle ingredient with no concern match; neutral fit [label adjusted for expert variance],0,3,Peptide
Parachlorella Beijerinckii Exopolysaccharides,Oily,"['Acne', 'Blackheads']",good fit,0,2,Gentle ingredient with no concern match; neutral fit [label adjusted for expert variance],0,3,Other
Retinyl Retinoate,Oily,"['Acne', 'Blackheads']",poor fit,2,4,"High combined irritancy score (7): category=Retinoid, sensitivity=3, desc signals=1",3,9,Retinoid
Palmitoyl Tripeptide,Oily,"['Acne', 'Blackheads']",good fit,0,2,Gentle ingredient with no concern match; neutral fit,0,3,Peptide
Neurophroline,Oily,"['Acne', 'Blackheads']",good fit,0,4,Directly addresses 1 concern(s) and description confirms soothing profile,0,5,Other
Retinyl Propionate,Oily,"['Acne', 'Blackheads']",poor fit,2,4,"High combined irritancy score (6): category=Retinoid, sensitivity=3, desc signals=0",3,7,Retinoid
Retinyl Palmitate,Oily,"['Acne', 'Blackheads']",poor fit,2,4,"High combined irritancy score (5): category=Retinoid, sensitivity=2, desc signals=0",2,1,Retinoid
Retinol,Oily,"['Acne', 'Blackheads']",poor fit,2,4,"High combined irritancy score (6): category=Retinoid, sensitivity=3, desc signals=0",3,9,Retinoid
Resveratrol,Oily,"['Acne', 'Blackheads']",good fit,0,3,Description strongly soothing/calming; low irritancy even without direct concern match,0,3,Other
Red Algae,Oily,"['Acne', 'Blackheads']",good fit,0,3,Description strongly soothing/calming; low irritancy even without direct concern match,0,3,Marine/Algae
Quercetin,Oily,"['Acne', 'Blackheads']",good fit,0,3,Description strongly soothing/calming; low irritancy even without direct concern match,0,3,Other
Pseudoalteromonas Exopolysaccharides,Oily,"['Acne', 'Blackheads']",good fit,0,2,Gentle ingredient with no concern match; neutral fit,0,3,Other
Proline,Oily,"['Acne', 'Blackheads']",good fit,0,2,Gentle ingredient with no concern match; neutral fit,0,5,Amino Acid
Potassium Azeloyl Diglycinate,Oily,"['Acne', 'Blackheads']",good fit,0,4,Directly addresses 2 concern(s) and description confirms soothing profile,1,7,Other
Probiotics,Oily,"['Acne', 'Blackheads']",good fit,0,4,Directly addresses 2 concern(s) and description confirms soothing profile,0,3,Probiotic/Ferment
Prickly Pear Extract,Oily,"['Acne', 'Blackheads']",good fit,0,3,Description strongly soothing/calming; low irritancy even without direct concern match,0,1,Plant Extract
Snow Mushroom Extract,Oily,"['Acne', 'Blackheads']",good fit,0,3,Description strongly soothing/calming; low irritancy even without direct concern match,0,4,Plant Extract
Prebiotics,Oily,"['Acne', 'Blackheads']",good fit,0,4,Directly addresses 2 concern(s) and description confirms soothing profile,0,3,Probiotic/Ferment
Shea Butter,Oily,"['Acne', 'Blackheads']",poor fit,2,5,Directly flagged in avoid list for Oily skin and high irritancy (5),2,4,Lipid/Oil
Sesame Seed Oil,Oily,"['Acne', 'Blackheads']",good fit,0,3,Description strongly soothing/calming; low irritancy even without direct concern match,0,1,Lipid/Oil
Silk Protein,Oily,"['Acne', 'Blackheads']",good fit,0,2,Gentle ingredient with no concern match; neutral fit,1,1,Other
Sh-Oligopeptide,Oily,"['Acne', 'Blackheads']",good fit,0,2,Gentle ingredient with no concern match; neutral fit,0,3,Peptide
Serine,Oily,"['Acne', 'Blackheads']",good fit,0,2,Gentle ingredient with no concern match; neutral fit,0,2,Amino Acid
Sea Buckthorn Water,Oily,"['Acne', 'Blackheads']",good fit,0,2,Gentle ingredient with no concern match; neutral fit [label adjusted for expert variance],0,1,Plant Extract
Saskatoon Berry,Oily,"['Acne', 'Blackheads']",good fit,0,2,Gentle ingredient with no concern match; neutral fit,0,0,Other
Salicylic Acid,Oily,"['Acne', 'Blackheads']",poor fit,2,4,"High combined irritancy score (6): category=BHA, sensitivity=4, desc signals=-1",4,8,BHA
Rosemary Leaf Extract,Oily,"['Acne', 'Blackheads']",good fit,0,3,Description strongly soothing/calming; low irritancy even without direct concern match,0,1,Plant Extract
Safflower Seed Oil,Oily,"['Acne', 'Blackheads']",poor fit,2,5,Directly flagged in avoid list for Oily skin and high irritancy (3),1,3,Lipid/Oil
Saccharomyces Cerevisiae (Yeast) Extract,Oily,"['Acne', 'Blackheads']",good fit,0,4,Directly addresses 2 concern(s) and description confirms soothing profile,0,3,Probiotic/Ferment
Sacred Lotus Flower Extract,Oily,"['Acne', 'Blackheads']",good fit,0,2,Gentle ingredient with no concern match; neutral fit,0,4,Plant Extract
Tasmanian Pepperberry Extract,Oily,"['Acne', 'Blackheads']",good fit,0,3,Description strongly soothing/calming; low irritancy even without direct concern match,0,1,Plant Extract
Tartaric Acid,Oily,"['Acne', 'Blackheads']",possible irritation,1,3,Moderate irritancy (3) — possible irritation for Oily skin,1,4,AHA
Rhamnose,Oily,"['Acne', 'Blackheads']",good fit,0,4,Directly addresses 2 concern(s) and description confirms soothing profile,0,3,Other
Sweet Almond Oil,Oily,"['Acne', 'Blackheads']",possible irritation,1,4,Flagged in avoid list for Oily skin; ingredient is relatively mild,1,2,Lipid/Oil
Symsitive,Oily,"['Acne', 'Blackheads']",possible irritation,1,3,Description strongly soothing/calming; low irritancy even without direct concern match [label adjusted for expert variance],0,1,Other
Sugar Cane Extract,Oily,"['Acne', 'Blackheads']",good fit,0,4,Directly addresses 2 concern(s) and description confirms soothing profile,0,5,Plant Extract
Superoxide Dismutase,Oily,"['Acne', 'Blackheads']",good fit,0,3,Description strongly soothing/calming; low irritancy even without direct concern match,0,0,Other
Sunflower Oil,Oily,"['Acne', 'Blackheads']",possible irritation,1,4,Flagged in avoid list for Oily skin; ingredient is relatively mild,1,3,Lipid/Oil
Spent Grain Wax,Oily,"['Acne', 'Blackheads']",possible irritation,1,3,Moderate irritancy (3) — possible irritation for Oily skin,0,2,Lipid/Oil
Sulfur,Oily,"['Acne', 'Blackheads']",good fit,0,4,Directly addresses 2 concern(s) and description confirms soothing profile,0,2,Mineral
Squalane,Oily,"['Acne', 'Blackheads']",good fit,0,2,Gentle ingredient with no concern match; neutral fit,0,4,Lipid/Oil
Urea,Oily,"['Acne', 'Blackheads']",good fit,0,2,Gentle ingredient with no concern match; neutral fit,0,3,Humectant
Sodium Lactate,Oily,"['Acne', 'Blackheads']",good fit,0,2,Gentle ingredient with no concern match; neutral fit,0,2,Humectant
Turmeric Root Extract,Oily,"['Acne', 'Blackheads']",good fit,0,3,Description strongly soothing/calming; low irritancy even without direct concern match,0,1,Plant Extract
Valine,Oily,"['Acne', 'Blackheads']",good fit,0,2,Gentle ingredient with no concern match; neutral fit,0,2,Amino Acid
Trehalose,Oily,"['Acne', 'Blackheads']",good fit,0,2,Gentle ingredient with no concern match; neutral fit,0,2,Humectant
Tripleurospermum Maritimum Extract,Oily,"['Acne', 'Blackheads']",possible irritation,1,3,Description strongly soothing/calming; low irritancy even without direct concern match [label adjusted for expert variance],0,3,Plant Extract
Triazine Diethyl Butamidotriazone,Oily,"['Acne', 'Blackheads']",poor fit,2,4,"High combined irritancy score (4): category=UV Filter, sensitivity=2, desc signals=0",2,1,UV Filter
Thiamidol,Oily,"['Acne', 'Blackheads']",good fit,0,2,Gentle ingredient with no concern match; neutral fit [label adjusted for expert variance],0,2,Other
Tranexamic Acid,Oily,"['Acne', 'Blackheads']",good fit,0,2,Gentle ingredient with no concern match; neutral fit,0,3,Other
Tomato Stem Cells,Oily,"['Acne', 'Blackheads']",good fit,0,2,Gentle ingredient with no concern match; neutral fit,0,3,Plant Extract
Teprenone,Oily,"['Acne', 'Blackheads']",good fit,0,2,Gentle ingredient with no concern match; neutral fit,0,5,Other
Threonine,Oily,"['Acne', 'Blackheads']",good fit,0,2,Gentle ingredient with no concern match; neutral fit,0,2,Amino Acid
Zinc Gluconate,Oily,"['Acne', 'Blackheads']",good fit,0,4,Directly addresses 2 concern(s) and description confirms soothing profile,0,4,Mineral
Tetrahexyldecyl Ascorbate,Oily,"['Acne', 'Blackheads']",possible irritation,1,3,Moderate irritancy (2) — possible irritation for Oily skin,1,5,Vitamin C
Zinc,Oily,"['Acne', 'Blackheads']",good fit,0,4,Directly addresses 2 concern(s) and description confirms soothing profile,0,4,Mineral
Yerba Mate Extract,Oily,"['Acne', 'Blackheads']",good fit,0,3,Description strongly soothing/calming; low irritancy even without direct concern match,0,1,Plant Extract
Yeast Amino Acids,Oily,"['Acne', 'Blackheads']",good fit,0,2,Gentle ingredient with no concern match; neutral fit,0,1,Probiotic/Ferment
Willow Herb Extract,Oily,"['Acne', 'Blackheads']",good fit,0,3,Description strongly soothing/calming; low irritancy even without direct concern match,0,1,Plant Extract
Willow Bark Extract,Oily,"['Acne', 'Blackheads']",possible irritation,1,3,Moderate irritancy (2) — possible irritation for Oily skin,2,6,Plant Extract
Wild Cherry Extract,Oily,"['Acne', 'Blackheads']",good fit,0,3,Description strongly soothing/calming; low irritancy even without direct concern match,0,1,Plant Extract
White Tea,Oily,"['Acne', 'Blackheads']",good fit,0,3,Description strongly soothing/calming; low irritancy even without direct concern match,0,1,Other
Vitamin K1,Oily,"['Acne', 'Blackheads']",good fit,0,3,Addresses 1 concern(s); low irritancy,0,1,Vitamin
Vitamin E,Oily,"['Acne', 'Blackheads']",good fit,0,2,Gentle ingredient with no concern match; neutral fit,0,4,Vitamin
Vitamin C,Oily,"['Acne', 'Blackheads']",poor fit,2,4,"High combined irritancy score (4): category=Vitamin C, sensitivity=3, desc signals=0",3,5,Vitamin C
Vitamin B5,Oily,"['Acne', 'Blackheads']",good fit,0,3,Description strongly soothing/calming; low irritancy even without direct concern match,0,5,Vitamin
Vitamin A,Oily,"['Acne', 'Blackheads']",poor fit,2,4,"High combined irritancy score (7): category=Retinoid, sensitivity=3, desc signals=1",3,9,Retinoid
Vibrio Alginolyticus Ferment Filtrate,Oily,"['Acne', 'Blackheads']",good fit,0,2,Gentle ingredient with no concern match; neutral fit,0,3,Probiotic/Ferment
Tea Tree Oil,Oily,"['Acne', 'Blackheads']",good fit,0,4,Directly addresses 1 concern(s) and description confirms soothing profile,0,2,Lipid/Oil
Zinc Sulfate,Oily,"['Acne', 'Blackheads']",good fit,0,4,Directly addresses 1 concern(s) and description confirms soothing profile,0,1,Mineral
Zinc PCA,Oily,"['Acne', 'Blackheads']",good fit,0,4,Directly addresses 2 concern(s) and description confirms soothing profile,0,5,Mineral
Neoglucosamine,Oily,"['Acne', 'Blackheads']",good fit,0,3,Addresses 1 concern(s); low irritancy,1,8,Other
Taurine,Oily,"['Acne', 'Blackheads']",good fit,0,2,Gentle ingredient with no concern match; neutral fit,0,3,Amino Acid
Sodium Ascorbyl Phosphate,Oily,"['Acne', 'Blackheads']",possible irritation,1,3,Moderate irritancy (2) — possible irritation for Oily skin,1,5,Vitamin C
Alpha-Glucan Oligosaccharide,Oily,"['Hyperpigmentation', 'Redness']",good fit,0,4,Directly addresses 1 concern(s) and description confirms soothing profile,0,3,Other
Aloe Vera,Oily,"['Hyperpigmentation', 'Redness']",good fit,0,3,Description strongly soothing/calming; low irritancy even without direct concern match,0,4,Other
Allantoin,Oily,"['Hyperpigmentation', 'Redness']",good fit,0,4,Directly addresses 1 concern(s) and description confirms soothing profile,0,3,Other
Algin,Oily,"['Hyperpigmentation', 'Redness']",good fit,0,2,Gentle ingredient with no concern match; neutral fit,0,3,Other
Algae Extract,Oily,"['Hyperpigmentation', 'Redness']",good fit,0,2,Gentle ingredient with no concern match; neutral fit,0,3,Marine/Algae
Algae Exopolysaccharides,Oily,"['Hyperpigmentation', 'Redness']",good fit,0,2,Gentle ingredient with no concern match; neutral fit,0,3,Marine/Algae
Alaria Esculenta Extract,Oily,"['Hyperpigmentation', 'Redness']",good fit,0,2,Gentle ingredient with no concern match; neutral fit,0,3,Plant Extract
Alanine,Oily,"['Hyperpigmentation', 'Redness']",good fit,0,2,Gentle ingredient with no concern match; neutral fit,0,2,Amino Acid
Ahnfeltia Concinna Extract,Oily,"['Hyperpigmentation', 'Redness']",good fit,0,2,Gentle ingredient with no concern match; neutral fit,0,3,Plant Extract
Adenosine,Oily,"['Hyperpigmentation', 'Redness']",good fit,0,4,Directly addresses 1 concern(s) and description confirms soothing profile,0,7,Other
Acetyl Tyrosinamide,Oily,"['Hyperpigmentation', 'Redness']",good fit,0,2,Gentle ingredient with no concern match; neutral fit,0,3,Other
Acetyl Tetrapeptide,Oily,"['Hyperpigmentation', 'Redness']",good fit,0,2,Gentle ingredient with no concern match; neutral fit,0,3,Peptide
Acetyl Glucosamine,Oily,"['Hyperpigmentation', 'Redness']",good fit,0,4,Directly addresses 2 concern(s) and description confirms soothing profile,0,7,Other
Acetylarginyltryptophyl Diphenylglycine,Oily,"['Hyperpigmentation', 'Redness']",possible irritation,1,2,Gentle ingredient with no concern match; neutral fit [label adjusted for expert variance],0,3,Amino Acid
Acai Extract,Oily,"['Hyperpigmentation', 'Redness']",good fit,0,2,Gentle ingredient with no concern match; neutral fit,0,0,Plant Extract
Ascorbic Acid,Oily,"['Hyperpigmentation', 'Redness']",poor fit,2,4,"High combined irritancy score (7): category=Vitamin C, sensitivity=3, desc signals=3",3,5,Vitamin C
Ascophyllum Nodosum Extract,Oily,"['Hyperpigmentation', 'Redness']",good fit,0,2,Gentle ingredient with no concern match; neutral fit,0,3,Plant Extract
Arginine PCA,Oily,"['Hyperpigmentation', 'Redness']",good fit,0,2,Gentle ingredient with no concern match; neutral fit,0,2,Amino Acid
Arginine/Lysine Polypeptide,Oily,"['Hyperpigmentation', 'Redness']",good fit,0,2,Gentle ingredient with no concern match; neutral fit,0,3,Peptide
Arginine HCL,Oily,"['Hyperpigmentation', 'Redness']",good fit,0,2,Gentle ingredient with no concern match; neutral fit,0,2,Amino Acid
Arginine,Oily,"['Hyperpigmentation', 'Redness']",good fit,0,2,Gentle ingredient with no concern match; neutral fit,0,3,Amino Acid
Argan Oil,Oily,"['Hyperpigmentation', 'Redness']",possible irritation,1,4,Flagged in avoid list for Oily skin; ingredient is relatively mild,1,3,Lipid/Oil
Arbutin,Oily,"['Hyperpigmentation', 'Redness']",good fit,0,3,Addresses 1 concern(s); low irritancy [label adjusted for expert variance],1,2,Other
Aquagenium,Oily,"['Hyperpigmentation', 'Redness']",good fit,0,2,Gentle ingredient with no concern match; neutral fit,0,2,Other
Apple Stem Cells,Oily,"['Hyperpigmentation', 'Redness']",good fit,0,2,Gentle ingredient with no concern match; neutral fit,0,3,Plant Extract
Apple Polyphenols,Oily,"['Hyperpigmentation', 'Redness']",good fit,0,3,Description strongly soothing/calming; low irritancy even without direct concern match,0,0,Other
Apple Extract,Oily,"['Hyperpigmentation', 'Redness']",good fit,0,2,Gentle ingredient with no concern match; neutral fit,0,0,Plant Extract
Anti-Ageing Peptides,Oily,"['Hyperpigmentation', 'Redness']",good fit,0,2,Gentle ingredient with no concern match; neutral fit,0,3,Peptide
Amino Acids,Oily,"['Hyperpigmentation', 'Redness']",good fit,0,2,Gentle ingredient with no concern match; neutral fit,0,5,Amino Acid
Alteromonas Ferment Extract,Oily,"['Hyperpigmentation', 'Redness']",good fit,0,3,Description strongly soothing/calming; low irritancy even without direct concern match,0,3,Probiotic/Ferment
Bifida Ferment Lysate,Oily,"['Hyperpigmentation', 'Redness']",good fit,0,4,Directly addresses 1 concern(s) and description confirms soothing profile,0,3,Probiotic/Ferment
Beta Glucan,Oily,"['Hyperpigmentation', 'Redness']",good fit,0,4,Directly addresses 1 concern(s) and description confirms soothing profile,0,5,Other
Bakuchiol,Oily,"['Hyperpigmentation', 'Redness']",good fit,0,2,Gentle ingredient with no concern match; neutral fit,0,3,Other
Azelaoyl Bis-Dipeptide,Oily,"['Hyperpigmentation', 'Redness']",good fit,0,2,Gentle ingredient with no concern match; neutral fit,1,3,Peptide
Azelaic Acid,Oily,"['Hyperpigmentation', 'Redness']",good fit,0,4,Directly addresses 3 concern(s) and description confirms soothing profile,1,8,Other
Avocado Oil,Oily,"['Hyperpigmentation', 'Redness']",possible irritation,1,4,Flagged in avoid list for Oily skin; ingredient is relatively mild,1,3,Lipid/Oil
Avocado Ferment,Oily,"['Hyperpigmentation', 'Redness']",good fit,0,2,Gentle ingredient with no concern match; neutral fit,0,3,Probiotic/Ferment
Avene Thermal Water,Oily,"['Hyperpigmentation', 'Redness']",good fit,0,4,Directly addresses 1 concern(s) and description confirms soothing profile,0,5,Plant Extract
Asparagopsis Armata Extract,Oily,"['Hyperpigmentation', 'Redness']",good fit,0,2,Gentle ingredient with no concern match; neutral fit,0,3,Plant Extract
Ascorbyl Palmitate,Oily,"['Hyperpigmentation', 'Redness']",possible irritation,1,3,Moderate irritancy (2) — possible irritation for Oily skin,1,1,Vitamin C
Ascorbyl Glucoside,Oily,"['Hyperpigmentation', 'Redness']",possible irritation,1,3,Moderate irritancy (2) — possible irritation for Oily skin,1,5,Vitamin C
Caffeine,Oily,"['Hyperpigmentation', 'Redness']",good fit,0,3,Addresses 1 concern(s); low irritancy,0,3,Other
Caffeic Acid,Oily,"['Hyperpigmentation', 'Redness']",good fit,0,4,Directly addresses 1 concern(s) and description confirms soothing profile,0,1,Other
Cabbage Leaf Extract,Oily,"['Hyperpigmentation', 'Redness']",possible irritation,1,3,Description strongly soothing/calming; low irritancy even without direct concern match [label adjusted for expert variance],0,0,Plant Extract
Butyl Methoxydibenzoylmethane,Oily,"['Hyperpigmentation', 'Redness']",poor fit,2,4,"High combined irritancy score (4): category=UV Filter, sensitivity=2, desc signals=0",2,1,UV Filter
Blue Mallow Extract,Oily,"['Hyperpigmentation', 'Redness']",good fit,0,3,Description strongly soothing/calming; low irritancy even without direct concern match,0,0,Plant Extract
Blue Lotus Extract,Oily,"['Hyperpigmentation', 'Redness']",good fit,0,3,Description strongly soothing/calming; low irritancy even without direct concern match,0,0,Plant Extract
Blueberry Extract,Oily,"['Hyperpigmentation', 'Redness']",good fit,0,3,Description strongly soothing/calming; low irritancy even without direct concern match,0,0,Plant Extract
Bilberry Extract,Oily,"['Hyperpigmentation', 'Redness']",good fit,0,4,Directly addresses 1 concern(s) and description confirms soothing profile,0,1,Plant Extract
Bis-Ethylhexyloxyphenol Methoxyphenyl Triazine,Oily,"['Hyperpigmentation', 'Redness']",poor fit,2,4,"High combined irritancy score (5): category=UV Filter, sensitivity=2, desc signals=1",2,1,UV Filter
Bisabolol,Oily,"['Hyperpigmentation', 'Redness']",good fit,0,4,Directly addresses 1 concern(s) and description confirms soothing profile,0,5,Other
Bio-Active Glucosides,Oily,"['Hyperpigmentation', 'Redness']",good fit,0,4,Directly addresses 1 concern(s) and description confirms soothing profile,0,1,Other
Chondrus Crispus,Oily,"['Hyperpigmentation', 'Redness']",good fit,0,2,Gentle ingredient with no concern match; neutral fit,0,3,Other
Cholesterol,Oily,"['Hyperpigmentation', 'Redness']",good fit,0,2,Gentle ingredient with no concern match; neutral fit,0,3,Other
Chlorophyll,Oily,"['Hyperpigmentation', 'Redness']",good fit,0,3,Description strongly soothing/calming; low irritancy even without direct concern match,0,0,Other
Chlorella Vulgaris Extract,Oily,"['Hyperpigmentation', 'Redness']",good fit,0,2,Gentle ingredient with no concern match; neutral fit,0,3,Plant Extract
Chamomile Extract,Oily,"['Hyperpigmentation', 'Redness']",good fit,0,4,Directly addresses 1 concern(s) and description confirms soothing profile,0,2,Plant Extract
Chlorella Protothecoides Oil,Oily,"['Hyperpigmentation', 'Redness']",good fit,0,2,Gentle ingredient with no concern match; neutral fit,0,3,Lipid/Oil
Ceramides,Oily,"['Hyperpigmentation', 'Redness']",good fit,0,4,Directly addresses 1 concern(s) and description confirms soothing profile,0,5,Ceramide
Chlorella Protothecoides,Oily,"['Hyperpigmentation', 'Redness']",good fit,0,2,Gentle ingredient with no concern match; neutral fit,0,3,Other
Chemical UV Filters,Oily,"['Hyperpigmentation', 'Redness']",possible irritation,1,3,Moderate irritancy (3) — possible irritation for Oily skin,1,1,UV Filter
Caprooyl Sphingosine,Oily,"['Hyperpigmentation', 'Redness']",good fit,0,2,Gentle ingredient with no concern match; neutral fit,0,4,Ceramide
Centella Asiatica,Oily,"['Hyperpigmentation', 'Redness']",good fit,0,4,Directly addresses 2 concern(s) and description confirms soothing profile,0,5,Other
Carnosine,Oily,"['Hyperpigmentation', 'Redness']",good fit,0,4,Directly addresses 1 concern(s) and description confirms soothing profile,0,1,Other
Caprooyl Phytosphingosine,Oily,"['Hyperpigmentation', 'Redness']",good fit,0,2,Gentle ingredient with no concern match; neutral fit,0,4,Ceramide
Ectoin,Oily,"['Hyperpigmentation', 'Redness']",good fit,0,3,Description strongly soothing/calming; low irritancy even without direct concern match,0,2,Other
Dunaliella Salina (Green Algae) Extract,Oily,"['Hyperpigmentation', 'Redness']",good fit,0,2,Gentle ingredient with no concern match; neutral fit,0,3,Marine/Algae
Dioic Acid,Oily,"['Hyperpigmentation', 'Redness']",good fit,0,4,Directly addresses 1 concern(s) and description confirms soothing profile,0,3,Other
Cucumber Extract,Oily,"['Hyperpigmentation', 'Redness']",good fit,0,3,Description strongly soothing/calming; low irritancy even without direct concern match,0,0,Plant Extract
Dipeptide Diaminobutyroyl Benzylamide Diacetate,Oily,"['Hyperpigmentation', 'Redness']",good fit,0,2,Gentle ingredient with no concern match; neutral fit,0,3,Peptide
Dipeptide,Oily,"['Hyperpigmentation', 'Redness']",good fit,0,2,Gentle ingredient with no concern match; neutral fit,0,3,Peptide
Copper Peptide,Oily,"['Hyperpigmentation', 'Redness']",good fit,0,2,Gentle ingredient with no concern match; neutral fit,0,3,Peptide
Copper Palmitoyl Heptapeptide,Oily,"['Hyperpigmentation', 'Redness']",good fit,0,2,Gentle ingredient with no concern match; neutral fit,0,3,Peptide
Copper Heptapeptide-14 Pantothenate,Oily,"['Hyperpigmentation', 'Redness']",good fit,0,2,Gentle ingredient with no concern match; neutral fit,0,3,Peptide
Coffee Seed Extract,Oily,"['Hyperpigmentation', 'Redness']",good fit,0,4,Directly addresses 1 concern(s) and description confirms soothing profile,0,1,Plant Extract
Citric Acid,Oily,"['Hyperpigmentation', 'Redness']",possible irritation,1,3,Moderate irritancy (3) — possible irritation for Oily skin,0,4,AHA
Cinnamon Bark,Oily,"['Hyperpigmentation', 'Redness']",good fit,0,2,Gentle ingredient with no concern match; neutral fit,0,1,Other
Fomes Ofﬁcinalis (Mushroom) Extract,Oily,"['Hyperpigmentation', 'Redness']",good fit,0,2,Gentle ingredient with no concern match; neutral fit,0,3,Plant Extract
Ginkgo Biloba,Oily,"['Hyperpigmentation', 'Redness']",good fit,0,4,Directly addresses 1 concern(s) and description confirms soothing profile,0,1,Other
Fructooligosaccharides,Oily,"['Hyperpigmentation', 'Redness']",good fit,0,4,Directly addresses 1 concern(s) and description confirms soothing profile,0,3,Other
Feverfew Extract,Oily,"['Hyperpigmentation', 'Redness']",good fit,0,4,Directly addresses 1 concern(s) and description confirms soothing profile,0,1,Plant Extract
Ferulic Acid,Oily,"['Hyperpigmentation', 'Redness']",good fit,0,2,Gentle ingredient with no concern match; neutral fit,0,0,Vitamin
Ethylhexyl Triazone,Oily,"['Hyperpigmentation', 'Redness']",poor fit,2,4,"High combined irritancy score (4): category=UV Filter, sensitivity=2, desc signals=0",2,1,UV Filter
Ferric Hexapeptide,Oily,"['Hyperpigmentation', 'Redness']",good fit,0,2,Gentle ingredient with no concern match; neutral fit,0,3,Peptide
Fernblock,Oily,"['Hyperpigmentation', 'Redness']",good fit,0,2,Gentle ingredient with no concern match; neutral fit,0,0,Other
Evening Primrose Oil,Oily,"['Hyperpigmentation', 'Redness']",good fit,0,3,Description strongly soothing/calming; low irritancy even without direct concern match,0,2,Lipid/Oil
Essential Lipids,Oily,"['Hyperpigmentation', 'Redness']",good fit,0,3,Addresses 1 concern(s); low irritancy,0,5,Other
Endothelyol,Oily,"['Hyperpigmentation', 'Redness']",good fit,0,4,Directly addresses 1 concern(s) and description confirms soothing profile,0,1,Other
Ethylhexyl Salicylate,Oily,"['Hyperpigmentation', 'Redness']",possible irritation,1,3,Moderate irritancy (2) — possible irritation for Oily skin,2,1,Other
Ethyl Ascorbic Acid,Oily,"['Hyperpigmentation', 'Redness']",possible irritation,1,3,Moderate irritancy (2) — possible irritation for Oily skin,1,4,Vitamin C
Green Tea,Oily,"['Hyperpigmentation', 'Redness']",good fit,0,4,Directly addresses 1 concern(s) and description confirms soothing profile,0,2,Other
Glycosphingolipids,Oily,"['Hyperpigmentation', 'Redness']",good fit,0,2,Gentle ingredient with no concern match; neutral fit,0,4,Ceramide
Glycoproteins,Oily,"['Hyperpigmentation', 'Redness']",good fit,0,2,Gentle ingredient with no concern match; neutral fit,0,4,Other
Glycolipids,Oily,"['Hyperpigmentation', 'Redness']",good fit,0,2,Gentle ingredient with no concern match; neutral fit,0,2,Other
Golden-Eye Grass Complex,Oily,"['Hyperpigmentation', 'Redness']",good fit,0,4,Directly addresses 1 concern(s) and description confirms soothing profile,0,1,Other
Glycolic Acid,Oily,"['Hyperpigmentation', 'Redness']",poor fit,2,4,"High combined irritancy score (6): category=AHA, sensitivity=2, desc signals=2",2,8,AHA
Glycine,Oily,"['Hyperpigmentation', 'Redness']",good fit,0,2,Gentle ingredient with no concern match; neutral fit,0,5,Amino Acid
Glyceryl Glucoside,Oily,"['Hyperpigmentation', 'Redness']",good fit,0,2,Gentle ingredient with no concern match; neutral fit,0,4,Other
Gluconolactone,Oily,"['Hyperpigmentation', 'Redness']",good fit,0,4,Directly addresses 2 concern(s) and description confirms soothing profile,0,9,Other
EGCG,Oily,"['Hyperpigmentation', 'Redness']",good fit,0,3,Description strongly soothing/calming; low irritancy even without direct concern match,0,1,Other
Indian Gooseberry,Oily,"['Hyperpigmentation', 'Redness']",good fit,0,3,Addresses 1 concern(s); low irritancy,0,1,Other
Hydroxypinacolone Retinoate,Oily,"['Hyperpigmentation', 'Redness']",poor fit,2,4,"High combined irritancy score (6): category=Retinoid, sensitivity=3, desc signals=0",3,9,Retinoid
Hydrolyzed Pumpkin Seedcake,Oily,"['Hyperpigmentation', 'Redness']",good fit,0,3,Addresses 1 concern(s); low irritancy,0,6,Other
Hydrolyzed F-Fucoidan,Oily,"['Hyperpigmentation', 'Redness']",good fit,0,2,Gentle ingredient with no concern match; neutral fit,0,3,Marine/Algae
Homosalate,Oily,"['Hyperpigmentation', 'Redness']",poor fit,2,4,"High combined irritancy score (4): category=UV Filter, sensitivity=2, desc signals=0",2,1,UV Filter
Humectants,Oily,"['Hyperpigmentation', 'Redness']",good fit,0,2,Gentle ingredient with no concern match; neutral fit [label adjusted for expert variance],0,5,Humectant
Hibiscus Fruit Extract,Oily,"['Hyperpigmentation', 'Redness']",good fit,0,2,Gentle ingredient with no concern match; neutral fit,0,0,Plant Extract
Horse Chestnut,Oily,"['Hyperpigmentation', 'Redness']",good fit,0,4,Directly addresses 1 concern(s) and description confirms soothing profile,0,1,Other
Heptapeptide-15 Palmitate,Oily,"['Hyperpigmentation', 'Redness']",good fit,0,2,Gentle ingredient with no concern match; neutral fit,0,3,Peptide
Guarana Extract,Oily,"['Hyperpigmentation', 'Redness']",good fit,0,2,Gentle ingredient with no concern match; neutral fit,0,0,Plant Extract
Histidine,Oily,"['Hyperpigmentation', 'Redness']",good fit,0,3,Addresses 1 concern(s); low irritancy,0,4,Amino Acid
Lecithin,Oily,"['Hyperpigmentation', 'Redness']",possible irritation,1,3,Moderate irritancy (2) — possible irritation for Oily skin,0,4,Lipid/Oil
L-Carnitine,Oily,"['Hyperpigmentation', 'Redness']",good fit,0,3,Description strongly soothing/calming; low irritancy even without direct concern match,0,3,Other
Lactobionic Acid,Oily,"['Hyperpigmentation', 'Redness']",good fit,0,4,Directly addresses 2 concern(s) and description confirms soothing profile,0,9,Other
L-Ascorbic Acid,Oily,"['Hyperpigmentation', 'Redness']",poor fit,2,4,"High combined irritancy score (7): category=Vitamin C, sensitivity=3, desc signals=3",3,5,Vitamin C
Laminaria Ochroleuca (Kelp) Extract,Oily,"['Hyperpigmentation', 'Redness']",good fit,0,3,Description strongly soothing/calming; low irritancy even without direct concern match,0,3,Marine/Algae
Lactococcus Ferment Lysate,Oily,"['Hyperpigmentation', 'Redness']",good fit,0,4,Directly addresses 1 concern(s) and description confirms soothing profile,0,3,Probiotic/Ferment
Lactic Acid,Oily,"['Hyperpigmentation', 'Redness']",poor fit,2,4,"High combined irritancy score (4): category=AHA, sensitivity=2, desc signals=0",2,8,AHA
Lactobacillus Ferment,Oily,"['Hyperpigmentation', 'Redness']",good fit,0,4,Directly addresses 1 concern(s) and description confirms soothing profile,0,3,Probiotic/Ferment
Lactobacillus Extract Filtrate,Oily,"['Hyperpigmentation', 'Redness']",good fit,0,4,Directly addresses 1 concern(s) and description confirms soothing profile,0,3,Probiotic/Ferment
Jojoba Oil,Oily,"['Hyperpigmentation', 'Redness']",good fit,0,2,Gentle ingredient with no concern match; neutral fit,0,4,Lipid/Oil
Kola Seed Extract,Oily,"['Hyperpigmentation', 'Redness']",good fit,0,2,Gentle ingredient with no concern match; neutral fit,0,0,Plant Extract
Jeju Green Tea Water,Oily,"['Hyperpigmentation', 'Redness']",good fit,0,4,Directly addresses 1 concern(s) and description confirms soothing profile,0,3,Plant Extract
Kojic Acid,Oily,"['Hyperpigmentation', 'Redness']",good fit,0,3,Addresses 2 concern(s); low irritancy,0,3,Other
Isoleucine,Oily,"['Hyperpigmentation', 'Redness']",possible irritation,1,2,Gentle ingredient with no concern match; neutral fit [label adjusted for expert variance],0,2,Amino Acid
Jojoba Beads,Oily,"['Hyperpigmentation', 'Redness']",good fit,0,2,Gentle ingredient with no concern match; neutral fit,0,2,Other
Macrocystis Pyrifera (Kelp) Extract,Oily,"['Hyperpigmentation', 'Redness']",good fit,0,2,Gentle ingredient with no concern match; neutral fit,0,3,Marine/Algae
Magnesium Sulfate,Oily,"['Hyperpigmentation', 'Redness']",good fit,0,4,Directly addresses 1 concern(s) and description confirms soothing profile,0,1,Mineral
Magnesium Ascorbyl Phosphate,Oily,"['Hyperpigmentation', 'Redness']",poor fit,2,4,"High combined irritancy score (4): category=Vitamin C, sensitivity=1, desc signals=2",1,3,Vitamin C
Lysine,Oily,"['Hyperpigmentation', 'Redness']",good fit,0,4,Directly addresses 1 concern(s) and description confirms soothing profile,0,6,Amino Acid
Lily Extract,Oily,"['Hyperpigmentation', 'Redness']",good fit,0,3,Description strongly soothing/calming; low irritancy even without direct concern match,0,0,Plant Extract
Luffa Cylindrica Extract,Oily,"['Hyperpigmentation', 'Redness']",good fit,0,2,Gentle ingredient with no concern match; neutral fit,0,0,Plant Extract
Linolenic Acid,Oily,"['Hyperpigmentation', 'Redness']",good fit,0,2,Gentle ingredient with no concern match; neutral fit [label adjusted for expert variance],0,4,Lipid/Oil
Linoleic Acid,Oily,"['Hyperpigmentation', 'Redness']",good fit,0,3,Moderate irritancy (2) — possible irritation for Oily skin [label adjusted for expert variance],0,4,Lipid/Oil
Leucine,Oily,"['Hyperpigmentation', 'Redness']",good fit,0,2,Gentle ingredient with no concern match; neutral fit,0,6,Amino Acid
Licorice Extract,Oily,"['Hyperpigmentation', 'Redness']",good fit,0,4,Directly addresses 3 concern(s) and description confirms soothing profile,0,4,Plant Extract
Natural Moisturising Factors,Oily,"['Hyperpigmentation', 'Redness']",good fit,0,3,Addresses 1 concern(s); low irritancy,0,5,Other
Licochalcone A,Oily,"['Hyperpigmentation', 'Redness']",good fit,0,3,Description strongly soothing/calming; low irritancy even without direct concern match,0,0,Other
Naringenin Chalcone,Oily,"['Hyperpigmentation', 'Redness']",good fit,0,4,Directly addresses 1 concern(s) and description confirms soothing profile,0,2,Other
Myristoyl Nonapeptide,Oily,"['Hyperpigmentation', 'Redness']",good fit,0,2,Gentle ingredient with no concern match; neutral fit,0,3,Peptide
Myristol Pentapeptide,Oily,"['Hyperpigmentation', 'Redness']",good fit,0,2,Gentle ingredient with no concern match; neutral fit,0,3,Peptide
Milk Thistle Extract,Oily,"['Hyperpigmentation', 'Redness']",good fit,0,4,Directly addresses 1 concern(s) and description confirms soothing profile,0,2,Plant Extract
Myristol Hexapeptide,Oily,"['Hyperpigmentation', 'Redness']",good fit,0,2,Gentle ingredient with no concern match; neutral fit,0,3,Peptide
Mushroom Extract,Oily,"['Hyperpigmentation', 'Redness']",good fit,0,4,Directly addresses 1 concern(s) and description confirms soothing profile,0,1,Plant Extract
Moringa Seed Extract,Oily,"['Hyperpigmentation', 'Redness']",good fit,0,4,Directly addresses 1 concern(s) and description confirms soothing profile,0,5,Plant Extract
Marshmallow Root,Oily,"['Hyperpigmentation', 'Redness']",good fit,0,4,Directly addresses 1 concern(s) and description confirms soothing profile,0,1,Other
Mineral UV Filters,Oily,"['Hyperpigmentation', 'Redness']",possible irritation,1,3,Moderate irritancy (3) — possible irritation for Oily skin,1,1,UV Filter
Meadowfoam Seed Oil,Oily,"['Hyperpigmentation', 'Redness']",poor fit,2,3,Moderate irritancy (2) — possible irritation for Oily skin [label adjusted for expert variance],0,3,Lipid/Oil
Marine Extract,Oily,"['Hyperpigmentation', 'Redness']",good fit,0,2,Gentle ingredient with no concern match; neutral fit,0,3,Marine/Algae
Mango Seed Butter,Oily,"['Hyperpigmentation', 'Redness']",possible irritation,1,3,Moderate irritancy (2) — possible irritation for Oily skin,0,1,Lipid/Oil
Palmitoyl Oligopeptide,Oily,"['Hyperpigmentation', 'Redness']",possible irritation,1,2,Gentle ingredient with no concern match; neutral fit [label adjusted for expert variance],0,3,Peptide
Mandelic Acid,Oily,"['Hyperpigmentation', 'Redness']",poor fit,2,4,"High combined irritancy score (4): category=AHA, sensitivity=2, desc signals=-1",2,8,AHA
Palmitoyl Nonapeptide,Oily,"['Hyperpigmentation', 'Redness']",good fit,0,2,Gentle ingredient with no concern match; neutral fit,0,3,Peptide
Palmitoyl Pentapeptide,Oily,"['Hyperpigmentation', 'Redness']",good fit,0,2,Gentle ingredient with no concern match; neutral fit [label adjusted for expert variance],0,3,Peptide
Palmitoyl Glycine,Oily,"['Hyperpigmentation', 'Redness']",good fit,0,3,Description strongly soothing/calming; low irritancy even without direct concern match,0,3,Amino Acid
Palmitoyl Heptapeptide,Oily,"['Hyperpigmentation', 'Redness']",good fit,0,2,Gentle ingredient with no concern match; neutral fit,0,3,Peptide
Octocrylene,Oily,"['Hyperpigmentation', 'Redness']",poor fit,2,3,Moderate irritancy (2) — possible irritation for Oily skin [label adjusted for expert variance],2,1,Other
Palmitoyl Decapeptide,Oily,"['Hyperpigmentation', 'Redness']",good fit,0,2,Gentle ingredient with no concern match; neutral fit,0,3,Peptide
Oligopeptide,Oily,"['Hyperpigmentation', 'Redness']",good fit,0,2,Gentle ingredient with no concern match; neutral fit,0,3,Peptide
Padina Pavonica Thallus Extract,Oily,"['Hyperpigmentation', 'Redness']",good fit,0,2,Gentle ingredient with no concern match; neutral fit,0,3,Plant Extract
Oat Extract,Oily,"['Hyperpigmentation', 'Redness']",good fit,0,4,Directly addresses 1 concern(s) and description confirms soothing profile,0,4,Plant Extract
Octisalate,Oily,"['Hyperpigmentation', 'Redness']",poor fit,2,4,"High combined irritancy score (4): category=UV Filter, sensitivity=2, desc signals=0",2,1,UV Filter
Octinoxate,Oily,"['Hyperpigmentation', 'Redness']",poor fit,2,4,"High combined irritancy score (4): category=UV Filter, sensitivity=2, desc signals=0",2,1,UV Filter
Polyhydroxy Acids,Oily,"['Hyperpigmentation', 'Redness']",good fit,0,4,Directly addresses 2 concern(s) and description confirms soothing profile,0,9,Other
Porphyridium Cruentum Extract,Oily,"['Hyperpigmentation', 'Redness']",good fit,0,3,Description strongly soothing/calming; low irritancy even without direct concern match,0,3,Plant Extract
Polyporus Umbellatus (Mushroom) Extract,Oily,"['Hyperpigmentation', 'Redness']",good fit,0,3,Addresses 1 concern(s); low irritancy,0,2,Plant Extract
Phytic Acid,Oily,"['Hyperpigmentation', 'Redness']",good fit,0,2,Gentle ingredient with no concern match; neutral fit [label adjusted for expert variance],0,3,Other
Plankton Extract,Oily,"['Hyperpigmentation', 'Redness']",good fit,0,3,Description strongly soothing/calming; low irritancy even without direct concern match,0,3,Marine/Algae
Perfluorodecalin,Oily,"['Hyperpigmentation', 'Redness']",good fit,0,4,Directly addresses 1 concern(s) and description confirms soothing profile,0,4,Other
Phytosphingosine,Oily,"['Hyperpigmentation', 'Redness']",good fit,0,2,Gentle ingredient with no concern match; neutral fit,0,4,Ceramide
Phospholipids,Oily,"['Hyperpigmentation', 'Redness']",possible irritation,1,3,Moderate irritancy (2) — possible irritation for Oily skin,0,4,Lipid/Oil
Palmitoyl  Tripeptide-1,Oily,"['Hyperpigmentation', 'Redness']",good fit,0,2,Gentle ingredient with no concern match; neutral fit,0,3,Peptide
Pentapeptide,Oily,"['Hyperpigmentation', 'Redness']",good fit,0,2,Gentle ingredient with no concern match; neutral fit,0,3,Peptide
Palmitoyl Tetrapeptide,Oily,"['Hyperpigmentation', 'Redness']",good fit,0,2,Gentle ingredient with no concern match; neutral fit [label adjusted for expert variance],0,3,Peptide
Parachlorella Beijerinckii Exopolysaccharides,Oily,"['Hyperpigmentation', 'Redness']",good fit,0,2,Gentle ingredient with no concern match; neutral fit,0,3,Other
Retinyl Retinoate,Oily,"['Hyperpigmentation', 'Redness']",poor fit,2,4,"High combined irritancy score (7): category=Retinoid, sensitivity=3, desc signals=1",3,9,Retinoid
Palmitoyl Tripeptide,Oily,"['Hyperpigmentation', 'Redness']",good fit,0,2,Gentle ingredient with no concern match; neutral fit,0,3,Peptide
Neurophroline,Oily,"['Hyperpigmentation', 'Redness']",good fit,0,4,Directly addresses 1 concern(s) and description confirms soothing profile,0,5,Other
Retinyl Propionate,Oily,"['Hyperpigmentation', 'Redness']",poor fit,2,4,"High combined irritancy score (6): category=Retinoid, sensitivity=3, desc signals=0",3,7,Retinoid
Retinyl Palmitate,Oily,"['Hyperpigmentation', 'Redness']",poor fit,2,4,"High combined irritancy score (5): category=Retinoid, sensitivity=2, desc signals=0",2,1,Retinoid
Retinol,Oily,"['Hyperpigmentation', 'Redness']",poor fit,2,4,"High combined irritancy score (6): category=Retinoid, sensitivity=3, desc signals=0",3,9,Retinoid
Resveratrol,Oily,"['Hyperpigmentation', 'Redness']",good fit,0,3,Description strongly soothing/calming; low irritancy even without direct concern match,0,3,Other
Red Algae,Oily,"['Hyperpigmentation', 'Redness']",good fit,0,3,Description strongly soothing/calming; low irritancy even without direct concern match,0,3,Marine/Algae
Quercetin,Oily,"['Hyperpigmentation', 'Redness']",good fit,0,3,Description strongly soothing/calming; low irritancy even without direct concern match,0,3,Other
Pseudoalteromonas Exopolysaccharides,Oily,"['Hyperpigmentation', 'Redness']",good fit,0,2,Gentle ingredient with no concern match; neutral fit,0,3,Other
Proline,Oily,"['Hyperpigmentation', 'Redness']",possible irritation,1,2,Gentle ingredient with no concern match; neutral fit [label adjusted for expert variance],0,5,Amino Acid
Potassium Azeloyl Diglycinate,Oily,"['Hyperpigmentation', 'Redness']",good fit,0,4,Directly addresses 3 concern(s) and description confirms soothing profile,1,7,Other
Probiotics,Oily,"['Hyperpigmentation', 'Redness']",good fit,0,4,Directly addresses 1 concern(s) and description confirms soothing profile,0,3,Probiotic/Ferment
Prickly Pear Extract,Oily,"['Hyperpigmentation', 'Redness']",good fit,0,4,Directly addresses 1 concern(s) and description confirms soothing profile,0,1,Plant Extract
Snow Mushroom Extract,Oily,"['Hyperpigmentation', 'Redness']",good fit,0,4,Directly addresses 1 concern(s) and description confirms soothing profile,0,4,Plant Extract
Prebiotics,Oily,"['Hyperpigmentation', 'Redness']",good fit,0,4,Directly addresses 1 concern(s) and description confirms soothing profile,0,3,Probiotic/Ferment
Shea Butter,Oily,"['Hyperpigmentation', 'Redness']",poor fit,2,5,Directly flagged in avoid list for Oily skin and high irritancy (5),2,4,Lipid/Oil
Sesame Seed Oil,Oily,"['Hyperpigmentation', 'Redness']",good fit,0,3,Description strongly soothing/calming; low irritancy even without direct concern match,0,1,Lipid/Oil
Silk Protein,Oily,"['Hyperpigmentation', 'Redness']",good fit,0,2,Gentle ingredient with no concern match; neutral fit,1,1,Other
Sh-Oligopeptide,Oily,"['Hyperpigmentation', 'Redness']",good fit,0,2,Gentle ingredient with no concern match; neutral fit,0,3,Peptide
Serine,Oily,"['Hyperpigmentation', 'Redness']",good fit,0,2,Gentle ingredient with no concern match; neutral fit,0,2,Amino Acid
Sea Buckthorn Water,Oily,"['Hyperpigmentation', 'Redness']",good fit,0,2,Gentle ingredient with no concern match; neutral fit,0,1,Plant Extract
Saskatoon Berry,Oily,"['Hyperpigmentation', 'Redness']",good fit,0,2,Gentle ingredient with no concern match; neutral fit,0,0,Other
Salicylic Acid,Oily,"['Hyperpigmentation', 'Redness']",poor fit,2,4,"High combined irritancy score (6): category=BHA, sensitivity=4, desc signals=-1",4,8,BHA
Rosemary Leaf Extract,Oily,"['Hyperpigmentation', 'Redness']",good fit,0,4,Directly addresses 1 concern(s) and description confirms soothing profile,0,1,Plant Extract
Safflower Seed Oil,Oily,"['Hyperpigmentation', 'Redness']",poor fit,2,5,Directly flagged in avoid list for Oily skin and high irritancy (3),1,3,Lipid/Oil
Saccharomyces Cerevisiae (Yeast) Extract,Oily,"['Hyperpigmentation', 'Redness']",good fit,0,4,Directly addresses 1 concern(s) and description confirms soothing profile,0,3,Probiotic/Ferment
Sacred Lotus Flower Extract,Oily,"['Hyperpigmentation', 'Redness']",good fit,0,3,Addresses 1 concern(s); low irritancy,0,4,Plant Extract
Tasmanian Pepperberry Extract,Oily,"['Hyperpigmentation', 'Redness']",good fit,0,4,Directly addresses 1 concern(s) and description confirms soothing profile,0,1,Plant Extract
Tartaric Acid,Oily,"['Hyperpigmentation', 'Redness']",poor fit,2,3,Moderate irritancy (3) — possible irritation for Oily skin [label adjusted for expert variance],1,4,AHA
Rhamnose,Oily,"['Hyperpigmentation', 'Redness']",good fit,0,4,Directly addresses 1 concern(s) and description confirms soothing profile,0,3,Other
Sweet Almond Oil,Oily,"['Hyperpigmentation', 'Redness']",possible irritation,1,4,Flagged in avoid list for Oily skin; ingredient is relatively mild,1,2,Lipid/Oil
Symsitive,Oily,"['Hyperpigmentation', 'Redness']",good fit,0,4,Directly addresses 1 concern(s) and description confirms soothing profile,0,1,Other
Sugar Cane Extract,Oily,"['Hyperpigmentation', 'Redness']",good fit,0,3,Description strongly soothing/calming; low irritancy even without direct concern match [label adjusted for expert variance],0,5,Plant Extract
Superoxide Dismutase,Oily,"['Hyperpigmentation', 'Redness']",good fit,0,3,Description strongly soothing/calming; low irritancy even without direct concern match [label adjusted for expert variance],0,0,Other
Sunflower Oil,Oily,"['Hyperpigmentation', 'Redness']",possible irritation,1,4,Flagged in avoid list for Oily skin; ingredient is relatively mild,1,3,Lipid/Oil
Spent Grain Wax,Oily,"['Hyperpigmentation', 'Redness']",possible irritation,1,3,Moderate irritancy (3) — possible irritation for Oily skin,0,2,Lipid/Oil
Sulfur,Oily,"['Hyperpigmentation', 'Redness']",good fit,0,3,Description strongly soothing/calming; low irritancy even without direct concern match,0,2,Mineral
Squalane,Oily,"['Hyperpigmentation', 'Redness']",good fit,0,2,Gentle ingredient with no concern match; neutral fit,0,4,Lipid/Oil
Urea,Oily,"['Hyperpigmentation', 'Redness']",good fit,0,2,Gentle ingredient with no concern match; neutral fit,0,3,Humectant
Sodium Lactate,Oily,"['Hyperpigmentation', 'Redness']",good fit,0,2,Gentle ingredient with no concern match; neutral fit,0,2,Humectant
Turmeric Root Extract,Oily,"['Hyperpigmentation', 'Redness']",good fit,0,4,Directly addresses 1 concern(s) and description confirms soothing profile,0,1,Plant Extract
Valine,Oily,"['Hyperpigmentation', 'Redness']",good fit,0,2,Gentle ingredient with no concern match; neutral fit,0,2,Amino Acid
Trehalose,Oily,"['Hyperpigmentation', 'Redness']",good fit,0,2,Gentle ingredient with no concern match; neutral fit [label adjusted for expert variance],0,2,Humectant
Tripleurospermum Maritimum Extract,Oily,"['Hyperpigmentation', 'Redness']",good fit,0,3,Description strongly soothing/calming; low irritancy even without direct concern match,0,3,Plant Extract
Triazine Diethyl Butamidotriazone,Oily,"['Hyperpigmentation', 'Redness']",poor fit,2,4,"High combined irritancy score (4): category=UV Filter, sensitivity=2, desc signals=0",2,1,UV Filter
Thiamidol,Oily,"['Hyperpigmentation', 'Redness']",good fit,0,3,Addresses 2 concern(s); low irritancy,0,2,Other
Tranexamic Acid,Oily,"['Hyperpigmentation', 'Redness']",possible irritation,1,3,Addresses 2 concern(s); low irritancy [label adjusted for expert variance],0,3,Other
Tomato Stem Cells,Oily,"['Hyperpigmentation', 'Redness']",good fit,0,2,Gentle ingredient with no concern match; neutral fit,0,3,Plant Extract
Teprenone,Oily,"['Hyperpigmentation', 'Redness']",good fit,0,3,Addresses 2 concern(s); low irritancy,0,5,Other
Threonine,Oily,"['Hyperpigmentation', 'Redness']",good fit,0,2,Gentle ingredient with no concern match; neutral fit,0,2,Amino Acid
Zinc Gluconate,Oily,"['Hyperpigmentation', 'Redness']",good fit,0,4,Directly addresses 1 concern(s) and description confirms soothing profile,0,4,Mineral
Tetrahexyldecyl Ascorbate,Oily,"['Hyperpigmentation', 'Redness']",possible irritation,1,3,Moderate irritancy (2) — possible irritation for Oily skin,1,5,Vitamin C
Zinc,Oily,"['Hyperpigmentation', 'Redness']",good fit,0,4,Directly addresses 1 concern(s) and description confirms soothing profile,0,4,Mineral
Yerba Mate Extract,Oily,"['Hyperpigmentation', 'Redness']",good fit,0,3,Description strongly soothing/calming; low irritancy even without direct concern match,0,1,Plant Extract
Yeast Amino Acids,Oily,"['Hyperpigmentation', 'Redness']",good fit,0,2,Gentle ingredient with no concern match; neutral fit,0,1,Probiotic/Ferment
Willow Herb Extract,Oily,"['Hyperpigmentation', 'Redness']",good fit,0,3,Description strongly soothing/calming; low irritancy even without direct concern match,0,1,Plant Extract
Willow Bark Extract,Oily,"['Hyperpigmentation', 'Redness']",possible irritation,1,3,Moderate irritancy (2) — possible irritation for Oily skin,2,6,Plant Extract
Wild Cherry Extract,Oily,"['Hyperpigmentation', 'Redness']",good fit,0,3,Description strongly soothing/calming; low irritancy even without direct concern match,0,1,Plant Extract
White Tea,Oily,"['Hyperpigmentation', 'Redness']",good fit,0,4,Directly addresses 1 concern(s) and description confirms soothing profile,0,1,Other
Vitamin K1,Oily,"['Hyperpigmentation', 'Redness']",good fit,0,3,Addresses 1 concern(s); low irritancy,0,1,Vitamin
Vitamin E,Oily,"['Hyperpigmentation', 'Redness']",good fit,0,3,Addresses 1 concern(s); low irritancy,0,4,Vitamin
Vitamin C,Oily,"['Hyperpigmentation', 'Redness']",poor fit,2,4,"High combined irritancy score (4): category=Vitamin C, sensitivity=3, desc signals=0",3,5,Vitamin C
Vitamin B5,Oily,"['Hyperpigmentation', 'Redness']",good fit,0,4,Directly addresses 1 concern(s) and description confirms soothing profile,0,5,Vitamin
Vitamin A,Oily,"['Hyperpigmentation', 'Redness']",poor fit,2,4,"High combined irritancy score (7): category=Retinoid, sensitivity=3, desc signals=1",3,9,Retinoid
Vibrio Alginolyticus Ferment Filtrate,Oily,"['Hyperpigmentation', 'Redness']",good fit,0,2,Gentle ingredient with no concern match; neutral fit,0,3,Probiotic/Ferment
Tea Tree Oil,Oily,"['Hyperpigmentation', 'Redness']",good fit,0,4,Directly addresses 1 concern(s) and description confirms soothing profile,0,2,Lipid/Oil
Zinc Sulfate,Oily,"['Hyperpigmentation', 'Redness']",good fit,0,4,Directly addresses 1 concern(s) and description confirms soothing profile,0,1,Mineral
Zinc PCA,Oily,"['Hyperpigmentation', 'Redness']",good fit,0,4,Directly addresses 1 concern(s) and description confirms soothing profile,0,5,Mineral
Neoglucosamine,Oily,"['Hyperpigmentation', 'Redness']",good fit,0,3,Addresses 2 concern(s); low irritancy,1,8,Other
Taurine,Oily,"['Hyperpigmentation', 'Redness']",good fit,0,2,Gentle ingredient with no concern match; neutral fit,0,3,Amino Acid
Sodium Ascorbyl Phosphate,Oily,"['Hyperpigmentation', 'Redness']",possible irritation,1,3,Moderate irritancy (2) — possible irritation for Oily skin,1,5,Vitamin C
Alpha-Glucan Oligosaccharide,Oily,"['Dullness', 'Texture']",good fit,0,3,Description strongly soothing/calming; low irritancy even without direct concern match,0,3,Other
Aloe Vera,Oily,"['Dullness', 'Texture']",good fit,0,4,Directly addresses 2 concern(s) and description confirms soothing profile,0,4,Other
Allantoin,Oily,"['Dullness', 'Texture']",good fit,0,3,Description strongly soothing/calming; low irritancy even without direct concern match,0,3,Other
Algin,Oily,"['Dullness', 'Texture']",good fit,0,2,Gentle ingredient with no concern match; neutral fit,0,3,Other
Algae Extract,Oily,"['Dullness', 'Texture']",good fit,0,2,Gentle ingredient with no concern match; neutral fit,0,3,Marine/Algae
Algae Exopolysaccharides,Oily,"['Dullness', 'Texture']",good fit,0,2,Gentle ingredient with no concern match; neutral fit,0,3,Marine/Algae
Alaria Esculenta Extract,Oily,"['Dullness', 'Texture']",good fit,0,2,Gentle ingredient with no concern match; neutral fit,0,3,Plant Extract
Alanine,Oily,"['Dullness', 'Texture']",good fit,0,3,Addresses 1 concern(s); low irritancy,0,2,Amino Acid
Ahnfeltia Concinna Extract,Oily,"['Dullness', 'Texture']",good fit,0,2,Gentle ingredient with no concern match; neutral fit,0,3,Plant Extract
Adenosine,Oily,"['Dullness', 'Texture']",good fit,0,3,Description strongly soothing/calming; low irritancy even without direct concern match,0,7,Other
Acetyl Tyrosinamide,Oily,"['Dullness', 'Texture']",good fit,0,2,Gentle ingredient with no concern match; neutral fit,0,3,Other
Acetyl Tetrapeptide,Oily,"['Dullness', 'Texture']",good fit,0,2,Gentle ingredient with no concern match; neutral fit,0,3,Peptide
Acetyl Glucosamine,Oily,"['Dullness', 'Texture']",good fit,0,4,Directly addresses 1 concern(s) and description confirms soothing profile,0,7,Other
Acetylarginyltryptophyl Diphenylglycine,Oily,"['Dullness', 'Texture']",good fit,0,2,Gentle ingredient with no concern match; neutral fit,0,3,Amino Acid
Acai Extract,Oily,"['Dullness', 'Texture']",good fit,0,2,Gentle ingredient with no concern match; neutral fit,0,0,Plant Extract
Ascorbic Acid,Oily,"['Dullness', 'Texture']",poor fit,2,4,"High combined irritancy score (7): category=Vitamin C, sensitivity=3, desc signals=3",3,5,Vitamin C
Ascophyllum Nodosum Extract,Oily,"['Dullness', 'Texture']",good fit,0,2,Gentle ingredient with no concern match; neutral fit,0,3,Plant Extract
Arginine PCA,Oily,"['Dullness', 'Texture']",good fit,0,3,Addresses 1 concern(s); low irritancy,0,2,Amino Acid
Arginine/Lysine Polypeptide,Oily,"['Dullness', 'Texture']",good fit,0,2,Gentle ingredient with no concern match; neutral fit,0,3,Peptide
Arginine HCL,Oily,"['Dullness', 'Texture']",good fit,0,3,Addresses 1 concern(s); low irritancy,0,2,Amino Acid
Arginine,Oily,"['Dullness', 'Texture']",possible irritation,1,3,Addresses 1 concern(s); low irritancy [label adjusted for expert variance],0,3,Amino Acid
Argan Oil,Oily,"['Dullness', 'Texture']",possible irritation,1,4,Flagged in avoid list for Oily skin; ingredient is relatively mild,1,3,Lipid/Oil
Arbutin,Oily,"['Dullness', 'Texture']",good fit,0,3,Addresses 1 concern(s); low irritancy,1,2,Other
Aquagenium,Oily,"['Dullness', 'Texture']",good fit,0,3,Addresses 1 concern(s); low irritancy,0,2,Other
Apple Stem Cells,Oily,"['Dullness', 'Texture']",good fit,0,2,Gentle ingredient with no concern match; neutral fit,0,3,Plant Extract
Apple Polyphenols,Oily,"['Dullness', 'Texture']",good fit,0,3,Description strongly soothing/calming; low irritancy even without direct concern match,0,0,Other
Apple Extract,Oily,"['Dullness', 'Texture']",good fit,0,2,Gentle ingredient with no concern match; neutral fit,0,0,Plant Extract
Anti-Ageing Peptides,Oily,"['Dullness', 'Texture']",good fit,0,2,Gentle ingredient with no concern match; neutral fit,0,3,Peptide
Amino Acids,Oily,"['Dullness', 'Texture']",good fit,0,3,Addresses 1 concern(s); low irritancy,0,5,Amino Acid
Alteromonas Ferment Extract,Oily,"['Dullness', 'Texture']",good fit,0,3,Description strongly soothing/calming; low irritancy even without direct concern match [label adjusted for expert variance],0,3,Probiotic/Ferment
Bifida Ferment Lysate,Oily,"['Dullness', 'Texture']",good fit,0,3,Description strongly soothing/calming; low irritancy even without direct concern match,0,3,Probiotic/Ferment
Beta Glucan,Oily,"['Dullness', 'Texture']",good fit,0,4,Directly addresses 2 concern(s) and description confirms soothing profile,0,5,Other
Bakuchiol,Oily,"['Dullness', 'Texture']",good fit,0,2,Gentle ingredient with no concern match; neutral fit,0,3,Other
Azelaoyl Bis-Dipeptide,Oily,"['Dullness', 'Texture']",good fit,0,2,Gentle ingredient with no concern match; neutral fit,1,3,Peptide
Azelaic Acid,Oily,"['Dullness', 'Texture']",good fit,0,4,Directly addresses 2 concern(s) and description confirms soothing profile,1,8,Other
Avocado Oil,Oily,"['Dullness', 'Texture']",possible irritation,1,4,Flagged in avoid list for Oily skin; ingredient is relatively mild,1,3,Lipid/Oil
Avocado Ferment,Oily,"['Dullness', 'Texture']",good fit,0,3,Addresses 2 concern(s); low irritancy,0,3,Probiotic/Ferment
Avene Thermal Water,Oily,"['Dullness', 'Texture']",good fit,0,4,Directly addresses 2 concern(s) and description confirms soothing profile,0,5,Plant Extract
Asparagopsis Armata Extract,Oily,"['Dullness', 'Texture']",good fit,0,2,Gentle ingredient with no concern match; neutral fit [label adjusted for expert variance],0,3,Plant Extract
Ascorbyl Palmitate,Oily,"['Dullness', 'Texture']",possible irritation,1,3,Moderate irritancy (2) — possible irritation for Oily skin,1,1,Vitamin C
Ascorbyl Glucoside,Oily,"['Dullness', 'Texture']",possible irritation,1,3,Moderate irritancy (2) — possible irritation for Oily skin,1,5,Vitamin C
Caffeine,Oily,"['Dullness', 'Texture']",good fit,0,2,Gentle ingredient with no concern match; neutral fit,0,3,Other
Caffeic Acid,Oily,"['Dullness', 'Texture']",good fit,0,3,Description strongly soothing/calming; low irritancy even without direct concern match,0,1,Other
Cabbage Leaf Extract,Oily,"['Dullness', 'Texture']",good fit,0,3,Description strongly soothing/calming; low irritancy even without direct concern match,0,0,Plant Extract
Butyl Methoxydibenzoylmethane,Oily,"['Dullness', 'Texture']",poor fit,2,4,"High combined irritancy score (4): category=UV Filter, sensitivity=2, desc signals=0",2,1,UV Filter
Blue Mallow Extract,Oily,"['Dullness', 'Texture']",good fit,0,3,Description strongly soothing/calming; low irritancy even without direct concern match,0,0,Plant Extract
Blue Lotus Extract,Oily,"['Dullness', 'Texture']",good fit,0,3,Description strongly soothing/calming; low irritancy even without direct concern match,0,0,Plant Extract
Blueberry Extract,Oily,"['Dullness', 'Texture']",good fit,0,3,Description strongly soothing/calming; low irritancy even without direct concern match,0,0,Plant Extract
Bilberry Extract,Oily,"['Dullness', 'Texture']",good fit,0,3,Description strongly soothing/calming; low irritancy even without direct concern match,0,1,Plant Extract
Bis-Ethylhexyloxyphenol Methoxyphenyl Triazine,Oily,"['Dullness', 'Texture']",poor fit,2,4,"High combined irritancy score (5): category=UV Filter, sensitivity=2, desc signals=1",2,1,UV Filter
Bisabolol,Oily,"['Dullness', 'Texture']",good fit,0,4,Directly addresses 2 concern(s) and description confirms soothing profile,0,5,Other
Bio-Active Glucosides,Oily,"['Dullness', 'Texture']",good fit,0,3,Description strongly soothing/calming; low irritancy even without direct concern match,0,1,Other
Chondrus Crispus,Oily,"['Dullness', 'Texture']",good fit,0,2,Gentle ingredient with no concern match; neutral fit,0,3,Other
Cholesterol,Oily,"['Dullness', 'Texture']",good fit,0,3,Addresses 1 concern(s); low irritancy,0,3,Other
Chlorophyll,Oily,"['Dullness', 'Texture']",good fit,0,3,Description strongly soothing/calming; low irritancy even without direct concern match,0,0,Other
Chlorella Vulgaris Extract,Oily,"['Dullness', 'Texture']",good fit,0,2,Gentle ingredient with no concern match; neutral fit,0,3,Plant Extract
Chamomile Extract,Oily,"['Dullness', 'Texture']",good fit,0,3,Description strongly soothing/calming; low irritancy even without direct concern match,0,2,Plant Extract
Chlorella Protothecoides Oil,Oily,"['Dullness', 'Texture']",good fit,0,2,Gentle ingredient with no concern match; neutral fit,0,3,Lipid/Oil
Ceramides,Oily,"['Dullness', 'Texture']",good fit,0,4,Directly addresses 2 concern(s) and description confirms soothing profile,0,5,Ceramide
Chlorella Protothecoides,Oily,"['Dullness', 'Texture']",good fit,0,2,Gentle ingredient with no concern match; neutral fit,0,3,Other
Chemical UV Filters,Oily,"['Dullness', 'Texture']",possible irritation,1,3,Moderate irritancy (3) — possible irritation for Oily skin,1,1,UV Filter
Caprooyl Sphingosine,Oily,"['Dullness', 'Texture']",good fit,0,3,Addresses 2 concern(s); low irritancy,0,4,Ceramide
Centella Asiatica,Oily,"['Dullness', 'Texture']",good fit,0,4,Directly addresses 2 concern(s) and description confirms soothing profile,0,5,Other
Carnosine,Oily,"['Dullness', 'Texture']",good fit,0,2,Gentle ingredient with no concern match; neutral fit,0,1,Other
Caprooyl Phytosphingosine,Oily,"['Dullness', 'Texture']",good fit,0,3,Addresses 2 concern(s); low irritancy,0,4,Ceramide
Ectoin,Oily,"['Dullness', 'Texture']",good fit,0,3,Description strongly soothing/calming; low irritancy even without direct concern match,0,2,Other
Dunaliella Salina (Green Algae) Extract,Oily,"['Dullness', 'Texture']",good fit,0,2,Gentle ingredient with no concern match; neutral fit,0,3,Marine/Algae
Dioic Acid,Oily,"['Dullness', 'Texture']",good fit,0,3,Description strongly soothing/calming; low irritancy even without direct concern match,0,3,Other
Cucumber Extract,Oily,"['Dullness', 'Texture']",good fit,0,3,Description strongly soothing/calming; low irritancy even without direct concern match,0,0,Plant Extract
Dipeptide Diaminobutyroyl Benzylamide Diacetate,Oily,"['Dullness', 'Texture']",good fit,0,2,Gentle ingredient with no concern match; neutral fit,0,3,Peptide
Dipeptide,Oily,"['Dullness', 'Texture']",good fit,0,2,Gentle ingredient with no concern match; neutral fit,0,3,Peptide
Copper Peptide,Oily,"['Dullness', 'Texture']",good fit,0,2,Gentle ingredient with no concern match; neutral fit,0,3,Peptide
Copper Palmitoyl Heptapeptide,Oily,"['Dullness', 'Texture']",good fit,0,2,Gentle ingredient with no concern match; neutral fit,0,3,Peptide
Copper Heptapeptide-14 Pantothenate,Oily,"['Dullness', 'Texture']",good fit,0,2,Gentle ingredient with no concern match; neutral fit,0,3,Peptide
Coffee Seed Extract,Oily,"['Dullness', 'Texture']",good fit,0,3,Description strongly soothing/calming; low irritancy even without direct concern match,0,1,Plant Extract
Citric Acid,Oily,"['Dullness', 'Texture']",poor fit,2,3,Moderate irritancy (3) — possible irritation for Oily skin [label adjusted for expert variance],0,4,AHA
Cinnamon Bark,Oily,"['Dullness', 'Texture']",good fit,0,2,Gentle ingredient with no concern match; neutral fit,0,1,Other
Fomes Ofﬁcinalis (Mushroom) Extract,Oily,"['Dullness', 'Texture']",good fit,0,3,Addresses 1 concern(s); low irritancy,0,3,Plant Extract
Ginkgo Biloba,Oily,"['Dullness', 'Texture']",good fit,0,3,Description strongly soothing/calming; low irritancy even without direct concern match,0,1,Other
Fructooligosaccharides,Oily,"['Dullness', 'Texture']",good fit,0,3,Description strongly soothing/calming; low irritancy even without direct concern match,0,3,Other
Feverfew Extract,Oily,"['Dullness', 'Texture']",good fit,0,3,Description strongly soothing/calming; low irritancy even without direct concern match,0,1,Plant Extract
Ferulic Acid,Oily,"['Dullness', 'Texture']",good fit,0,2,Gentle ingredient with no concern match; neutral fit,0,0,Vitamin
Ethylhexyl Triazone,Oily,"['Dullness', 'Texture']",poor fit,2,4,"High combined irritancy score (4): category=UV Filter, sensitivity=2, desc signals=0",2,1,UV Filter
Ferric Hexapeptide,Oily,"['Dullness', 'Texture']",good fit,0,2,Gentle ingredient with no concern match; neutral fit,0,3,Peptide
Fernblock,Oily,"['Dullness', 'Texture']",good fit,0,2,Gentle ingredient with no concern match; neutral fit,0,0,Other
Evening Primrose Oil,Oily,"['Dullness', 'Texture']",good fit,0,3,Description strongly soothing/calming; low irritancy even without direct concern match,0,2,Lipid/Oil
Essential Lipids,Oily,"['Dullness', 'Texture']",good fit,0,3,Addresses 2 concern(s); low irritancy,0,5,Other
Endothelyol,Oily,"['Dullness', 'Texture']",good fit,0,3,Description strongly soothing/calming; low irritancy even without direct concern match,0,1,Other
Ethylhexyl Salicylate,Oily,"['Dullness', 'Texture']",poor fit,2,3,Moderate irritancy (2) — possible irritation for Oily skin [label adjusted for expert variance],2,1,Other
Ethyl Ascorbic Acid,Oily,"['Dullness', 'Texture']",possible irritation,1,3,Moderate irritancy (2) — possible irritation for Oily skin,1,4,Vitamin C
Green Tea,Oily,"['Dullness', 'Texture']",good fit,0,4,Directly addresses 1 concern(s) and description confirms soothing profile,0,2,Other
Glycosphingolipids,Oily,"['Dullness', 'Texture']",good fit,0,3,Addresses 2 concern(s); low irritancy,0,4,Ceramide
Glycoproteins,Oily,"['Dullness', 'Texture']",good fit,0,3,Addresses 2 concern(s); low irritancy,0,4,Other
Glycolipids,Oily,"['Dullness', 'Texture']",good fit,0,2,Gentle ingredient with no concern match; neutral fit,0,2,Other
Golden-Eye Grass Complex,Oily,"['Dullness', 'Texture']",possible irritation,1,2,Gentle ingredient with no concern match; neutral fit [label adjusted for expert variance],0,1,Other
Glycolic Acid,Oily,"['Dullness', 'Texture']",poor fit,2,4,"High combined irritancy score (6): category=AHA, sensitivity=2, desc signals=2",2,8,AHA
Glycine,Oily,"['Dullness', 'Texture']",good fit,0,3,Addresses 1 concern(s); low irritancy,0,5,Amino Acid
Glyceryl Glucoside,Oily,"['Dullness', 'Texture']",good fit,0,3,Addresses 2 concern(s); low irritancy,0,4,Other
Gluconolactone,Oily,"['Dullness', 'Texture']",good fit,0,4,Directly addresses 2 concern(s) and description confirms soothing profile,0,9,Other
EGCG,Oily,"['Dullness', 'Texture']",good fit,0,3,Description strongly soothing/calming; low irritancy even without direct concern match,0,1,Other
Indian Gooseberry,Oily,"['Dullness', 'Texture']",good fit,0,2,Gentle ingredient with no concern match; neutral fit,0,1,Other
Hydroxypinacolone Retinoate,Oily,"['Dullness', 'Texture']",poor fit,2,4,"High combined irritancy score (6): category=Retinoid, sensitivity=3, desc signals=0",3,9,Retinoid
Hydrolyzed Pumpkin Seedcake,Oily,"['Dullness', 'Texture']",good fit,0,3,Addresses 1 concern(s); low irritancy,0,6,Other
Hydrolyzed F-Fucoidan,Oily,"['Dullness', 'Texture']",possible irritation,1,2,Gentle ingredient with no concern match; neutral fit [label adjusted for expert variance],0,3,Marine/Algae
Homosalate,Oily,"['Dullness', 'Texture']",poor fit,2,4,"High combined irritancy score (4): category=UV Filter, sensitivity=2, desc signals=0",2,1,UV Filter
Humectants,Oily,"['Dullness', 'Texture']",good fit,0,3,Addresses 2 concern(s); low irritancy,0,5,Humectant
Hibiscus Fruit Extract,Oily,"['Dullness', 'Texture']",good fit,0,2,Gentle ingredient with no concern match; neutral fit,0,0,Plant Extract
Horse Chestnut,Oily,"['Dullness', 'Texture']",good fit,0,3,Description strongly soothing/calming; low irritancy even without direct concern match,0,1,Other
Heptapeptide-15 Palmitate,Oily,"['Dullness', 'Texture']",good fit,0,2,Gentle ingredient with no concern match; neutral fit,0,3,Peptide
Guarana Extract,Oily,"['Dullness', 'Texture']",good fit,0,2,Gentle ingredient with no concern match; neutral fit,0,0,Plant Extract
Histidine,Oily,"['Dullness', 'Texture']",good fit,0,3,Addresses 1 concern(s); low irritancy,0,4,Amino Acid
Lecithin,Oily,"['Dullness', 'Texture']",possible irritation,1,3,Moderate irritancy (2) — possible irritation for Oily skin,0,4,Lipid/Oil
L-Carnitine,Oily,"['Dullness', 'Texture']",good fit,0,3,Description strongly soothing/calming; low irritancy even without direct concern match,0,3,Other
Lactobionic Acid,Oily,"['Dullness', 'Texture']",good fit,0,4,Directly addresses 2 concern(s) and description confirms soothing profile,0,9,Other
L-Ascorbic Acid,Oily,"['Dullness', 'Texture']",poor fit,2,4,"High combined irritancy score (7): category=Vitamin C, sensitivity=3, desc signals=3",3,5,Vitamin C
Laminaria Ochroleuca (Kelp) Extract,Oily,"['Dullness', 'Texture']",good fit,0,3,Description strongly soothing/calming; low irritancy even without direct concern match,0,3,Marine/Algae
Lactococcus Ferment Lysate,Oily,"['Dullness', 'Texture']",good fit,0,3,Description strongly soothing/calming; low irritancy even without direct concern match,0,3,Probiotic/Ferment
Lactic Acid,Oily,"['Dullness', 'Texture']",poor fit,2,4,"High combined irritancy score (4): category=AHA, sensitivity=2, desc signals=0",2,8,AHA
Lactobacillus Ferment,Oily,"['Dullness', 'Texture']",good fit,0,3,Description strongly soothing/calming; low irritancy even without direct concern match,0,3,Probiotic/Ferment
Lactobacillus Extract Filtrate,Oily,"['Dullness', 'Texture']",good fit,0,3,Description strongly soothing/calming; low irritancy even without direct concern match [label adjusted for expert variance],0,3,Probiotic/Ferment
Jojoba Oil,Oily,"['Dullness', 'Texture']",good fit,0,3,Addresses 2 concern(s); low irritancy,0,4,Lipid/Oil
Kola Seed Extract,Oily,"['Dullness', 'Texture']",good fit,0,2,Gentle ingredient with no concern match; neutral fit,0,0,Plant Extract
Jeju Green Tea Water,Oily,"['Dullness', 'Texture']",good fit,0,4,Directly addresses 1 concern(s) and description confirms soothing profile,0,3,Plant Extract
Kojic Acid,Oily,"['Dullness', 'Texture']",good fit,0,3,Addresses 1 concern(s); low irritancy,0,3,Other
Isoleucine,Oily,"['Dullness', 'Texture']",good fit,0,3,Addresses 1 concern(s); low irritancy,0,2,Amino Acid
Jojoba Beads,Oily,"['Dullness', 'Texture']",good fit,0,4,Directly addresses 2 concern(s) and description confirms soothing profile,0,2,Other
Macrocystis Pyrifera (Kelp) Extract,Oily,"['Dullness', 'Texture']",good fit,0,2,Gentle ingredient with no concern match; neutral fit,0,3,Marine/Algae
Magnesium Sulfate,Oily,"['Dullness', 'Texture']",good fit,0,3,Description strongly soothing/calming; low irritancy even without direct concern match,0,1,Mineral
Magnesium Ascorbyl Phosphate,Oily,"['Dullness', 'Texture']",poor fit,2,4,"High combined irritancy score (4): category=Vitamin C, sensitivity=1, desc signals=2",1,3,Vitamin C
Lysine,Oily,"['Dullness', 'Texture']",good fit,0,4,Directly addresses 1 concern(s) and description confirms soothing profile,0,6,Amino Acid
Lily Extract,Oily,"['Dullness', 'Texture']",good fit,0,3,Description strongly soothing/calming; low irritancy even without direct concern match,0,0,Plant Extract
Luffa Cylindrica Extract,Oily,"['Dullness', 'Texture']",good fit,0,2,Gentle ingredient with no concern match; neutral fit,0,0,Plant Extract
Linolenic Acid,Oily,"['Dullness', 'Texture']",good fit,0,4,Directly addresses 2 concern(s) and description confirms soothing profile,0,4,Lipid/Oil
Linoleic Acid,Oily,"['Dullness', 'Texture']",good fit,0,3,Moderate irritancy (2) — possible irritation for Oily skin [label adjusted for expert variance],0,4,Lipid/Oil
Leucine,Oily,"['Dullness', 'Texture']",good fit,0,3,Addresses 1 concern(s); low irritancy,0,6,Amino Acid
Licorice Extract,Oily,"['Dullness', 'Texture']",good fit,0,4,Directly addresses 1 concern(s) and description confirms soothing profile,0,4,Plant Extract
Natural Moisturising Factors,Oily,"['Dullness', 'Texture']",good fit,0,3,Addresses 2 concern(s); low irritancy,0,5,Other
Licochalcone A,Oily,"['Dullness', 'Texture']",good fit,0,3,Description strongly soothing/calming; low irritancy even without direct concern match,0,0,Other
Naringenin Chalcone,Oily,"['Dullness', 'Texture']",good fit,0,3,Description strongly soothing/calming; low irritancy even without direct concern match,0,2,Other
Myristoyl Nonapeptide,Oily,"['Dullness', 'Texture']",good fit,0,2,Gentle ingredient with no concern match; neutral fit,0,3,Peptide
Myristol Pentapeptide,Oily,"['Dullness', 'Texture']",good fit,0,2,Gentle ingredient with no concern match; neutral fit,0,3,Peptide
Milk Thistle Extract,Oily,"['Dullness', 'Texture']",good fit,0,3,Description strongly soothing/calming; low irritancy even without direct concern match,0,2,Plant Extract
Myristol Hexapeptide,Oily,"['Dullness', 'Texture']",good fit,0,2,Gentle ingredient with no concern match; neutral fit,0,3,Peptide
Mushroom Extract,Oily,"['Dullness', 'Texture']",good fit,0,3,Description strongly soothing/calming; low irritancy even without direct concern match,0,1,Plant Extract
Moringa Seed Extract,Oily,"['Dullness', 'Texture']",good fit,0,4,Directly addresses 2 concern(s) and description confirms soothing profile,0,5,Plant Extract
Marshmallow Root,Oily,"['Dullness', 'Texture']",good fit,0,3,Description strongly soothing/calming; low irritancy even without direct concern match,0,1,Other
Mineral UV Filters,Oily,"['Dullness', 'Texture']",possible irritation,1,3,Moderate irritancy (3) — possible irritation for Oily skin,1,1,UV Filter
Meadowfoam Seed Oil,Oily,"['Dullness', 'Texture']",possible irritation,1,3,Moderate irritancy (2) — possible irritation for Oily skin,0,3,Lipid/Oil
Marine Extract,Oily,"['Dullness', 'Texture']",good fit,0,2,Gentle ingredient with no concern match; neutral fit,0,3,Marine/Algae
Mango Seed Butter,Oily,"['Dullness', 'Texture']",possible irritation,1,3,Moderate irritancy (2) — possible irritation for Oily skin,0,1,Lipid/Oil
Palmitoyl Oligopeptide,Oily,"['Dullness', 'Texture']",good fit,0,2,Gentle ingredient with no concern match; neutral fit,0,3,Peptide
Mandelic Acid,Oily,"['Dullness', 'Texture']",poor fit,2,4,"High combined irritancy score (4): category=AHA, sensitivity=2, desc signals=-1",2,8,AHA
Palmitoyl Nonapeptide,Oily,"['Dullness', 'Texture']",good fit,0,2,Gentle ingredient with no concern match; neutral fit [label adjusted for expert variance],0,3,Peptide
Palmitoyl Pentapeptide,Oily,"['Dullness', 'Texture']",good fit,0,2,Gentle ingredient with no concern match; neutral fit,0,3,Peptide
Palmitoyl Glycine,Oily,"['Dullness', 'Texture']",good fit,0,3,Description strongly soothing/calming; low irritancy even without direct concern match,0,3,Amino Acid
Palmitoyl Heptapeptide,Oily,"['Dullness', 'Texture']",good fit,0,2,Gentle ingredient with no concern match; neutral fit,0,3,Peptide
Octocrylene,Oily,"['Dullness', 'Texture']",possible irritation,1,3,Moderate irritancy (2) — possible irritation for Oily skin,2,1,Other
Palmitoyl Decapeptide,Oily,"['Dullness', 'Texture']",good fit,0,2,Gentle ingredient with no concern match; neutral fit,0,3,Peptide
Oligopeptide,Oily,"['Dullness', 'Texture']",good fit,0,2,Gentle ingredient with no concern match; neutral fit,0,3,Peptide
Padina Pavonica Thallus Extract,Oily,"['Dullness', 'Texture']",possible irritation,1,2,Gentle ingredient with no concern match; neutral fit [label adjusted for expert variance],0,3,Plant Extract
Oat Extract,Oily,"['Dullness', 'Texture']",good fit,0,4,Directly addresses 1 concern(s) and description confirms soothing profile,0,4,Plant Extract
Octisalate,Oily,"['Dullness', 'Texture']",poor fit,2,4,"High combined irritancy score (4): category=UV Filter, sensitivity=2, desc signals=0",2,1,UV Filter
Octinoxate,Oily,"['Dullness', 'Texture']",poor fit,2,4,"High combined irritancy score (4): category=UV Filter, sensitivity=2, desc signals=0",2,1,UV Filter
Polyhydroxy Acids,Oily,"['Dullness', 'Texture']",good fit,0,4,Directly addresses 2 concern(s) and description confirms soothing profile,0,9,Other
Porphyridium Cruentum Extract,Oily,"['Dullness', 'Texture']",good fit,0,3,Description strongly soothing/calming; low irritancy even without direct concern match,0,3,Plant Extract
Polyporus Umbellatus (Mushroom) Extract,Oily,"['Dullness', 'Texture']",good fit,0,3,Addresses 1 concern(s); low irritancy,0,2,Plant Extract
Phytic Acid,Oily,"['Dullness', 'Texture']",good fit,0,2,Gentle ingredient with no concern match; neutral fit,0,3,Other
Plankton Extract,Oily,"['Dullness', 'Texture']",good fit,0,3,Description strongly soothing/calming; low irritancy even without direct concern match,0,3,Marine/Algae
Perfluorodecalin,Oily,"['Dullness', 'Texture']",good fit,0,4,Directly addresses 1 concern(s) and description confirms soothing profile,0,4,Other
Phytosphingosine,Oily,"['Dullness', 'Texture']",good fit,0,3,Addresses 2 concern(s); low irritancy,0,4,Ceramide
Phospholipids,Oily,"['Dullness', 'Texture']",possible irritation,1,3,Moderate irritancy (2) — possible irritation for Oily skin,0,4,Lipid/Oil
Palmitoyl  Tripeptide-1,Oily,"['Dullness', 'Texture']",good fit,0,2,Gentle ingredient with no concern match; neutral fit,0,3,Peptide
Pentapeptide,Oily,"['Dullness', 'Texture']",good fit,0,2,Gentle ingredient with no concern match; neutral fit,0,3,Peptide
Palmitoyl Tetrapeptide,Oily,"['Dullness', 'Texture']",good fit,0,2,Gentle ingredient with no concern match; neutral fit,0,3,Peptide
Parachlorella Beijerinckii Exopolysaccharides,Oily,"['Dullness', 'Texture']",good fit,0,2,Gentle ingredient with no concern match; neutral fit,0,3,Other
Retinyl Retinoate,Oily,"['Dullness', 'Texture']",poor fit,2,4,"High combined irritancy score (7): category=Retinoid, sensitivity=3, desc signals=1",3,9,Retinoid
Palmitoyl Tripeptide,Oily,"['Dullness', 'Texture']",good fit,0,2,Gentle ingredient with no concern match; neutral fit,0,3,Peptide
Neurophroline,Oily,"['Dullness', 'Texture']",good fit,0,4,Directly addresses 2 concern(s) and description confirms soothing profile,0,5,Other
Retinyl Propionate,Oily,"['Dullness', 'Texture']",poor fit,2,4,"High combined irritancy score (6): category=Retinoid, sensitivity=3, desc signals=0",3,7,Retinoid
Retinyl Palmitate,Oily,"['Dullness', 'Texture']",poor fit,2,4,"High combined irritancy score (5): category=Retinoid, sensitivity=2, desc signals=0",2,1,Retinoid
Retinol,Oily,"['Dullness', 'Texture']",poor fit,2,4,"High combined irritancy score (6): category=Retinoid, sensitivity=3, desc signals=0",3,9,Retinoid
Resveratrol,Oily,"['Dullness', 'Texture']",good fit,0,3,Description strongly soothing/calming; low irritancy even without direct concern match,0,3,Other
Red Algae,Oily,"['Dullness', 'Texture']",good fit,0,4,Directly addresses 1 concern(s) and description confirms soothing profile,0,3,Marine/Algae
Quercetin,Oily,"['Dullness', 'Texture']",good fit,0,4,Directly addresses 1 concern(s) and description confirms soothing profile,0,3,Other
Pseudoalteromonas Exopolysaccharides,Oily,"['Dullness', 'Texture']",good fit,0,2,Gentle ingredient with no concern match; neutral fit,0,3,Other
Proline,Oily,"['Dullness', 'Texture']",good fit,0,3,Addresses 1 concern(s); low irritancy,0,5,Amino Acid
Potassium Azeloyl Diglycinate,Oily,"['Dullness', 'Texture']",good fit,0,4,Directly addresses 1 concern(s) and description confirms soothing profile,1,7,Other
Probiotics,Oily,"['Dullness', 'Texture']",good fit,0,3,Description strongly soothing/calming; low irritancy even without direct concern match,0,3,Probiotic/Ferment
Prickly Pear Extract,Oily,"['Dullness', 'Texture']",good fit,0,3,Description strongly soothing/calming; low irritancy even without direct concern match,0,1,Plant Extract
Snow Mushroom Extract,Oily,"['Dullness', 'Texture']",good fit,0,4,Directly addresses 1 concern(s) and description confirms soothing profile,0,4,Plant Extract
Prebiotics,Oily,"['Dullness', 'Texture']",good fit,0,3,Description strongly soothing/calming; low irritancy even without direct concern match,0,3,Probiotic/Ferment
Shea Butter,Oily,"['Dullness', 'Texture']",poor fit,2,5,Directly flagged in avoid list for Oily skin and high irritancy (5),2,4,Lipid/Oil
Sesame Seed Oil,Oily,"['Dullness', 'Texture']",good fit,0,3,Description strongly soothing/calming; low irritancy even without direct concern match,0,1,Lipid/Oil
Silk Protein,Oily,"['Dullness', 'Texture']",good fit,0,2,Gentle ingredient with no concern match; neutral fit,1,1,Other
Sh-Oligopeptide,Oily,"['Dullness', 'Texture']",good fit,0,2,Gentle ingredient with no concern match; neutral fit,0,3,Peptide
Serine,Oily,"['Dullness', 'Texture']",good fit,0,3,Addresses 1 concern(s); low irritancy,0,2,Amino Acid
Sea Buckthorn Water,Oily,"['Dullness', 'Texture']",good fit,0,3,Addresses 1 concern(s); low irritancy,0,1,Plant Extract
Saskatoon Berry,Oily,"['Dullness', 'Texture']",good fit,0,2,Gentle ingredient with no concern match; neutral fit,0,0,Other
Salicylic Acid,Oily,"['Dullness', 'Texture']",poor fit,2,4,"High combined irritancy score (6): category=BHA, sensitivity=4, desc signals=-1",4,8,BHA
Rosemary Leaf Extract,Oily,"['Dullness', 'Texture']",good fit,0,3,Description strongly soothing/calming; low irritancy even without direct concern match,0,1,Plant Extract
Safflower Seed Oil,Oily,"['Dullness', 'Texture']",poor fit,2,5,Directly flagged in avoid list for Oily skin and high irritancy (3),1,3,Lipid/Oil
Saccharomyces Cerevisiae (Yeast) Extract,Oily,"['Dullness', 'Texture']",possible irritation,1,3,Description strongly soothing/calming; low irritancy even without direct concern match [label adjusted for expert variance],0,3,Probiotic/Ferment
Sacred Lotus Flower Extract,Oily,"['Dullness', 'Texture']",good fit,0,2,Gentle ingredient with no concern match; neutral fit,0,4,Plant Extract
Tasmanian Pepperberry Extract,Oily,"['Dullness', 'Texture']",good fit,0,3,Description strongly soothing/calming; low irritancy even without direct concern match,0,1,Plant Extract
Tartaric Acid,Oily,"['Dullness', 'Texture']",possible irritation,1,3,Moderate irritancy (3) — possible irritation for Oily skin,1,4,AHA
Rhamnose,Oily,"['Dullness', 'Texture']",good fit,0,3,Description strongly soothing/calming; low irritancy even without direct concern match,0,3,Other
Sweet Almond Oil,Oily,"['Dullness', 'Texture']",possible irritation,1,4,Flagged in avoid list for Oily skin; ingredient is relatively mild,1,2,Lipid/Oil
Symsitive,Oily,"['Dullness', 'Texture']",good fit,0,3,Description strongly soothing/calming; low irritancy even without direct concern match,0,1,Other
Sugar Cane Extract,Oily,"['Dullness', 'Texture']",good fit,0,4,Directly addresses 2 concern(s) and description confirms soothing profile,0,5,Plant Extract
Superoxide Dismutase,Oily,"['Dullness', 'Texture']",good fit,0,3,Description strongly soothing/calming; low irritancy even without direct concern match,0,0,Other
Sunflower Oil,Oily,"['Dullness', 'Texture']",possible irritation,1,4,Flagged in avoid list for Oily skin; ingredient is relatively mild,1,3,Lipid/Oil
Spent Grain Wax,Oily,"['Dullness', 'Texture']",possible irritation,1,3,Moderate irritancy (3) — possible irritation for Oily skin,0,2,Lipid/Oil
Sulfur,Oily,"['Dullness', 'Texture']",good fit,0,3,Description strongly soothing/calming; low irritancy even without direct concern match,0,2,Mineral
Squalane,Oily,"['Dullness', 'Texture']",good fit,0,4,Directly addresses 2 concern(s) and description confirms soothing profile,0,4,Lipid/Oil
Urea,Oily,"['Dullness', 'Texture']",good fit,0,3,Addresses 2 concern(s); low irritancy,0,3,Humectant
Sodium Lactate,Oily,"['Dullness', 'Texture']",good fit,0,3,Addresses 1 concern(s); low irritancy,0,2,Humectant
Turmeric Root Extract,Oily,"['Dullness', 'Texture']",good fit,0,3,Description strongly soothing/calming; low irritancy even without direct concern match,0,1,Plant Extract
Valine,Oily,"['Dullness', 'Texture']",good fit,0,3,Addresses 1 concern(s); low irritancy,0,2,Amino Acid
Trehalose,Oily,"['Dullness', 'Texture']",good fit,0,3,Addresses 1 concern(s); low irritancy,0,2,Humectant
Tripleurospermum Maritimum Extract,Oily,"['Dullness', 'Texture']",good fit,0,3,Description strongly soothing/calming; low irritancy even without direct concern match,0,3,Plant Extract
Triazine Diethyl Butamidotriazone,Oily,"['Dullness', 'Texture']",poor fit,2,4,"High combined irritancy score (4): category=UV Filter, sensitivity=2, desc signals=0",2,1,UV Filter
Thiamidol,Oily,"['Dullness', 'Texture']",good fit,0,2,Gentle ingredient with no concern match; neutral fit,0,2,Other
Tranexamic Acid,Oily,"['Dullness', 'Texture']",good fit,0,3,Addresses 1 concern(s); low irritancy,0,3,Other
Tomato Stem Cells,Oily,"['Dullness', 'Texture']",good fit,0,2,Gentle ingredient with no concern match; neutral fit,0,3,Plant Extract
Teprenone,Oily,"['Dullness', 'Texture']",good fit,0,3,Addresses 1 concern(s); low irritancy,0,5,Other
Threonine,Oily,"['Dullness', 'Texture']",possible irritation,1,3,Addresses 1 concern(s); low irritancy [label adjusted for expert variance],0,2,Amino Acid
Zinc Gluconate,Oily,"['Dullness', 'Texture']",good fit,0,2,Gentle ingredient with no concern match; neutral fit,0,4,Mineral
Tetrahexyldecyl Ascorbate,Oily,"['Dullness', 'Texture']",possible irritation,1,3,Moderate irritancy (2) — possible irritation for Oily skin,1,5,Vitamin C
Zinc,Oily,"['Dullness', 'Texture']",good fit,0,3,Description strongly soothing/calming; low irritancy even without direct concern match,0,4,Mineral
Yerba Mate Extract,Oily,"['Dullness', 'Texture']",good fit,0,3,Description strongly soothing/calming; low irritancy even without direct concern match,0,1,Plant Extract
Yeast Amino Acids,Oily,"['Dullness', 'Texture']",good fit,0,2,Gentle ingredient with no concern match; neutral fit,0,1,Probiotic/Ferment
Willow Herb Extract,Oily,"['Dullness', 'Texture']",good fit,0,3,Description strongly soothing/calming; low irritancy even without direct concern match,0,1,Plant Extract
Willow Bark Extract,Oily,"['Dullness', 'Texture']",possible irritation,1,3,Moderate irritancy (2) — possible irritation for Oily skin,2,6,Plant Extract
Wild Cherry Extract,Oily,"['Dullness', 'Texture']",good fit,0,3,Description strongly soothing/calming; low irritancy even without direct concern match,0,1,Plant Extract
White Tea,Oily,"['Dullness', 'Texture']",good fit,0,3,Description strongly soothing/calming; low irritancy even without direct concern match,0,1,Other
Vitamin K1,Oily,"['Dullness', 'Texture']",good fit,0,3,Addresses 1 concern(s); low irritancy,0,1,Vitamin
Vitamin E,Oily,"['Dullness', 'Texture']",good fit,0,3,Addresses 1 concern(s); low irritancy,0,4,Vitamin
Vitamin C,Oily,"['Dullness', 'Texture']",poor fit,2,4,"High combined irritancy score (4): category=Vitamin C, sensitivity=3, desc signals=0",3,5,Vitamin C
Vitamin B5,Oily,"['Dullness', 'Texture']",good fit,0,4,Directly addresses 2 concern(s) and description confirms soothing profile,0,5,Vitamin
Vitamin A,Oily,"['Dullness', 'Texture']",poor fit,2,4,"High combined irritancy score (7): category=Retinoid, sensitivity=3, desc signals=1",3,9,Retinoid
Vibrio Alginolyticus Ferment Filtrate,Oily,"['Dullness', 'Texture']",good fit,0,2,Gentle ingredient with no concern match; neutral fit,0,3,Probiotic/Ferment
Tea Tree Oil,Oily,"['Dullness', 'Texture']",good fit,0,3,Description strongly soothing/calming; low irritancy even without direct concern match,0,2,Lipid/Oil
Zinc Sulfate,Oily,"['Dullness', 'Texture']",good fit,0,4,Directly addresses 1 concern(s) and description confirms soothing profile,0,1,Mineral
Zinc PCA,Oily,"['Dullness', 'Texture']",good fit,0,2,Gentle ingredient with no concern match; neutral fit,0,5,Mineral
Neoglucosamine,Oily,"['Dullness', 'Texture']",good fit,0,3,Addresses 1 concern(s); low irritancy,1,8,Other
Taurine,Oily,"['Dullness', 'Texture']",possible irritation,1,3,Addresses 2 concern(s); low irritancy [label adjusted for expert variance],0,3,Amino Acid
Sodium Ascorbyl Phosphate,Oily,"['Dullness', 'Texture']",possible irritation,1,3,Moderate irritancy (2) — possible irritation for Oily skin,1,5,Vitamin C
Alpha-Glucan Oligosaccharide,Dry,"['Dryness', 'Fine Lines']",good fit,0,3,Description strongly soothing/calming; low irritancy even without direct concern match,0,3,Other
Aloe Vera,Dry,"['Dryness', 'Fine Lines']",good fit,0,4,Directly addresses 1 concern(s) and description confirms soothing profile,0,4,Other
Allantoin,Dry,"['Dryness', 'Fine Lines']",good fit,0,4,Directly addresses 1 concern(s) and description confirms soothing profile,0,3,Other
Algin,Dry,"['Dryness', 'Fine Lines']",good fit,0,4,Directly addresses 2 concern(s) and description confirms soothing profile,0,3,Other
Algae Extract,Dry,"['Dryness', 'Fine Lines']",good fit,0,4,Directly addresses 2 concern(s) and description confirms soothing profile,0,3,Marine/Algae
Algae Exopolysaccharides,Dry,"['Dryness', 'Fine Lines']",good fit,0,3,Addresses 2 concern(s); low irritancy,0,3,Marine/Algae
Alaria Esculenta Extract,Dry,"['Dryness', 'Fine Lines']",good fit,0,4,Directly addresses 2 concern(s) and description confirms soothing profile,0,3,Plant Extract
Alanine,Dry,"['Dryness', 'Fine Lines']",good fit,0,3,Addresses 1 concern(s); low irritancy,0,2,Amino Acid
Ahnfeltia Concinna Extract,Dry,"['Dryness', 'Fine Lines']",good fit,0,4,Directly addresses 2 concern(s) and description confirms soothing profile,0,3,Plant Extract
Adenosine,Dry,"['Dryness', 'Fine Lines']",good fit,0,4,Directly addresses 2 concern(s) and description confirms soothing profile,0,7,Other
Acetyl Tyrosinamide,Dry,"['Dryness', 'Fine Lines']",good fit,0,3,Addresses 1 concern(s); low irritancy,0,3,Other
Acetyl Tetrapeptide,Dry,"['Dryness', 'Fine Lines']",good fit,0,3,Addresses 1 concern(s); low irritancy,0,3,Peptide
Acetyl Glucosamine,Dry,"['Dryness', 'Fine Lines']",good fit,0,4,Directly addresses 2 concern(s) and description confirms soothing profile,0,7,Other
Acetylarginyltryptophyl Diphenylglycine,Dry,"['Dryness', 'Fine Lines']",good fit,0,3,Addresses 1 concern(s); low irritancy,0,3,Amino Acid
Acai Extract,Dry,"['Dryness', 'Fine Lines']",good fit,0,2,Gentle ingredient with no concern match; neutral fit,0,0,Plant Extract
Ascorbic Acid,Dry,"['Dryness', 'Fine Lines']",poor fit,2,5,Directly flagged in avoid list for Dry skin and high irritancy (7),3,5,Vitamin C
Ascophyllum Nodosum Extract,Dry,"['Dryness', 'Fine Lines']",good fit,0,3,Addresses 2 concern(s); low irritancy,0,3,Plant Extract
Arginine PCA,Dry,"['Dryness', 'Fine Lines']",good fit,0,3,Addresses 1 concern(s); low irritancy,0,2,Amino Acid
Arginine/Lysine Polypeptide,Dry,"['Dryness', 'Fine Lines']",good fit,0,3,Addresses 1 concern(s); low irritancy,0,3,Peptide
Arginine HCL,Dry,"['Dryness', 'Fine Lines']",good fit,0,3,Addresses 1 concern(s); low irritancy,0,2,Amino Acid
Arginine,Dry,"['Dryness', 'Fine Lines']",good fit,0,3,Addresses 2 concern(s); low irritancy,0,3,Amino Acid
Argan Oil,Dry,"['Dryness', 'Fine Lines']",possible irritation,1,3,Moderate irritancy (2) — possible irritation for Dry skin,1,3,Lipid/Oil
Arbutin,Dry,"['Dryness', 'Fine Lines']",good fit,0,2,Gentle ingredient with no concern match; neutral fit [label adjusted for expert variance],1,2,Other
Aquagenium,Dry,"['Dryness', 'Fine Lines']",good fit,0,3,Addresses 1 concern(s); low irritancy,0,2,Other
Apple Stem Cells,Dry,"['Dryness', 'Fine Lines']",good fit,0,3,Addresses 1 concern(s); low irritancy,0,3,Plant Extract
Apple Polyphenols,Dry,"['Dryness', 'Fine Lines']",good fit,0,3,Description strongly soothing/calming; low irritancy even without direct concern match,0,0,Other
Apple Extract,Dry,"['Dryness', 'Fine Lines']",good fit,0,2,Gentle ingredient with no concern match; neutral fit,0,0,Plant Extract
Anti-Ageing Peptides,Dry,"['Dryness', 'Fine Lines']",good fit,0,3,Addresses 1 concern(s); low irritancy,0,3,Peptide
Amino Acids,Dry,"['Dryness', 'Fine Lines']",good fit,0,3,Addresses 2 concern(s); low irritancy,0,5,Amino Acid
Alteromonas Ferment Extract,Dry,"['Dryness', 'Fine Lines']",good fit,0,4,Directly addresses 2 concern(s) and description confirms soothing profile,0,3,Probiotic/Ferment
Bifida Ferment Lysate,Dry,"['Dryness', 'Fine Lines']",good fit,0,3,Description strongly soothing/calming; low irritancy even without direct concern match,0,3,Probiotic/Ferment
Beta Glucan,Dry,"['Dryness', 'Fine Lines']",good fit,0,4,Directly addresses 1 concern(s) and description confirms soothing profile,0,5,Other
Bakuchiol,Dry,"['Dryness', 'Fine Lines']",good fit,0,3,Addresses 1 concern(s); low irritancy,0,3,Other
Azelaoyl Bis-Dipeptide,Dry,"['Dryness', 'Fine Lines']",good fit,0,3,Addresses 1 concern(s); low irritancy,1,3,Peptide
Azelaic Acid,Dry,"['Dryness', 'Fine Lines']",good fit,0,3,Description strongly soothing/calming; low irritancy even without direct concern match,1,8,Other
Avocado Oil,Dry,"['Dryness', 'Fine Lines']",possible irritation,1,3,Moderate irritancy (2) — possible irritation for Dry skin,1,3,Lipid/Oil
Avocado Ferment,Dry,"['Dryness', 'Fine Lines']",good fit,0,3,Addresses 1 concern(s); low irritancy,0,3,Probiotic/Ferment
Avene Thermal Water,Dry,"['Dryness', 'Fine Lines']",good fit,0,4,Directly addresses 1 concern(s) and description confirms soothing profile,0,5,Plant Extract
Asparagopsis Armata Extract,Dry,"['Dryness', 'Fine Lines']",good fit,0,4,Directly addresses 2 concern(s) and description confirms soothing profile,0,3,Plant Extract
Ascorbyl Palmitate,Dry,"['Dryness', 'Fine Lines']",possible irritation,1,3,Moderate irritancy (2) — possible irritation for Dry skin,1,1,Vitamin C
Ascorbyl Glucoside,Dry,"['Dryness', 'Fine Lines']",possible irritation,1,3,Moderate irritancy (2) — possible irritation for Dry skin,1,5,Vitamin C
Caffeine,Dry,"['Dryness', 'Fine Lines']",good fit,0,2,Gentle ingredient with no concern match; neutral fit,0,3,Other
Caffeic Acid,Dry,"['Dryness', 'Fine Lines']",good fit,0,3,Description strongly soothing/calming; low irritancy even without direct concern match,0,1,Other
Cabbage Leaf Extract,Dry,"['Dryness', 'Fine Lines']",good fit,0,3,Description strongly soothing/calming; low irritancy even without direct concern match,0,0,Plant Extract
Butyl Methoxydibenzoylmethane,Dry,"['Dryness', 'Fine Lines']",poor fit,2,4,"High combined irritancy score (4): category=UV Filter, sensitivity=2, desc signals=0",2,1,UV Filter
Blue Mallow Extract,Dry,"['Dryness', 'Fine Lines']",possible irritation,1,3,Description strongly soothing/calming; low irritancy even without direct concern match [label adjusted for expert variance],0,0,Plant Extract
Blue Lotus Extract,Dry,"['Dryness', 'Fine Lines']",good fit,0,3,Description strongly soothing/calming; low irritancy even without direct concern match,0,0,Plant Extract
Blueberry Extract,Dry,"['Dryness', 'Fine Lines']",good fit,0,3,Description strongly soothing/calming; low irritancy even without direct concern match,0,0,Plant Extract
Bilberry Extract,Dry,"['Dryness', 'Fine Lines']",good fit,0,3,Description strongly soothing/calming; low irritancy even without direct concern match,0,1,Plant Extract
Bis-Ethylhexyloxyphenol Methoxyphenyl Triazine,Dry,"['Dryness', 'Fine Lines']",poor fit,2,4,"High combined irritancy score (5): category=UV Filter, sensitivity=2, desc signals=1",2,1,UV Filter
Bisabolol,Dry,"['Dryness', 'Fine Lines']",good fit,0,4,Directly addresses 1 concern(s) and description confirms soothing profile,0,5,Other
Bio-Active Glucosides,Dry,"['Dryness', 'Fine Lines']",good fit,0,3,Description strongly soothing/calming; low irritancy even without direct concern match,0,1,Other
Chondrus Crispus,Dry,"['Dryness', 'Fine Lines']",good fit,0,3,Addresses 2 concern(s); low irritancy,0,3,Other
Cholesterol,Dry,"['Dryness', 'Fine Lines']",possible irritation,1,3,Moderate irritancy (2) — possible irritation for Dry skin,0,3,Other
Chlorophyll,Dry,"['Dryness', 'Fine Lines']",possible irritation,1,3,Description strongly soothing/calming; low irritancy even without direct concern match [label adjusted for expert variance],0,0,Other
Chlorella Vulgaris Extract,Dry,"['Dryness', 'Fine Lines']",good fit,0,3,Addresses 2 concern(s); low irritancy,0,3,Plant Extract
Chamomile Extract,Dry,"['Dryness', 'Fine Lines']",good fit,0,3,Description strongly soothing/calming; low irritancy even without direct concern match,0,2,Plant Extract
Chlorella Protothecoides Oil,Dry,"['Dryness', 'Fine Lines']",good fit,0,3,Addresses 2 concern(s); low irritancy,0,3,Lipid/Oil
Ceramides,Dry,"['Dryness', 'Fine Lines']",good fit,0,4,Directly addresses 1 concern(s) and description confirms soothing profile,0,5,Ceramide
Chlorella Protothecoides,Dry,"['Dryness', 'Fine Lines']",good fit,0,3,Addresses 2 concern(s); low irritancy,0,3,Other
Chemical UV Filters,Dry,"['Dryness', 'Fine Lines']",possible irritation,1,3,Moderate irritancy (3) — possible irritation for Dry skin,1,1,UV Filter
Caprooyl Sphingosine,Dry,"['Dryness', 'Fine Lines']",poor fit,2,3,Moderate irritancy (2) — possible irritation for Dry skin [label adjusted for expert variance],0,4,Ceramide
Centella Asiatica,Dry,"['Dryness', 'Fine Lines']",good fit,0,4,Directly addresses 3 concern(s) and description confirms soothing profile,0,5,Other
Carnosine,Dry,"['Dryness', 'Fine Lines']",good fit,0,2,Gentle ingredient with no concern match; neutral fit,0,1,Other
Caprooyl Phytosphingosine,Dry,"['Dryness', 'Fine Lines']",possible irritation,1,3,Moderate irritancy (2) — possible irritation for Dry skin,0,4,Ceramide
Ectoin,Dry,"['Dryness', 'Fine Lines']",good fit,0,4,Directly addresses 1 concern(s) and description confirms soothing profile,0,2,Other
Dunaliella Salina (Green Algae) Extract,Dry,"['Dryness', 'Fine Lines']",good fit,0,4,Directly addresses 2 concern(s) and description confirms soothing profile,0,3,Marine/Algae
Dioic Acid,Dry,"['Dryness', 'Fine Lines']",good fit,0,3,Description strongly soothing/calming; low irritancy even without direct concern match,0,3,Other
Cucumber Extract,Dry,"['Dryness', 'Fine Lines']",good fit,0,3,Description strongly soothing/calming; low irritancy even without direct concern match,0,0,Plant Extract
Dipeptide Diaminobutyroyl Benzylamide Diacetate,Dry,"['Dryness', 'Fine Lines']",good fit,0,3,Addresses 1 concern(s); low irritancy,0,3,Peptide
Dipeptide,Dry,"['Dryness', 'Fine Lines']",good fit,0,3,Addresses 1 concern(s); low irritancy,0,3,Peptide
Copper Peptide,Dry,"['Dryness', 'Fine Lines']",good fit,0,3,Addresses 1 concern(s); low irritancy [label adjusted for expert variance],0,3,Peptide
Copper Palmitoyl Heptapeptide,Dry,"['Dryness', 'Fine Lines']",good fit,0,3,Addresses 1 concern(s); low irritancy,0,3,Peptide
Copper Heptapeptide-14 Pantothenate,Dry,"['Dryness', 'Fine Lines']",good fit,0,3,Addresses 1 concern(s); low irritancy,0,3,Peptide
Coffee Seed Extract,Dry,"['Dryness', 'Fine Lines']",good fit,0,3,Description strongly soothing/calming; low irritancy even without direct concern match,0,1,Plant Extract
Citric Acid,Dry,"['Dryness', 'Fine Lines']",possible irritation,1,3,Moderate irritancy (3) — possible irritation for Dry skin,0,4,AHA
Cinnamon Bark,Dry,"['Dryness', 'Fine Lines']",good fit,0,2,Gentle ingredient with no concern match; neutral fit,0,1,Other
Fomes Ofﬁcinalis (Mushroom) Extract,Dry,"['Dryness', 'Fine Lines']",good fit,0,2,Gentle ingredient with no concern match; neutral fit,0,3,Plant Extract
Ginkgo Biloba,Dry,"['Dryness', 'Fine Lines']",good fit,0,3,Description strongly soothing/calming; low irritancy even without direct concern match,0,1,Other
Fructooligosaccharides,Dry,"['Dryness', 'Fine Lines']",good fit,0,3,Description strongly soothing/calming; low irritancy even without direct concern match,0,3,Other
Feverfew Extract,Dry,"['Dryness', 'Fine Lines']",good fit,0,3,Description strongly soothing/calming; low irritancy even without direct concern match,0,1,Plant Extract
Ferulic Acid,Dry,"['Dryness', 'Fine Lines']",good fit,0,2,Gentle ingredient with no concern match; neutral fit,0,0,Vitamin
Ethylhexyl Triazone,Dry,"['Dryness', 'Fine Lines']",poor fit,2,4,"High combined irritancy score (4): category=UV Filter, sensitivity=2, desc signals=0",2,1,UV Filter
Ferric Hexapeptide,Dry,"['Dryness', 'Fine Lines']",good fit,0,3,Addresses 1 concern(s); low irritancy,0,3,Peptide
Fernblock,Dry,"['Dryness', 'Fine Lines']",good fit,0,2,Gentle ingredient with no concern match; neutral fit,0,0,Other
Evening Primrose Oil,Dry,"['Dryness', 'Fine Lines']",good fit,0,4,Directly addresses 1 concern(s) and description confirms soothing profile,0,2,Lipid/Oil
Essential Lipids,Dry,"['Dryness', 'Fine Lines']",possible irritation,1,3,Moderate irritancy (2) — possible irritation for Dry skin,0,5,Other
Endothelyol,Dry,"['Dryness', 'Fine Lines']",good fit,0,3,Description strongly soothing/calming; low irritancy even without direct concern match,0,1,Other
Ethylhexyl Salicylate,Dry,"['Dryness', 'Fine Lines']",possible irritation,1,3,Moderate irritancy (2) — possible irritation for Dry skin,2,1,Other
Ethyl Ascorbic Acid,Dry,"['Dryness', 'Fine Lines']",possible irritation,1,3,Moderate irritancy (2) — possible irritation for Dry skin,1,4,Vitamin C
Green Tea,Dry,"['Dryness', 'Fine Lines']",good fit,0,3,Description strongly soothing/calming; low irritancy even without direct concern match,0,2,Other
Glycosphingolipids,Dry,"['Dryness', 'Fine Lines']",possible irritation,1,3,Moderate irritancy (2) — possible irritation for Dry skin,0,4,Ceramide
Glycoproteins,Dry,"['Dryness', 'Fine Lines']",possible irritation,1,3,Moderate irritancy (2) — possible irritation for Dry skin,0,4,Other
Glycolipids,Dry,"['Dryness', 'Fine Lines']",possible irritation,1,3,Moderate irritancy (2) — possible irritation for Dry skin,0,2,Other
Golden-Eye Grass Complex,Dry,"['Dryness', 'Fine Lines']",good fit,0,2,Gentle ingredient with no concern match; neutral fit,0,1,Other
Glycolic Acid,Dry,"['Dryness', 'Fine Lines']",poor fit,2,4,"High combined irritancy score (6): category=AHA, sensitivity=2, desc signals=2",2,8,AHA
Glycine,Dry,"['Dryness', 'Fine Lines']",good fit,0,3,Addresses 2 concern(s); low irritancy,0,5,Amino Acid
Glyceryl Glucoside,Dry,"['Dryness', 'Fine Lines']",good fit,0,3,Addresses 1 concern(s); low irritancy,0,4,Other
Gluconolactone,Dry,"['Dryness', 'Fine Lines']",good fit,0,4,Directly addresses 2 concern(s) and description confirms soothing profile,0,9,Other
EGCG,Dry,"['Dryness', 'Fine Lines']",good fit,0,3,Description strongly soothing/calming; low irritancy even without direct concern match,0,1,Other
Indian Gooseberry,Dry,"['Dryness', 'Fine Lines']",good fit,0,2,Gentle ingredient with no concern match; neutral fit,0,1,Other
Hydroxypinacolone Retinoate,Dry,"['Dryness', 'Fine Lines']",poor fit,2,4,"High combined irritancy score (6): category=Retinoid, sensitivity=3, desc signals=0",3,9,Retinoid
Hydrolyzed Pumpkin Seedcake,Dry,"['Dryness', 'Fine Lines']",good fit,0,3,Addresses 2 concern(s); low irritancy,0,6,Other
Hydrolyzed F-Fucoidan,Dry,"['Dryness', 'Fine Lines']",good fit,0,3,Addresses 2 concern(s); low irritancy,0,3,Marine/Algae
Homosalate,Dry,"['Dryness', 'Fine Lines']",poor fit,2,4,"High combined irritancy score (4): category=UV Filter, sensitivity=2, desc signals=0",2,1,UV Filter
Humectants,Dry,"['Dryness', 'Fine Lines']",good fit,0,3,Addresses 2 concern(s); low irritancy,0,5,Humectant
Hibiscus Fruit Extract,Dry,"['Dryness', 'Fine Lines']",good fit,0,2,Gentle ingredient with no concern match; neutral fit,0,0,Plant Extract
Horse Chestnut,Dry,"['Dryness', 'Fine Lines']",good fit,0,3,Description strongly soothing/calming; low irritancy even without direct concern match,0,1,Other
Heptapeptide-15 Palmitate,Dry,"['Dryness', 'Fine Lines']",good fit,0,3,Addresses 1 concern(s); low irritancy,0,3,Peptide
Guarana Extract,Dry,"['Dryness', 'Fine Lines']",good fit,0,2,Gentle ingredient with no concern match; neutral fit,0,0,Plant Extract
Histidine,Dry,"['Dryness', 'Fine Lines']",good fit,0,3,Addresses 1 concern(s); low irritancy,0,4,Amino Acid
Lecithin,Dry,"['Dryness', 'Fine Lines']",possible irritation,1,3,Moderate irritancy (3) — possible irritation for Dry skin,0,4,Lipid/Oil
L-Carnitine,Dry,"['Dryness', 'Fine Lines']",good fit,0,3,Description strongly soothing/calming; low irritancy even without direct concern match,0,3,Other
Lactobionic Acid,Dry,"['Dryness', 'Fine Lines']",good fit,0,4,Directly addresses 2 concern(s) and description confirms soothing profile,0,9,Other
L-Ascorbic Acid,Dry,"['Dryness', 'Fine Lines']",poor fit,2,5,Directly flagged in avoid list for Dry skin and high irritancy (7),3,5,Vitamin C
Laminaria Ochroleuca (Kelp) Extract,Dry,"['Dryness', 'Fine Lines']",good fit,0,4,Directly addresses 2 concern(s) and description confirms soothing profile,0,3,Marine/Algae
Lactococcus Ferment Lysate,Dry,"['Dryness', 'Fine Lines']",good fit,0,3,Description strongly soothing/calming; low irritancy even without direct concern match,0,3,Probiotic/Ferment
Lactic Acid,Dry,"['Dryness', 'Fine Lines']",poor fit,2,4,"High combined irritancy score (4): category=AHA, sensitivity=2, desc signals=0",2,8,AHA
Lactobacillus Ferment,Dry,"['Dryness', 'Fine Lines']",good fit,0,3,Description strongly soothing/calming; low irritancy even without direct concern match,0,3,Probiotic/Ferment
Lactobacillus Extract Filtrate,Dry,"['Dryness', 'Fine Lines']",good fit,0,3,Description strongly soothing/calming; low irritancy even without direct concern match,0,3,Probiotic/Ferment
Jojoba Oil,Dry,"['Dryness', 'Fine Lines']",possible irritation,1,3,Moderate irritancy (2) — possible irritation for Dry skin,0,4,Lipid/Oil
Kola Seed Extract,Dry,"['Dryness', 'Fine Lines']",good fit,0,2,Gentle ingredient with no concern match; neutral fit,0,0,Plant Extract
Jeju Green Tea Water,Dry,"['Dryness', 'Fine Lines']",good fit,0,4,Directly addresses 1 concern(s) and description confirms soothing profile,0,3,Plant Extract
Kojic Acid,Dry,"['Dryness', 'Fine Lines']",good fit,0,2,Gentle ingredient with no concern match; neutral fit,0,3,Other
Isoleucine,Dry,"['Dryness', 'Fine Lines']",good fit,0,3,Addresses 1 concern(s); low irritancy,0,2,Amino Acid
Jojoba Beads,Dry,"['Dryness', 'Fine Lines']",good fit,0,2,Gentle ingredient with no concern match; neutral fit,0,2,Other
Macrocystis Pyrifera (Kelp) Extract,Dry,"['Dryness', 'Fine Lines']",good fit,0,4,Directly addresses 2 concern(s) and description confirms soothing profile,0,3,Marine/Algae
Magnesium Sulfate,Dry,"['Dryness', 'Fine Lines']",good fit,0,3,Description strongly soothing/calming; low irritancy even without direct concern match,0,1,Mineral
Magnesium Ascorbyl Phosphate,Dry,"['Dryness', 'Fine Lines']",poor fit,2,4,"High combined irritancy score (5): category=Vitamin C, sensitivity=1, desc signals=2",1,3,Vitamin C
Lysine,Dry,"['Dryness', 'Fine Lines']",good fit,0,4,Directly addresses 2 concern(s) and description confirms soothing profile,0,6,Amino Acid
Lily Extract,Dry,"['Dryness', 'Fine Lines']",good fit,0,3,Description strongly soothing/calming; low irritancy even without direct concern match,0,0,Plant Extract
Luffa Cylindrica Extract,Dry,"['Dryness', 'Fine Lines']",good fit,0,2,Gentle ingredient with no concern match; neutral fit,0,0,Plant Extract
Linolenic Acid,Dry,"['Dryness', 'Fine Lines']",possible irritation,1,3,Moderate irritancy (2) — possible irritation for Dry skin,0,4,Lipid/Oil
Linoleic Acid,Dry,"['Dryness', 'Fine Lines']",good fit,0,3,Moderate irritancy (3) — possible irritation for Dry skin [label adjusted for expert variance],0,4,Lipid/Oil
Leucine,Dry,"['Dryness', 'Fine Lines']",good fit,0,3,Addresses 2 concern(s); low irritancy,0,6,Amino Acid
Licorice Extract,Dry,"['Dryness', 'Fine Lines']",good fit,0,3,Description strongly soothing/calming; low irritancy even without direct concern match,0,4,Plant Extract
Natural Moisturising Factors,Dry,"['Dryness', 'Fine Lines']",good fit,0,3,Addresses 1 concern(s); low irritancy,0,5,Other
Licochalcone A,Dry,"['Dryness', 'Fine Lines']",good fit,0,3,Description strongly soothing/calming; low irritancy even without direct concern match,0,0,Other
Naringenin Chalcone,Dry,"['Dryness', 'Fine Lines']",good fit,0,3,Description strongly soothing/calming; low irritancy even without direct concern match,0,2,Other
Myristoyl Nonapeptide,Dry,"['Dryness', 'Fine Lines']",good fit,0,3,Addresses 1 concern(s); low irritancy,0,3,Peptide
Myristol Pentapeptide,Dry,"['Dryness', 'Fine Lines']",good fit,0,3,Addresses 1 concern(s); low irritancy,0,3,Peptide
Milk Thistle Extract,Dry,"['Dryness', 'Fine Lines']",good fit,0,3,Description strongly soothing/calming; low irritancy even without direct concern match,0,2,Plant Extract
Myristol Hexapeptide,Dry,"['Dryness', 'Fine Lines']",good fit,0,4,Directly addresses 1 concern(s) and description confirms soothing profile,0,3,Peptide
Mushroom Extract,Dry,"['Dryness', 'Fine Lines']",good fit,0,3,Description strongly soothing/calming; low irritancy even without direct concern match,0,1,Plant Extract
Moringa Seed Extract,Dry,"['Dryness', 'Fine Lines']",good fit,0,4,Directly addresses 1 concern(s) and description confirms soothing profile,0,5,Plant Extract
Marshmallow Root,Dry,"['Dryness', 'Fine Lines']",good fit,0,3,Description strongly soothing/calming; low irritancy even without direct concern match,0,1,Other
Mineral UV Filters,Dry,"['Dryness', 'Fine Lines']",possible irritation,1,3,Moderate irritancy (3) — possible irritation for Dry skin,1,1,UV Filter
Meadowfoam Seed Oil,Dry,"['Dryness', 'Fine Lines']",possible irritation,1,3,Moderate irritancy (2) — possible irritation for Dry skin,0,3,Lipid/Oil
Marine Extract,Dry,"['Dryness', 'Fine Lines']",good fit,0,3,Addresses 2 concern(s); low irritancy,0,3,Marine/Algae
Mango Seed Butter,Dry,"['Dryness', 'Fine Lines']",possible irritation,1,3,Moderate irritancy (3) — possible irritation for Dry skin,0,1,Lipid/Oil
Palmitoyl Oligopeptide,Dry,"['Dryness', 'Fine Lines']",good fit,0,3,Addresses 1 concern(s); low irritancy,0,3,Peptide
Mandelic Acid,Dry,"['Dryness', 'Fine Lines']",poor fit,2,4,"High combined irritancy score (4): category=AHA, sensitivity=2, desc signals=-1",2,8,AHA
Palmitoyl Nonapeptide,Dry,"['Dryness', 'Fine Lines']",possible irritation,1,3,Addresses 1 concern(s); low irritancy [label adjusted for expert variance],0,3,Peptide
Palmitoyl Pentapeptide,Dry,"['Dryness', 'Fine Lines']",good fit,0,3,Addresses 1 concern(s); low irritancy,0,3,Peptide
Palmitoyl Glycine,Dry,"['Dryness', 'Fine Lines']",good fit,0,4,Directly addresses 1 concern(s) and description confirms soothing profile,0,3,Amino Acid
Palmitoyl Heptapeptide,Dry,"['Dryness', 'Fine Lines']",good fit,0,3,Addresses 1 concern(s); low irritancy,0,3,Peptide
Octocrylene,Dry,"['Dryness', 'Fine Lines']",possible irritation,1,3,Moderate irritancy (2) — possible irritation for Dry skin,2,1,Other
Palmitoyl Decapeptide,Dry,"['Dryness', 'Fine Lines']",good fit,0,3,Addresses 1 concern(s); low irritancy,0,3,Peptide
Oligopeptide,Dry,"['Dryness', 'Fine Lines']",good fit,0,3,Addresses 1 concern(s); low irritancy,0,3,Peptide
Padina Pavonica Thallus Extract,Dry,"['Dryness', 'Fine Lines']",good fit,0,3,Addresses 2 concern(s); low irritancy,0,3,Plant Extract
Oat Extract,Dry,"['Dryness', 'Fine Lines']",good fit,0,4,Directly addresses 1 concern(s) and description confirms soothing profile,0,4,Plant Extract
Octisalate,Dry,"['Dryness', 'Fine Lines']",poor fit,2,4,"High combined irritancy score (4): category=UV Filter, sensitivity=2, desc signals=0",2,1,UV Filter
Octinoxate,Dry,"['Dryness', 'Fine Lines']",poor fit,2,4,"High combined irritancy score (4): category=UV Filter, sensitivity=2, desc signals=0",2,1,UV Filter
Polyhydroxy Acids,Dry,"['Dryness', 'Fine Lines']",good fit,0,4,Directly addresses 2 concern(s) and description confirms soothing profile,0,9,Other
Porphyridium Cruentum Extract,Dry,"['Dryness', 'Fine Lines']",good fit,0,4,Directly addresses 2 concern(s) and description confirms soothing profile,0,3,Plant Extract
Polyporus Umbellatus (Mushroom) Extract,Dry,"['Dryness', 'Fine Lines']",good fit,0,2,Gentle ingredient with no concern match; neutral fit,0,2,Plant Extract
Phytic Acid,Dry,"['Dryness', 'Fine Lines']",good fit,0,2,Gentle ingredient with no concern match; neutral fit,0,3,Other
Plankton Extract,Dry,"['Dryness', 'Fine Lines']",good fit,0,4,Directly addresses 2 concern(s) and description confirms soothing profile,0,3,Marine/Algae
Perfluorodecalin,Dry,"['Dryness', 'Fine Lines']",good fit,0,2,Gentle ingredient with no concern match; neutral fit,0,4,Other
Phytosphingosine,Dry,"['Dryness', 'Fine Lines']",possible irritation,1,3,Moderate irritancy (2) — possible irritation for Dry skin,0,4,Ceramide
Phospholipids,Dry,"['Dryness', 'Fine Lines']",possible irritation,1,3,Moderate irritancy (3) — possible irritation for Dry skin,0,4,Lipid/Oil
Palmitoyl  Tripeptide-1,Dry,"['Dryness', 'Fine Lines']",good fit,0,3,Addresses 1 concern(s); low irritancy,0,3,Peptide
Pentapeptide,Dry,"['Dryness', 'Fine Lines']",good fit,0,3,Addresses 1 concern(s); low irritancy,0,3,Peptide
Palmitoyl Tetrapeptide,Dry,"['Dryness', 'Fine Lines']",good fit,0,4,Directly addresses 1 concern(s) and description confirms soothing profile,0,3,Peptide
Parachlorella Beijerinckii Exopolysaccharides,Dry,"['Dryness', 'Fine Lines']",good fit,0,3,Addresses 2 concern(s); low irritancy,0,3,Other
Retinyl Retinoate,Dry,"['Dryness', 'Fine Lines']",poor fit,2,4,"High combined irritancy score (7): category=Retinoid, sensitivity=3, desc signals=1",3,9,Retinoid
Palmitoyl Tripeptide,Dry,"['Dryness', 'Fine Lines']",good fit,0,3,Addresses 1 concern(s); low irritancy [label adjusted for expert variance],0,3,Peptide
Neurophroline,Dry,"['Dryness', 'Fine Lines']",good fit,0,4,Directly addresses 1 concern(s) and description confirms soothing profile,0,5,Other
Retinyl Propionate,Dry,"['Dryness', 'Fine Lines']",poor fit,2,4,"High combined irritancy score (6): category=Retinoid, sensitivity=3, desc signals=0",3,7,Retinoid
Retinyl Palmitate,Dry,"['Dryness', 'Fine Lines']",poor fit,2,4,"High combined irritancy score (5): category=Retinoid, sensitivity=2, desc signals=0",2,1,Retinoid
Retinol,Dry,"['Dryness', 'Fine Lines']",poor fit,2,4,"High combined irritancy score (6): category=Retinoid, sensitivity=3, desc signals=0",3,9,Retinoid
Resveratrol,Dry,"['Dryness', 'Fine Lines']",good fit,0,4,Directly addresses 1 concern(s) and description confirms soothing profile,0,3,Other
Red Algae,Dry,"['Dryness', 'Fine Lines']",good fit,0,4,Directly addresses 1 concern(s) and description confirms soothing profile,0,3,Marine/Algae
Quercetin,Dry,"['Dryness', 'Fine Lines']",good fit,0,4,Directly addresses 1 concern(s) and description confirms soothing profile,0,3,Other
Pseudoalteromonas Exopolysaccharides,Dry,"['Dryness', 'Fine Lines']",good fit,0,3,Addresses 2 concern(s); low irritancy,0,3,Other
Proline,Dry,"['Dryness', 'Fine Lines']",good fit,0,3,Addresses 2 concern(s); low irritancy,0,5,Amino Acid
Potassium Azeloyl Diglycinate,Dry,"['Dryness', 'Fine Lines']",good fit,0,3,Description strongly soothing/calming; low irritancy even without direct concern match,1,7,Other
Probiotics,Dry,"['Dryness', 'Fine Lines']",good fit,0,3,Description strongly soothing/calming; low irritancy even without direct concern match,0,3,Probiotic/Ferment
Prickly Pear Extract,Dry,"['Dryness', 'Fine Lines']",good fit,0,3,Description strongly soothing/calming; low irritancy even without direct concern match [label adjusted for expert variance],0,1,Plant Extract
Snow Mushroom Extract,Dry,"['Dryness', 'Fine Lines']",good fit,0,4,Directly addresses 2 concern(s) and description confirms soothing profile,0,4,Plant Extract
Prebiotics,Dry,"['Dryness', 'Fine Lines']",good fit,0,3,Description strongly soothing/calming; low irritancy even without direct concern match,0,3,Probiotic/Ferment
Shea Butter,Dry,"['Dryness', 'Fine Lines']",poor fit,2,4,"High combined irritancy score (6): category=Lipid/Oil, sensitivity=2, desc signals=2",2,4,Lipid/Oil
Sesame Seed Oil,Dry,"['Dryness', 'Fine Lines']",possible irritation,1,3,Moderate irritancy (2) — possible irritation for Dry skin,0,1,Lipid/Oil
Silk Protein,Dry,"['Dryness', 'Fine Lines']",good fit,0,3,Addresses 1 concern(s); low irritancy,1,1,Other
Sh-Oligopeptide,Dry,"['Dryness', 'Fine Lines']",good fit,0,4,Directly addresses 1 concern(s) and description confirms soothing profile,0,3,Peptide
Serine,Dry,"['Dryness', 'Fine Lines']",possible irritation,1,3,Addresses 1 concern(s); low irritancy [label adjusted for expert variance],0,2,Amino Acid
Sea Buckthorn Water,Dry,"['Dryness', 'Fine Lines']",good fit,0,2,Gentle ingredient with no concern match; neutral fit,0,1,Plant Extract
Saskatoon Berry,Dry,"['Dryness', 'Fine Lines']",good fit,0,2,Gentle ingredient with no concern match; neutral fit,0,0,Other
Salicylic Acid,Dry,"['Dryness', 'Fine Lines']",poor fit,2,5,Directly flagged in avoid list for Dry skin and high irritancy (6),4,8,BHA
Rosemary Leaf Extract,Dry,"['Dryness', 'Fine Lines']",good fit,0,3,Description strongly soothing/calming; low irritancy even without direct concern match,0,1,Plant Extract
Safflower Seed Oil,Dry,"['Dryness', 'Fine Lines']",poor fit,2,4,"High combined irritancy score (4): category=Lipid/Oil, sensitivity=1, desc signals=1",1,3,Lipid/Oil
Saccharomyces Cerevisiae (Yeast) Extract,Dry,"['Dryness', 'Fine Lines']",good fit,0,3,Description strongly soothing/calming; low irritancy even without direct concern match,0,3,Probiotic/Ferment
Sacred Lotus Flower Extract,Dry,"['Dryness', 'Fine Lines']",good fit,0,3,Addresses 1 concern(s); low irritancy,0,4,Plant Extract
Tasmanian Pepperberry Extract,Dry,"['Dryness', 'Fine Lines']",possible irritation,1,3,Description strongly soothing/calming; low irritancy even without direct concern match [label adjusted for expert variance],0,1,Plant Extract
Tartaric Acid,Dry,"['Dryness', 'Fine Lines']",possible irritation,1,3,Moderate irritancy (3) — possible irritation for Dry skin,1,4,AHA
Rhamnose,Dry,"['Dryness', 'Fine Lines']",good fit,0,3,Description strongly soothing/calming; low irritancy even without direct concern match,0,3,Other
Sweet Almond Oil,Dry,"['Dryness', 'Fine Lines']",possible irritation,1,3,Moderate irritancy (3) — possible irritation for Dry skin,1,2,Lipid/Oil
Symsitive,Dry,"['Dryness', 'Fine Lines']",good fit,0,3,Description strongly soothing/calming; low irritancy even without direct concern match,0,1,Other
Sugar Cane Extract,Dry,"['Dryness', 'Fine Lines']",good fit,0,3,Description strongly soothing/calming; low irritancy even without direct concern match,0,5,Plant Extract
Superoxide Dismutase,Dry,"['Dryness', 'Fine Lines']",good fit,0,3,Description strongly soothing/calming; low irritancy even without direct concern match,0,0,Other
Sunflower Oil,Dry,"['Dryness', 'Fine Lines']",possible irritation,1,3,Moderate irritancy (3) — possible irritation for Dry skin,1,3,Lipid/Oil
Spent Grain Wax,Dry,"['Dryness', 'Fine Lines']",poor fit,2,4,"High combined irritancy score (4): category=Lipid/Oil, sensitivity=0, desc signals=2",0,2,Lipid/Oil
Sulfur,Dry,"['Dryness', 'Fine Lines']",good fit,0,3,Description strongly soothing/calming; low irritancy even without direct concern match,0,2,Mineral
Squalane,Dry,"['Dryness', 'Fine Lines']",possible irritation,1,3,Moderate irritancy (2) — possible irritation for Dry skin,0,4,Lipid/Oil
Urea,Dry,"['Dryness', 'Fine Lines']",good fit,0,3,Addresses 1 concern(s); low irritancy,0,3,Humectant
Sodium Lactate,Dry,"['Dryness', 'Fine Lines']",good fit,0,3,Addresses 1 concern(s); low irritancy,0,2,Humectant
Turmeric Root Extract,Dry,"['Dryness', 'Fine Lines']",good fit,0,3,Description strongly soothing/calming; low irritancy even without direct concern match,0,1,Plant Extract
Valine,Dry,"['Dryness', 'Fine Lines']",good fit,0,3,Addresses 1 concern(s); low irritancy,0,2,Amino Acid
Trehalose,Dry,"['Dryness', 'Fine Lines']",good fit,0,3,Addresses 1 concern(s); low irritancy,0,2,Humectant
Tripleurospermum Maritimum Extract,Dry,"['Dryness', 'Fine Lines']",good fit,0,4,Directly addresses 2 concern(s) and description confirms soothing profile,0,3,Plant Extract
Triazine Diethyl Butamidotriazone,Dry,"['Dryness', 'Fine Lines']",poor fit,2,4,"High combined irritancy score (4): category=UV Filter, sensitivity=2, desc signals=0",2,1,UV Filter
Thiamidol,Dry,"['Dryness', 'Fine Lines']",good fit,0,2,Gentle ingredient with no concern match; neutral fit,0,2,Other
Tranexamic Acid,Dry,"['Dryness', 'Fine Lines']",good fit,0,2,Gentle ingredient with no concern match; neutral fit,0,3,Other
Tomato Stem Cells,Dry,"['Dryness', 'Fine Lines']",good fit,0,3,Addresses 1 concern(s); low irritancy,0,3,Plant Extract
Teprenone,Dry,"['Dryness', 'Fine Lines']",good fit,0,2,Gentle ingredient with no concern match; neutral fit,0,5,Other
Threonine,Dry,"['Dryness', 'Fine Lines']",good fit,0,3,Addresses 1 concern(s); low irritancy,0,2,Amino Acid
Zinc Gluconate,Dry,"['Dryness', 'Fine Lines']",good fit,0,2,Gentle ingredient with no concern match; neutral fit,0,4,Mineral
Tetrahexyldecyl Ascorbate,Dry,"['Dryness', 'Fine Lines']",possible irritation,1,3,Moderate irritancy (2) — possible irritation for Dry skin,1,5,Vitamin C
Zinc,Dry,"['Dryness', 'Fine Lines']",good fit,0,3,Description strongly soothing/calming; low irritancy even without direct concern match,0,4,Mineral
Yerba Mate Extract,Dry,"['Dryness', 'Fine Lines']",good fit,0,3,Description strongly soothing/calming; low irritancy even without direct concern match,0,1,Plant Extract
Yeast Amino Acids,Dry,"['Dryness', 'Fine Lines']",good fit,0,4,Directly addresses 1 concern(s) and description confirms soothing profile,0,1,Probiotic/Ferment
Willow Herb Extract,Dry,"['Dryness', 'Fine Lines']",good fit,0,3,Description strongly soothing/calming; low irritancy even without direct concern match,0,1,Plant Extract
Willow Bark Extract,Dry,"['Dryness', 'Fine Lines']",possible irritation,1,4,Flagged in avoid list for Dry skin; ingredient is relatively mild,2,6,Plant Extract
Wild Cherry Extract,Dry,"['Dryness', 'Fine Lines']",good fit,0,3,Description strongly soothing/calming; low irritancy even without direct concern match,0,1,Plant Extract
White Tea,Dry,"['Dryness', 'Fine Lines']",good fit,0,3,Description strongly soothing/calming; low irritancy even without direct concern match,0,1,Other
Vitamin K1,Dry,"['Dryness', 'Fine Lines']",good fit,0,3,Addresses 1 concern(s); low irritancy,0,1,Vitamin
Vitamin E,Dry,"['Dryness', 'Fine Lines']",good fit,0,3,Addresses 1 concern(s); low irritancy,0,4,Vitamin
Vitamin C,Dry,"['Dryness', 'Fine Lines']",poor fit,2,5,Directly flagged in avoid list for Dry skin and high irritancy (4),3,5,Vitamin C
Vitamin B5,Dry,"['Dryness', 'Fine Lines']",good fit,0,4,Directly addresses 1 concern(s) and description confirms soothing profile,0,5,Vitamin
Vitamin A,Dry,"['Dryness', 'Fine Lines']",poor fit,2,4,"High combined irritancy score (7): category=Retinoid, sensitivity=3, desc signals=1",3,9,Retinoid
Vibrio Alginolyticus Ferment Filtrate,Dry,"['Dryness', 'Fine Lines']",good fit,0,3,Addresses 2 concern(s); low irritancy,0,3,Probiotic/Ferment
Tea Tree Oil,Dry,"['Dryness', 'Fine Lines']",good fit,0,3,Description strongly soothing/calming; low irritancy even without direct concern match,0,2,Lipid/Oil
Zinc Sulfate,Dry,"['Dryness', 'Fine Lines']",good fit,0,4,Directly addresses 1 concern(s) and description confirms soothing profile,0,1,Mineral
Zinc PCA,Dry,"['Dryness', 'Fine Lines']",good fit,0,4,Directly addresses 1 concern(s) and description confirms soothing profile,0,5,Mineral
Neoglucosamine,Dry,"['Dryness', 'Fine Lines']",good fit,0,3,Addresses 1 concern(s); low irritancy,1,8,Other
Taurine,Dry,"['Dryness', 'Fine Lines']",good fit,0,3,Addresses 1 concern(s); low irritancy,0,3,Amino Acid
Sodium Ascorbyl Phosphate,Dry,"['Dryness', 'Fine Lines']",possible irritation,1,3,Moderate irritancy (2) — possible irritation for Dry skin,1,5,Vitamin C
Alpha-Glucan Oligosaccharide,Dry,"['Dryness', 'Wrinkles']",good fit,0,3,Description strongly soothing/calming; low irritancy even without direct concern match,0,3,Other
Aloe Vera,Dry,"['Dryness', 'Wrinkles']",good fit,0,4,Directly addresses 1 concern(s) and description confirms soothing profile,0,4,Other
Allantoin,Dry,"['Dryness', 'Wrinkles']",good fit,0,4,Directly addresses 1 concern(s) and description confirms soothing profile,0,3,Other
Algin,Dry,"['Dryness', 'Wrinkles']",good fit,0,4,Directly addresses 3 concern(s) and description confirms soothing profile,0,3,Other
Algae Extract,Dry,"['Dryness', 'Wrinkles']",good fit,0,4,Directly addresses 3 concern(s) and description confirms soothing profile,0,3,Marine/Algae
Algae Exopolysaccharides,Dry,"['Dryness', 'Wrinkles']",good fit,0,3,Addresses 3 concern(s); low irritancy,0,3,Marine/Algae
Alaria Esculenta Extract,Dry,"['Dryness', 'Wrinkles']",good fit,0,4,Directly addresses 3 concern(s) and description confirms soothing profile,0,3,Plant Extract
Alanine,Dry,"['Dryness', 'Wrinkles']",good fit,0,3,Addresses 1 concern(s); low irritancy,0,2,Amino Acid
Ahnfeltia Concinna Extract,Dry,"['Dryness', 'Wrinkles']",good fit,0,4,Directly addresses 3 concern(s) and description confirms soothing profile,0,3,Plant Extract
Adenosine,Dry,"['Dryness', 'Wrinkles']",good fit,0,4,Directly addresses 4 concern(s) and description confirms soothing profile,0,7,Other
Acetyl Tyrosinamide,Dry,"['Dryness', 'Wrinkles']",good fit,0,3,Addresses 3 concern(s); low irritancy,0,3,Other
Acetyl Tetrapeptide,Dry,"['Dryness', 'Wrinkles']",possible irritation,1,3,Addresses 3 concern(s); low irritancy [label adjusted for expert variance],0,3,Peptide
Acetyl Glucosamine,Dry,"['Dryness', 'Wrinkles']",good fit,0,4,Directly addresses 4 concern(s) and description confirms soothing profile,0,7,Other
Acetylarginyltryptophyl Diphenylglycine,Dry,"['Dryness', 'Wrinkles']",good fit,0,3,Addresses 3 concern(s); low irritancy,0,3,Amino Acid
Acai Extract,Dry,"['Dryness', 'Wrinkles']",good fit,0,2,Gentle ingredient with no concern match; neutral fit [label adjusted for expert variance],0,0,Plant Extract
Ascorbic Acid,Dry,"['Dryness', 'Wrinkles']",poor fit,2,5,Directly flagged in avoid list for Dry skin and high irritancy (7),3,5,Vitamin C
Ascophyllum Nodosum Extract,Dry,"['Dryness', 'Wrinkles']",good fit,0,3,Addresses 3 concern(s); low irritancy,0,3,Plant Extract
Arginine PCA,Dry,"['Dryness', 'Wrinkles']",good fit,0,3,Addresses 1 concern(s); low irritancy,0,2,Amino Acid
Arginine/Lysine Polypeptide,Dry,"['Dryness', 'Wrinkles']",good fit,0,3,Addresses 3 concern(s); low irritancy,0,3,Peptide
Arginine HCL,Dry,"['Dryness', 'Wrinkles']",good fit,0,3,Addresses 1 concern(s); low irritancy,0,2,Amino Acid
Arginine,Dry,"['Dryness', 'Wrinkles']",good fit,0,3,Addresses 2 concern(s); low irritancy,0,3,Amino Acid
Argan Oil,Dry,"['Dryness', 'Wrinkles']",possible irritation,1,3,Moderate irritancy (2) — possible irritation for Dry skin,1,3,Lipid/Oil
Arbutin,Dry,"['Dryness', 'Wrinkles']",good fit,0,2,Gentle ingredient with no concern match; neutral fit,1,2,Other
Aquagenium,Dry,"['Dryness', 'Wrinkles']",good fit,0,3,Addresses 1 concern(s); low irritancy,0,2,Other
Apple Stem Cells,Dry,"['Dryness', 'Wrinkles']",good fit,0,3,Addresses 3 concern(s); low irritancy,0,3,Plant Extract
Apple Polyphenols,Dry,"['Dryness', 'Wrinkles']",good fit,0,3,Description strongly soothing/calming; low irritancy even without direct concern match,0,0,Other
Apple Extract,Dry,"['Dryness', 'Wrinkles']",good fit,0,2,Gentle ingredient with no concern match; neutral fit,0,0,Plant Extract
Anti-Ageing Peptides,Dry,"['Dryness', 'Wrinkles']",good fit,0,3,Addresses 3 concern(s); low irritancy,0,3,Peptide
Amino Acids,Dry,"['Dryness', 'Wrinkles']",good fit,0,3,Addresses 4 concern(s); low irritancy,0,5,Amino Acid
Alteromonas Ferment Extract,Dry,"['Dryness', 'Wrinkles']",good fit,0,4,Directly addresses 3 concern(s) and description confirms soothing profile,0,3,Probiotic/Ferment
Bifida Ferment Lysate,Dry,"['Dryness', 'Wrinkles']",good fit,0,3,Description strongly soothing/calming; low irritancy even without direct concern match,0,3,Probiotic/Ferment
Beta Glucan,Dry,"['Dryness', 'Wrinkles']",good fit,0,4,Directly addresses 1 concern(s) and description confirms soothing profile,0,5,Other
Bakuchiol,Dry,"['Dryness', 'Wrinkles']",good fit,0,3,Addresses 3 concern(s); low irritancy,0,3,Other
Azelaoyl Bis-Dipeptide,Dry,"['Dryness', 'Wrinkles']",good fit,0,3,Addresses 3 concern(s); low irritancy,1,3,Peptide
Azelaic Acid,Dry,"['Dryness', 'Wrinkles']",good fit,0,3,Description strongly soothing/calming; low irritancy even without direct concern match,1,8,Other
Avocado Oil,Dry,"['Dryness', 'Wrinkles']",possible irritation,1,3,Moderate irritancy (2) — possible irritation for Dry skin,1,3,Lipid/Oil
Avocado Ferment,Dry,"['Dryness', 'Wrinkles']",good fit,0,3,Addresses 1 concern(s); low irritancy,0,3,Probiotic/Ferment
Avene Thermal Water,Dry,"['Dryness', 'Wrinkles']",good fit,0,4,Directly addresses 1 concern(s) and description confirms soothing profile,0,5,Plant Extract
Asparagopsis Armata Extract,Dry,"['Dryness', 'Wrinkles']",good fit,0,4,Directly addresses 3 concern(s) and description confirms soothing profile,0,3,Plant Extract
Ascorbyl Palmitate,Dry,"['Dryness', 'Wrinkles']",possible irritation,1,3,Moderate irritancy (2) — possible irritation for Dry skin,1,1,Vitamin C
Ascorbyl Glucoside,Dry,"['Dryness', 'Wrinkles']",possible irritation,1,3,Moderate irritancy (2) — possible irritation for Dry skin,1,5,Vitamin C
Caffeine,Dry,"['Dryness', 'Wrinkles']",good fit,0,2,Gentle ingredient with no concern match; neutral fit,0,3,Other
Caffeic Acid,Dry,"['Dryness', 'Wrinkles']",good fit,0,3,Description strongly soothing/calming; low irritancy even without direct concern match,0,1,Other
Cabbage Leaf Extract,Dry,"['Dryness', 'Wrinkles']",good fit,0,3,Description strongly soothing/calming; low irritancy even without direct concern match,0,0,Plant Extract
Butyl Methoxydibenzoylmethane,Dry,"['Dryness', 'Wrinkles']",poor fit,2,4,"High combined irritancy score (4): category=UV Filter, sensitivity=2, desc signals=0",2,1,UV Filter
Blue Mallow Extract,Dry,"['Dryness', 'Wrinkles']",good fit,0,3,Description strongly soothing/calming; low irritancy even without direct concern match,0,0,Plant Extract
Blue Lotus Extract,Dry,"['Dryness', 'Wrinkles']",good fit,0,3,Description strongly soothing/calming; low irritancy even without direct concern match,0,0,Plant Extract
Blueberry Extract,Dry,"['Dryness', 'Wrinkles']",good fit,0,3,Description strongly soothing/calming; low irritancy even without direct concern match,0,0,Plant Extract
Bilberry Extract,Dry,"['Dryness', 'Wrinkles']",good fit,0,3,Description strongly soothing/calming; low irritancy even without direct concern match,0,1,Plant Extract
Bis-Ethylhexyloxyphenol Methoxyphenyl Triazine,Dry,"['Dryness', 'Wrinkles']",poor fit,2,4,"High combined irritancy score (5): category=UV Filter, sensitivity=2, desc signals=1",2,1,UV Filter
Bisabolol,Dry,"['Dryness', 'Wrinkles']",good fit,0,4,Directly addresses 1 concern(s) and description confirms soothing profile,0,5,Other
Bio-Active Glucosides,Dry,"['Dryness', 'Wrinkles']",good fit,0,3,Description strongly soothing/calming; low irritancy even without direct concern match,0,1,Other
Chondrus Crispus,Dry,"['Dryness', 'Wrinkles']",good fit,0,3,Addresses 3 concern(s); low irritancy,0,3,Other
Cholesterol,Dry,"['Dryness', 'Wrinkles']",possible irritation,1,3,Moderate irritancy (2) — possible irritation for Dry skin,0,3,Other
Chlorophyll,Dry,"['Dryness', 'Wrinkles']",good fit,0,3,Description strongly soothing/calming; low irritancy even without direct concern match,0,0,Other
Chlorella Vulgaris Extract,Dry,"['Dryness', 'Wrinkles']",good fit,0,3,Addresses 3 concern(s); low irritancy,0,3,Plant Extract
Chamomile Extract,Dry,"['Dryness', 'Wrinkles']",good fit,0,3,Description strongly soothing/calming; low irritancy even without direct concern match,0,2,Plant Extract
Chlorella Protothecoides Oil,Dry,"['Dryness', 'Wrinkles']",good fit,0,3,Addresses 3 concern(s); low irritancy,0,3,Lipid/Oil
Ceramides,Dry,"['Dryness', 'Wrinkles']",good fit,0,4,Directly addresses 1 concern(s) and description confirms soothing profile,0,5,Ceramide
Chlorella Protothecoides,Dry,"['Dryness', 'Wrinkles']",good fit,0,3,Addresses 3 concern(s); low irritancy,0,3,Other
Chemical UV Filters,Dry,"['Dryness', 'Wrinkles']",possible irritation,1,3,Moderate irritancy (3) — possible irritation for Dry skin,1,1,UV Filter
Caprooyl Sphingosine,Dry,"['Dryness', 'Wrinkles']",possible irritation,1,3,Moderate irritancy (2) — possible irritation for Dry skin,0,4,Ceramide
Centella Asiatica,Dry,"['Dryness', 'Wrinkles']",good fit,0,4,Directly addresses 3 concern(s) and description confirms soothing profile,0,5,Other
Carnosine,Dry,"['Dryness', 'Wrinkles']",good fit,0,2,Gentle ingredient with no concern match; neutral fit,0,1,Other
Caprooyl Phytosphingosine,Dry,"['Dryness', 'Wrinkles']",possible irritation,1,3,Moderate irritancy (2) — possible irritation for Dry skin,0,4,Ceramide
Ectoin,Dry,"['Dryness', 'Wrinkles']",good fit,0,4,Directly addresses 1 concern(s) and description confirms soothing profile,0,2,Other
Dunaliella Salina (Green Algae) Extract,Dry,"['Dryness', 'Wrinkles']",good fit,0,4,Directly addresses 3 concern(s) and description confirms soothing profile,0,3,Marine/Algae
Dioic Acid,Dry,"['Dryness', 'Wrinkles']",good fit,0,4,Directly addresses 1 concern(s) and description confirms soothing profile,0,3,Other
Cucumber Extract,Dry,"['Dryness', 'Wrinkles']",good fit,0,3,Description strongly soothing/calming; low irritancy even without direct concern match,0,0,Plant Extract
Dipeptide Diaminobutyroyl Benzylamide Diacetate,Dry,"['Dryness', 'Wrinkles']",good fit,0,3,Addresses 3 concern(s); low irritancy,0,3,Peptide
Dipeptide,Dry,"['Dryness', 'Wrinkles']",good fit,0,3,Addresses 3 concern(s); low irritancy [label adjusted for expert variance],0,3,Peptide
Copper Peptide,Dry,"['Dryness', 'Wrinkles']",good fit,0,3,Addresses 3 concern(s); low irritancy,0,3,Peptide
Copper Palmitoyl Heptapeptide,Dry,"['Dryness', 'Wrinkles']",good fit,0,3,Addresses 3 concern(s); low irritancy,0,3,Peptide
Copper Heptapeptide-14 Pantothenate,Dry,"['Dryness', 'Wrinkles']",possible irritation,1,3,Addresses 3 concern(s); low irritancy [label adjusted for expert variance],0,3,Peptide
Coffee Seed Extract,Dry,"['Dryness', 'Wrinkles']",good fit,0,3,Description strongly soothing/calming; low irritancy even without direct concern match,0,1,Plant Extract
Citric Acid,Dry,"['Dryness', 'Wrinkles']",possible irritation,1,3,Moderate irritancy (3) — possible irritation for Dry skin,0,4,AHA
Cinnamon Bark,Dry,"['Dryness', 'Wrinkles']",possible irritation,1,2,Gentle ingredient with no concern match; neutral fit [label adjusted for expert variance],0,1,Other
Fomes Ofﬁcinalis (Mushroom) Extract,Dry,"['Dryness', 'Wrinkles']",good fit,0,2,Gentle ingredient with no concern match; neutral fit,0,3,Plant Extract
Ginkgo Biloba,Dry,"['Dryness', 'Wrinkles']",good fit,0,3,Description strongly soothing/calming; low irritancy even without direct concern match,0,1,Other
Fructooligosaccharides,Dry,"['Dryness', 'Wrinkles']",good fit,0,3,Description strongly soothing/calming; low irritancy even without direct concern match,0,3,Other
Feverfew Extract,Dry,"['Dryness', 'Wrinkles']",possible irritation,1,3,Description strongly soothing/calming; low irritancy even without direct concern match [label adjusted for expert variance],0,1,Plant Extract
Ferulic Acid,Dry,"['Dryness', 'Wrinkles']",good fit,0,2,Gentle ingredient with no concern match; neutral fit,0,0,Vitamin
Ethylhexyl Triazone,Dry,"['Dryness', 'Wrinkles']",poor fit,2,4,"High combined irritancy score (4): category=UV Filter, sensitivity=2, desc signals=0",2,1,UV Filter
Ferric Hexapeptide,Dry,"['Dryness', 'Wrinkles']",good fit,0,3,Addresses 3 concern(s); low irritancy,0,3,Peptide
Fernblock,Dry,"['Dryness', 'Wrinkles']",good fit,0,2,Gentle ingredient with no concern match; neutral fit [label adjusted for expert variance],0,0,Other
Evening Primrose Oil,Dry,"['Dryness', 'Wrinkles']",good fit,0,4,Directly addresses 1 concern(s) and description confirms soothing profile,0,2,Lipid/Oil
Essential Lipids,Dry,"['Dryness', 'Wrinkles']",possible irritation,1,3,Moderate irritancy (2) — possible irritation for Dry skin,0,5,Other
Endothelyol,Dry,"['Dryness', 'Wrinkles']",good fit,0,3,Description strongly soothing/calming; low irritancy even without direct concern match,0,1,Other
Ethylhexyl Salicylate,Dry,"['Dryness', 'Wrinkles']",possible irritation,1,3,Moderate irritancy (2) — possible irritation for Dry skin,2,1,Other
Ethyl Ascorbic Acid,Dry,"['Dryness', 'Wrinkles']",possible irritation,1,3,Moderate irritancy (2) — possible irritation for Dry skin,1,4,Vitamin C
Green Tea,Dry,"['Dryness', 'Wrinkles']",good fit,0,3,Description strongly soothing/calming; low irritancy even without direct concern match,0,2,Other
Glycosphingolipids,Dry,"['Dryness', 'Wrinkles']",possible irritation,1,3,Moderate irritancy (2) — possible irritation for Dry skin,0,4,Ceramide
Glycoproteins,Dry,"['Dryness', 'Wrinkles']",possible irritation,1,3,Moderate irritancy (2) — possible irritation for Dry skin,0,4,Other
Glycolipids,Dry,"['Dryness', 'Wrinkles']",possible irritation,1,3,Moderate irritancy (2) — possible irritation for Dry skin,0,2,Other
Golden-Eye Grass Complex,Dry,"['Dryness', 'Wrinkles']",good fit,0,2,Gentle ingredient with no concern match; neutral fit,0,1,Other
Glycolic Acid,Dry,"['Dryness', 'Wrinkles']",poor fit,2,4,"High combined irritancy score (6): category=AHA, sensitivity=2, desc signals=2",2,8,AHA
Glycine,Dry,"['Dryness', 'Wrinkles']",good fit,0,3,Addresses 4 concern(s); low irritancy,0,5,Amino Acid
Glyceryl Glucoside,Dry,"['Dryness', 'Wrinkles']",good fit,0,3,Addresses 1 concern(s); low irritancy,0,4,Other
Gluconolactone,Dry,"['Dryness', 'Wrinkles']",good fit,0,4,Directly addresses 2 concern(s) and description confirms soothing profile,0,9,Other
EGCG,Dry,"['Dryness', 'Wrinkles']",good fit,0,3,Description strongly soothing/calming; low irritancy even without direct concern match,0,1,Other
Indian Gooseberry,Dry,"['Dryness', 'Wrinkles']",good fit,0,2,Gentle ingredient with no concern match; neutral fit,0,1,Other
Hydroxypinacolone Retinoate,Dry,"['Dryness', 'Wrinkles']",poor fit,2,4,"High combined irritancy score (6): category=Retinoid, sensitivity=3, desc signals=0",3,9,Retinoid
Hydrolyzed Pumpkin Seedcake,Dry,"['Dryness', 'Wrinkles']",good fit,0,3,Addresses 3 concern(s); low irritancy,0,6,Other
Hydrolyzed F-Fucoidan,Dry,"['Dryness', 'Wrinkles']",good fit,0,3,Addresses 3 concern(s); low irritancy,0,3,Marine/Algae
Homosalate,Dry,"['Dryness', 'Wrinkles']",poor fit,2,4,"High combined irritancy score (4): category=UV Filter, sensitivity=2, desc signals=0",2,1,UV Filter
Humectants,Dry,"['Dryness', 'Wrinkles']",good fit,0,3,Addresses 2 concern(s); low irritancy,0,5,Humectant
Hibiscus Fruit Extract,Dry,"['Dryness', 'Wrinkles']",good fit,0,2,Gentle ingredient with no concern match; neutral fit,0,0,Plant Extract
Horse Chestnut,Dry,"['Dryness', 'Wrinkles']",good fit,0,3,Description strongly soothing/calming; low irritancy even without direct concern match,0,1,Other
Heptapeptide-15 Palmitate,Dry,"['Dryness', 'Wrinkles']",good fit,0,3,Addresses 3 concern(s); low irritancy,0,3,Peptide
Guarana Extract,Dry,"['Dryness', 'Wrinkles']",good fit,0,2,Gentle ingredient with no concern match; neutral fit,0,0,Plant Extract
Histidine,Dry,"['Dryness', 'Wrinkles']",good fit,0,3,Addresses 1 concern(s); low irritancy,0,4,Amino Acid
Lecithin,Dry,"['Dryness', 'Wrinkles']",possible irritation,1,3,Moderate irritancy (3) — possible irritation for Dry skin,0,4,Lipid/Oil
L-Carnitine,Dry,"['Dryness', 'Wrinkles']",good fit,0,3,Description strongly soothing/calming; low irritancy even without direct concern match,0,3,Other
Lactobionic Acid,Dry,"['Dryness', 'Wrinkles']",good fit,0,4,Directly addresses 2 concern(s) and description confirms soothing profile,0,9,Other
L-Ascorbic Acid,Dry,"['Dryness', 'Wrinkles']",poor fit,2,5,Directly flagged in avoid list for Dry skin and high irritancy (7),3,5,Vitamin C
Laminaria Ochroleuca (Kelp) Extract,Dry,"['Dryness', 'Wrinkles']",good fit,0,4,Directly addresses 3 concern(s) and description confirms soothing profile,0,3,Marine/Algae
Lactococcus Ferment Lysate,Dry,"['Dryness', 'Wrinkles']",good fit,0,3,Description strongly soothing/calming; low irritancy even without direct concern match,0,3,Probiotic/Ferment
Lactic Acid,Dry,"['Dryness', 'Wrinkles']",poor fit,2,4,"High combined irritancy score (4): category=AHA, sensitivity=2, desc signals=0",2,8,AHA
Lactobacillus Ferment,Dry,"['Dryness', 'Wrinkles']",good fit,0,3,Description strongly soothing/calming; low irritancy even without direct concern match,0,3,Probiotic/Ferment
Lactobacillus Extract Filtrate,Dry,"['Dryness', 'Wrinkles']",good fit,0,3,Description strongly soothing/calming; low irritancy even without direct concern match,0,3,Probiotic/Ferment
Jojoba Oil,Dry,"['Dryness', 'Wrinkles']",possible irritation,1,3,Moderate irritancy (2) — possible irritation for Dry skin,0,4,Lipid/Oil
Kola Seed Extract,Dry,"['Dryness', 'Wrinkles']",good fit,0,2,Gentle ingredient with no concern match; neutral fit,0,0,Plant Extract
Jeju Green Tea Water,Dry,"['Dryness', 'Wrinkles']",good fit,0,4,Directly addresses 1 concern(s) and description confirms soothing profile,0,3,Plant Extract
Kojic Acid,Dry,"['Dryness', 'Wrinkles']",good fit,0,2,Gentle ingredient with no concern match; neutral fit,0,3,Other
Isoleucine,Dry,"['Dryness', 'Wrinkles']",good fit,0,3,Addresses 1 concern(s); low irritancy,0,2,Amino Acid
Jojoba Beads,Dry,"['Dryness', 'Wrinkles']",good fit,0,2,Gentle ingredient with no concern match; neutral fit,0,2,Other
Macrocystis Pyrifera (Kelp) Extract,Dry,"['Dryness', 'Wrinkles']",good fit,0,4,Directly addresses 3 concern(s) and description confirms soothing profile,0,3,Marine/Algae
Magnesium Sulfate,Dry,"['Dryness', 'Wrinkles']",good fit,0,3,Description strongly soothing/calming; low irritancy even without direct concern match,0,1,Mineral
Magnesium Ascorbyl Phosphate,Dry,"['Dryness', 'Wrinkles']",poor fit,2,4,"High combined irritancy score (5): category=Vitamin C, sensitivity=1, desc signals=2",1,3,Vitamin C
Lysine,Dry,"['Dryness', 'Wrinkles']",good fit,0,4,Directly addresses 4 concern(s) and description confirms soothing profile,0,6,Amino Acid
Lily Extract,Dry,"['Dryness', 'Wrinkles']",good fit,0,3,Description strongly soothing/calming; low irritancy even without direct concern match,0,0,Plant Extract
Luffa Cylindrica Extract,Dry,"['Dryness', 'Wrinkles']",good fit,0,2,Gentle ingredient with no concern match; neutral fit,0,0,Plant Extract
Linolenic Acid,Dry,"['Dryness', 'Wrinkles']",possible irritation,1,3,Moderate irritancy (2) — possible irritation for Dry skin,0,4,Lipid/Oil
Linoleic Acid,Dry,"['Dryness', 'Wrinkles']",possible irritation,1,3,Moderate irritancy (3) — possible irritation for Dry skin,0,4,Lipid/Oil
Leucine,Dry,"['Dryness', 'Wrinkles']",possible irritation,1,3,Addresses 4 concern(s); low irritancy [label adjusted for expert variance],0,6,Amino Acid
Licorice Extract,Dry,"['Dryness', 'Wrinkles']",good fit,0,3,Description strongly soothing/calming; low irritancy even without direct concern match,0,4,Plant Extract
Natural Moisturising Factors,Dry,"['Dryness', 'Wrinkles']",good fit,0,3,Addresses 1 concern(s); low irritancy,0,5,Other
Licochalcone A,Dry,"['Dryness', 'Wrinkles']",good fit,0,3,Description strongly soothing/calming; low irritancy even without direct concern match,0,0,Other
Naringenin Chalcone,Dry,"['Dryness', 'Wrinkles']",good fit,0,3,Description strongly soothing/calming; low irritancy even without direct concern match,0,2,Other
Myristoyl Nonapeptide,Dry,"['Dryness', 'Wrinkles']",good fit,0,3,Addresses 3 concern(s); low irritancy [label adjusted for expert variance],0,3,Peptide
Myristol Pentapeptide,Dry,"['Dryness', 'Wrinkles']",good fit,0,3,Addresses 3 concern(s); low irritancy,0,3,Peptide
Milk Thistle Extract,Dry,"['Dryness', 'Wrinkles']",good fit,0,3,Description strongly soothing/calming; low irritancy even without direct concern match,0,2,Plant Extract
Myristol Hexapeptide,Dry,"['Dryness', 'Wrinkles']",good fit,0,4,Directly addresses 3 concern(s) and description confirms soothing profile,0,3,Peptide
Mushroom Extract,Dry,"['Dryness', 'Wrinkles']",good fit,0,3,Description strongly soothing/calming; low irritancy even without direct concern match,0,1,Plant Extract
Moringa Seed Extract,Dry,"['Dryness', 'Wrinkles']",good fit,0,4,Directly addresses 1 concern(s) and description confirms soothing profile,0,5,Plant Extract
Marshmallow Root,Dry,"['Dryness', 'Wrinkles']",good fit,0,3,Description strongly soothing/calming; low irritancy even without direct concern match,0,1,Other
Mineral UV Filters,Dry,"['Dryness', 'Wrinkles']",poor fit,2,3,Moderate irritancy (3) — possible irritation for Dry skin [label adjusted for expert variance],1,1,UV Filter
Meadowfoam Seed Oil,Dry,"['Dryness', 'Wrinkles']",possible irritation,1,3,Moderate irritancy (2) — possible irritation for Dry skin,0,3,Lipid/Oil
Marine Extract,Dry,"['Dryness', 'Wrinkles']",good fit,0,3,Addresses 3 concern(s); low irritancy,0,3,Marine/Algae
Mango Seed Butter,Dry,"['Dryness', 'Wrinkles']",possible irritation,1,3,Moderate irritancy (3) — possible irritation for Dry skin,0,1,Lipid/Oil
Palmitoyl Oligopeptide,Dry,"['Dryness', 'Wrinkles']",possible irritation,1,3,Addresses 3 concern(s); low irritancy [label adjusted for expert variance],0,3,Peptide
Mandelic Acid,Dry,"['Dryness', 'Wrinkles']",poor fit,2,4,"High combined irritancy score (4): category=AHA, sensitivity=2, desc signals=-1",2,8,AHA
Palmitoyl Nonapeptide,Dry,"['Dryness', 'Wrinkles']",good fit,0,3,Addresses 3 concern(s); low irritancy,0,3,Peptide
Palmitoyl Pentapeptide,Dry,"['Dryness', 'Wrinkles']",good fit,0,3,Addresses 3 concern(s); low irritancy,0,3,Peptide
Palmitoyl Glycine,Dry,"['Dryness', 'Wrinkles']",good fit,0,4,Directly addresses 3 concern(s) and description confirms soothing profile,0,3,Amino Acid
Palmitoyl Heptapeptide,Dry,"['Dryness', 'Wrinkles']",good fit,0,3,Addresses 3 concern(s); low irritancy,0,3,Peptide
Octocrylene,Dry,"['Dryness', 'Wrinkles']",possible irritation,1,3,Moderate irritancy (2) — possible irritation for Dry skin,2,1,Other
Palmitoyl Decapeptide,Dry,"['Dryness', 'Wrinkles']",good fit,0,3,Addresses 3 concern(s); low irritancy,0,3,Peptide
Oligopeptide,Dry,"['Dryness', 'Wrinkles']",good fit,0,3,Addresses 3 concern(s); low irritancy,0,3,Peptide
Padina Pavonica Thallus Extract,Dry,"['Dryness', 'Wrinkles']",good fit,0,3,Addresses 3 concern(s); low irritancy,0,3,Plant Extract
Oat Extract,Dry,"['Dryness', 'Wrinkles']",good fit,0,4,Directly addresses 1 concern(s) and description confirms soothing profile,0,4,Plant Extract
Octisalate,Dry,"['Dryness', 'Wrinkles']",poor fit,2,4,"High combined irritancy score (4): category=UV Filter, sensitivity=2, desc signals=0",2,1,UV Filter
Octinoxate,Dry,"['Dryness', 'Wrinkles']",poor fit,2,4,"High combined irritancy score (4): category=UV Filter, sensitivity=2, desc signals=0",2,1,UV Filter
Polyhydroxy Acids,Dry,"['Dryness', 'Wrinkles']",good fit,0,4,Directly addresses 2 concern(s) and description confirms soothing profile,0,9,Other
Porphyridium Cruentum Extract,Dry,"['Dryness', 'Wrinkles']",good fit,0,4,Directly addresses 3 concern(s) and description confirms soothing profile,0,3,Plant Extract
Polyporus Umbellatus (Mushroom) Extract,Dry,"['Dryness', 'Wrinkles']",good fit,0,2,Gentle ingredient with no concern match; neutral fit,0,2,Plant Extract
Phytic Acid,Dry,"['Dryness', 'Wrinkles']",good fit,0,2,Gentle ingredient with no concern match; neutral fit,0,3,Other
Plankton Extract,Dry,"['Dryness', 'Wrinkles']",good fit,0,4,Directly addresses 3 concern(s) and description confirms soothing profile,0,3,Marine/Algae
Perfluorodecalin,Dry,"['Dryness', 'Wrinkles']",good fit,0,2,Gentle ingredient with no concern match; neutral fit,0,4,Other
Phytosphingosine,Dry,"['Dryness', 'Wrinkles']",possible irritation,1,3,Moderate irritancy (2) — possible irritation for Dry skin,0,4,Ceramide
Phospholipids,Dry,"['Dryness', 'Wrinkles']",possible irritation,1,3,Moderate irritancy (3) — possible irritation for Dry skin,0,4,Lipid/Oil
Palmitoyl  Tripeptide-1,Dry,"['Dryness', 'Wrinkles']",good fit,0,3,Addresses 3 concern(s); low irritancy,0,3,Peptide
Pentapeptide,Dry,"['Dryness', 'Wrinkles']",good fit,0,3,Addresses 3 concern(s); low irritancy,0,3,Peptide
Palmitoyl Tetrapeptide,Dry,"['Dryness', 'Wrinkles']",good fit,0,4,Directly addresses 3 concern(s) and description confirms soothing profile,0,3,Peptide
Parachlorella Beijerinckii Exopolysaccharides,Dry,"['Dryness', 'Wrinkles']",good fit,0,3,Addresses 3 concern(s); low irritancy,0,3,Other
Retinyl Retinoate,Dry,"['Dryness', 'Wrinkles']",poor fit,2,4,"High combined irritancy score (7): category=Retinoid, sensitivity=3, desc signals=1",3,9,Retinoid
Palmitoyl Tripeptide,Dry,"['Dryness', 'Wrinkles']",good fit,0,3,Addresses 3 concern(s); low irritancy,0,3,Peptide
Neurophroline,Dry,"['Dryness', 'Wrinkles']",good fit,0,4,Directly addresses 1 concern(s) and description confirms soothing profile,0,5,Other
Retinyl Propionate,Dry,"['Dryness', 'Wrinkles']",poor fit,2,4,"High combined irritancy score (6): category=Retinoid, sensitivity=3, desc signals=0",3,7,Retinoid
Retinyl Palmitate,Dry,"['Dryness', 'Wrinkles']",poor fit,2,4,"High combined irritancy score (5): category=Retinoid, sensitivity=2, desc signals=0",2,1,Retinoid
Retinol,Dry,"['Dryness', 'Wrinkles']",poor fit,2,4,"High combined irritancy score (6): category=Retinoid, sensitivity=3, desc signals=0",3,9,Retinoid
Resveratrol,Dry,"['Dryness', 'Wrinkles']",good fit,0,4,Directly addresses 3 concern(s) and description confirms soothing profile,0,3,Other
Red Algae,Dry,"['Dryness', 'Wrinkles']",good fit,0,4,Directly addresses 1 concern(s) and description confirms soothing profile,0,3,Marine/Algae
Quercetin,Dry,"['Dryness', 'Wrinkles']",good fit,0,4,Directly addresses 1 concern(s) and description confirms soothing profile,0,3,Other
Pseudoalteromonas Exopolysaccharides,Dry,"['Dryness', 'Wrinkles']",good fit,0,3,Addresses 3 concern(s); low irritancy,0,3,Other
Proline,Dry,"['Dryness', 'Wrinkles']",good fit,0,3,Addresses 4 concern(s); low irritancy,0,5,Amino Acid
Potassium Azeloyl Diglycinate,Dry,"['Dryness', 'Wrinkles']",possible irritation,1,3,Description strongly soothing/calming; low irritancy even without direct concern match [label adjusted for expert variance],1,7,Other
Probiotics,Dry,"['Dryness', 'Wrinkles']",good fit,0,3,Description strongly soothing/calming; low irritancy even without direct concern match,0,3,Probiotic/Ferment
Prickly Pear Extract,Dry,"['Dryness', 'Wrinkles']",good fit,0,3,Description strongly soothing/calming; low irritancy even without direct concern match,0,1,Plant Extract
Snow Mushroom Extract,Dry,"['Dryness', 'Wrinkles']",good fit,0,4,Directly addresses 2 concern(s) and description confirms soothing profile,0,4,Plant Extract
Prebiotics,Dry,"['Dryness', 'Wrinkles']",good fit,0,3,Description strongly soothing/calming; low irritancy even without direct concern match,0,3,Probiotic/Ferment
Shea Butter,Dry,"['Dryness', 'Wrinkles']",poor fit,2,4,"High combined irritancy score (6): category=Lipid/Oil, sensitivity=2, desc signals=2",2,4,Lipid/Oil
Sesame Seed Oil,Dry,"['Dryness', 'Wrinkles']",possible irritation,1,3,Moderate irritancy (2) — possible irritation for Dry skin,0,1,Lipid/Oil
Silk Protein,Dry,"['Dryness', 'Wrinkles']",good fit,0,3,Addresses 1 concern(s); low irritancy,1,1,Other
Sh-Oligopeptide,Dry,"['Dryness', 'Wrinkles']",good fit,0,4,Directly addresses 3 concern(s) and description confirms soothing profile,0,3,Peptide
Serine,Dry,"['Dryness', 'Wrinkles']",good fit,0,3,Addresses 1 concern(s); low irritancy,0,2,Amino Acid
Sea Buckthorn Water,Dry,"['Dryness', 'Wrinkles']",good fit,0,2,Gentle ingredient with no concern match; neutral fit,0,1,Plant Extract
Saskatoon Berry,Dry,"['Dryness', 'Wrinkles']",good fit,0,2,Gentle ingredient with no concern match; neutral fit,0,0,Other
Salicylic Acid,Dry,"['Dryness', 'Wrinkles']",poor fit,2,5,Directly flagged in avoid list for Dry skin and high irritancy (6),4,8,BHA
Rosemary Leaf Extract,Dry,"['Dryness', 'Wrinkles']",good fit,0,3,Description strongly soothing/calming; low irritancy even without direct concern match,0,1,Plant Extract
Safflower Seed Oil,Dry,"['Dryness', 'Wrinkles']",poor fit,2,4,"High combined irritancy score (4): category=Lipid/Oil, sensitivity=1, desc signals=1",1,3,Lipid/Oil
Saccharomyces Cerevisiae (Yeast) Extract,Dry,"['Dryness', 'Wrinkles']",good fit,0,3,Description strongly soothing/calming; low irritancy even without direct concern match,0,3,Probiotic/Ferment
Sacred Lotus Flower Extract,Dry,"['Dryness', 'Wrinkles']",good fit,0,3,Addresses 3 concern(s); low irritancy,0,4,Plant Extract
Tasmanian Pepperberry Extract,Dry,"['Dryness', 'Wrinkles']",good fit,0,3,Description strongly soothing/calming; low irritancy even without direct concern match,0,1,Plant Extract
Tartaric Acid,Dry,"['Dryness', 'Wrinkles']",possible irritation,1,3,Moderate irritancy (3) — possible irritation for Dry skin,1,4,AHA
Rhamnose,Dry,"['Dryness', 'Wrinkles']",good fit,0,3,Description strongly soothing/calming; low irritancy even without direct concern match,0,3,Other
Sweet Almond Oil,Dry,"['Dryness', 'Wrinkles']",possible irritation,1,3,Moderate irritancy (3) — possible irritation for Dry skin,1,2,Lipid/Oil
Symsitive,Dry,"['Dryness', 'Wrinkles']",good fit,0,3,Description strongly soothing/calming; low irritancy even without direct concern match,0,1,Other
Sugar Cane Extract,Dry,"['Dryness', 'Wrinkles']",good fit,0,3,Description strongly soothing/calming; low irritancy even without direct concern match,0,5,Plant Extract
Superoxide Dismutase,Dry,"['Dryness', 'Wrinkles']",good fit,0,3,Description strongly soothing/calming; low irritancy even without direct concern match,0,0,Other
Sunflower Oil,Dry,"['Dryness', 'Wrinkles']",possible irritation,1,3,Moderate irritancy (3) — possible irritation for Dry skin,1,3,Lipid/Oil
Spent Grain Wax,Dry,"['Dryness', 'Wrinkles']",poor fit,2,4,"High combined irritancy score (4): category=Lipid/Oil, sensitivity=0, desc signals=2",0,2,Lipid/Oil
Sulfur,Dry,"['Dryness', 'Wrinkles']",good fit,0,3,Description strongly soothing/calming; low irritancy even without direct concern match,0,2,Mineral
Squalane,Dry,"['Dryness', 'Wrinkles']",possible irritation,1,3,Moderate irritancy (2) — possible irritation for Dry skin,0,4,Lipid/Oil
Urea,Dry,"['Dryness', 'Wrinkles']",good fit,0,3,Addresses 1 concern(s); low irritancy,0,3,Humectant
Sodium Lactate,Dry,"['Dryness', 'Wrinkles']",good fit,0,3,Addresses 1 concern(s); low irritancy,0,2,Humectant
Turmeric Root Extract,Dry,"['Dryness', 'Wrinkles']",good fit,0,3,Description strongly soothing/calming; low irritancy even without direct concern match,0,1,Plant Extract
Valine,Dry,"['Dryness', 'Wrinkles']",good fit,0,3,Addresses 1 concern(s); low irritancy,0,2,Amino Acid
Trehalose,Dry,"['Dryness', 'Wrinkles']",good fit,0,3,Addresses 1 concern(s); low irritancy,0,2,Humectant
Tripleurospermum Maritimum Extract,Dry,"['Dryness', 'Wrinkles']",good fit,0,4,Directly addresses 3 concern(s) and description confirms soothing profile,0,3,Plant Extract
Triazine Diethyl Butamidotriazone,Dry,"['Dryness', 'Wrinkles']",poor fit,2,4,"High combined irritancy score (4): category=UV Filter, sensitivity=2, desc signals=0",2,1,UV Filter
Thiamidol,Dry,"['Dryness', 'Wrinkles']",good fit,0,2,Gentle ingredient with no concern match; neutral fit,0,2,Other
Tranexamic Acid,Dry,"['Dryness', 'Wrinkles']",good fit,0,2,Gentle ingredient with no concern match; neutral fit,0,3,Other
Tomato Stem Cells,Dry,"['Dryness', 'Wrinkles']",good fit,0,3,Addresses 3 concern(s); low irritancy,0,3,Plant Extract
Teprenone,Dry,"['Dryness', 'Wrinkles']",good fit,0,2,Gentle ingredient with no concern match; neutral fit,0,5,Other
Threonine,Dry,"['Dryness', 'Wrinkles']",good fit,0,3,Addresses 1 concern(s); low irritancy,0,2,Amino Acid
Zinc Gluconate,Dry,"['Dryness', 'Wrinkles']",good fit,0,2,Gentle ingredient with no concern match; neutral fit,0,4,Mineral
Tetrahexyldecyl Ascorbate,Dry,"['Dryness', 'Wrinkles']",possible irritation,1,3,Moderate irritancy (2) — possible irritation for Dry skin,1,5,Vitamin C
Zinc,Dry,"['Dryness', 'Wrinkles']",good fit,0,3,Description strongly soothing/calming; low irritancy even without direct concern match,0,4,Mineral
Yerba Mate Extract,Dry,"['Dryness', 'Wrinkles']",good fit,0,3,Description strongly soothing/calming; low irritancy even without direct concern match,0,1,Plant Extract
Yeast Amino Acids,Dry,"['Dryness', 'Wrinkles']",good fit,0,4,Directly addresses 1 concern(s) and description confirms soothing profile,0,1,Probiotic/Ferment
Willow Herb Extract,Dry,"['Dryness', 'Wrinkles']",good fit,0,3,Description strongly soothing/calming; low irritancy even without direct concern match,0,1,Plant Extract
Willow Bark Extract,Dry,"['Dryness', 'Wrinkles']",possible irritation,1,4,Flagged in avoid list for Dry skin; ingredient is relatively mild,2,6,Plant Extract
Wild Cherry Extract,Dry,"['Dryness', 'Wrinkles']",good fit,0,3,Description strongly soothing/calming; low irritancy even without direct concern match,0,1,Plant Extract
White Tea,Dry,"['Dryness', 'Wrinkles']",good fit,0,3,Description strongly soothing/calming; low irritancy even without direct concern match,0,1,Other
Vitamin K1,Dry,"['Dryness', 'Wrinkles']",good fit,0,3,Addresses 1 concern(s); low irritancy [label adjusted for expert variance],0,1,Vitamin
Vitamin E,Dry,"['Dryness', 'Wrinkles']",good fit,0,3,Addresses 1 concern(s); low irritancy,0,4,Vitamin
Vitamin C,Dry,"['Dryness', 'Wrinkles']",poor fit,2,5,Directly flagged in avoid list for Dry skin and high irritancy (4),3,5,Vitamin C
Vitamin B5,Dry,"['Dryness', 'Wrinkles']",good fit,0,4,Directly addresses 1 concern(s) and description confirms soothing profile,0,5,Vitamin
Vitamin A,Dry,"['Dryness', 'Wrinkles']",poor fit,2,4,"High combined irritancy score (7): category=Retinoid, sensitivity=3, desc signals=1",3,9,Retinoid
Vibrio Alginolyticus Ferment Filtrate,Dry,"['Dryness', 'Wrinkles']",good fit,0,3,Addresses 3 concern(s); low irritancy,0,3,Probiotic/Ferment
Tea Tree Oil,Dry,"['Dryness', 'Wrinkles']",good fit,0,3,Description strongly soothing/calming; low irritancy even without direct concern match,0,2,Lipid/Oil
Zinc Sulfate,Dry,"['Dryness', 'Wrinkles']",good fit,0,4,Directly addresses 1 concern(s) and description confirms soothing profile,0,1,Mineral
Zinc PCA,Dry,"['Dryness', 'Wrinkles']",good fit,0,4,Directly addresses 1 concern(s) and description confirms soothing profile,0,5,Mineral
Neoglucosamine,Dry,"['Dryness', 'Wrinkles']",good fit,0,3,Addresses 3 concern(s); low irritancy,1,8,Other
Taurine,Dry,"['Dryness', 'Wrinkles']",good fit,0,3,Addresses 1 concern(s); low irritancy,0,3,Amino Acid
Sodium Ascorbyl Phosphate,Dry,"['Dryness', 'Wrinkles']",possible irritation,1,3,Moderate irritancy (2) — possible irritation for Dry skin,1,5,Vitamin C
Alpha-Glucan Oligosaccharide,Dry,"['Dryness', 'Hyperpigmentation']",good fit,0,3,Description strongly soothing/calming; low irritancy even without direct concern match,0,3,Other
Aloe Vera,Dry,"['Dryness', 'Hyperpigmentation']",good fit,0,4,Directly addresses 1 concern(s) and description confirms soothing profile,0,4,Other
Allantoin,Dry,"['Dryness', 'Hyperpigmentation']",good fit,0,3,Description strongly soothing/calming; low irritancy even without direct concern match,0,3,Other
Algin,Dry,"['Dryness', 'Hyperpigmentation']",good fit,0,4,Directly addresses 1 concern(s) and description confirms soothing profile,0,3,Other
Algae Extract,Dry,"['Dryness', 'Hyperpigmentation']",good fit,0,4,Directly addresses 1 concern(s) and description confirms soothing profile,0,3,Marine/Algae
Algae Exopolysaccharides,Dry,"['Dryness', 'Hyperpigmentation']",good fit,0,3,Addresses 1 concern(s); low irritancy,0,3,Marine/Algae
Alaria Esculenta Extract,Dry,"['Dryness', 'Hyperpigmentation']",good fit,0,4,Directly addresses 1 concern(s) and description confirms soothing profile,0,3,Plant Extract
Alanine,Dry,"['Dryness', 'Hyperpigmentation']",good fit,0,3,Addresses 1 concern(s); low irritancy,0,2,Amino Acid
Ahnfeltia Concinna Extract,Dry,"['Dryness', 'Hyperpigmentation']",good fit,0,4,Directly addresses 1 concern(s) and description confirms soothing profile,0,3,Plant Extract
Adenosine,Dry,"['Dryness', 'Hyperpigmentation']",good fit,0,4,Directly addresses 1 concern(s) and description confirms soothing profile,0,7,Other
Acetyl Tyrosinamide,Dry,"['Dryness', 'Hyperpigmentation']",good fit,0,2,Gentle ingredient with no concern match; neutral fit,0,3,Other
Acetyl Tetrapeptide,Dry,"['Dryness', 'Hyperpigmentation']",good fit,0,2,Gentle ingredient with no concern match; neutral fit,0,3,Peptide
Acetyl Glucosamine,Dry,"['Dryness', 'Hyperpigmentation']",good fit,0,4,Directly addresses 2 concern(s) and description confirms soothing profile,0,7,Other
Acetylarginyltryptophyl Diphenylglycine,Dry,"['Dryness', 'Hyperpigmentation']",good fit,0,2,Gentle ingredient with no concern match; neutral fit,0,3,Amino Acid
Acai Extract,Dry,"['Dryness', 'Hyperpigmentation']",good fit,0,2,Gentle ingredient with no concern match; neutral fit,0,0,Plant Extract
Ascorbic Acid,Dry,"['Dryness', 'Hyperpigmentation']",poor fit,2,5,Directly flagged in avoid list for Dry skin and high irritancy (7),3,5,Vitamin C
Ascophyllum Nodosum Extract,Dry,"['Dryness', 'Hyperpigmentation']",good fit,0,3,Addresses 1 concern(s); low irritancy,0,3,Plant Extract
Arginine PCA,Dry,"['Dryness', 'Hyperpigmentation']",good fit,0,3,Addresses 1 concern(s); low irritancy,0,2,Amino Acid
Arginine/Lysine Polypeptide,Dry,"['Dryness', 'Hyperpigmentation']",good fit,0,2,Gentle ingredient with no concern match; neutral fit,0,3,Peptide
Arginine HCL,Dry,"['Dryness', 'Hyperpigmentation']",good fit,0,3,Addresses 1 concern(s); low irritancy,0,2,Amino Acid
Arginine,Dry,"['Dryness', 'Hyperpigmentation']",good fit,0,3,Addresses 1 concern(s); low irritancy,0,3,Amino Acid
Argan Oil,Dry,"['Dryness', 'Hyperpigmentation']",possible irritation,1,3,Moderate irritancy (2) — possible irritation for Dry skin,1,3,Lipid/Oil
Arbutin,Dry,"['Dryness', 'Hyperpigmentation']",good fit,0,3,Addresses 1 concern(s); low irritancy,1,2,Other
Aquagenium,Dry,"['Dryness', 'Hyperpigmentation']",good fit,0,3,Addresses 1 concern(s); low irritancy,0,2,Other
Apple Stem Cells,Dry,"['Dryness', 'Hyperpigmentation']",good fit,0,2,Gentle ingredient with no concern match; neutral fit,0,3,Plant Extract
Apple Polyphenols,Dry,"['Dryness', 'Hyperpigmentation']",good fit,0,3,Description strongly soothing/calming; low irritancy even without direct concern match,0,0,Other
Apple Extract,Dry,"['Dryness', 'Hyperpigmentation']",good fit,0,2,Gentle ingredient with no concern match; neutral fit,0,0,Plant Extract
Anti-Ageing Peptides,Dry,"['Dryness', 'Hyperpigmentation']",good fit,0,2,Gentle ingredient with no concern match; neutral fit,0,3,Peptide
Amino Acids,Dry,"['Dryness', 'Hyperpigmentation']",good fit,0,3,Addresses 1 concern(s); low irritancy,0,5,Amino Acid
Alteromonas Ferment Extract,Dry,"['Dryness', 'Hyperpigmentation']",good fit,0,4,Directly addresses 1 concern(s) and description confirms soothing profile,0,3,Probiotic/Ferment
Bifida Ferment Lysate,Dry,"['Dryness', 'Hyperpigmentation']",good fit,0,3,Description strongly soothing/calming; low irritancy even without direct concern match,0,3,Probiotic/Ferment
Beta Glucan,Dry,"['Dryness', 'Hyperpigmentation']",good fit,0,4,Directly addresses 1 concern(s) and description confirms soothing profile,0,5,Other
Bakuchiol,Dry,"['Dryness', 'Hyperpigmentation']",good fit,0,2,Gentle ingredient with no concern match; neutral fit,0,3,Other
Azelaoyl Bis-Dipeptide,Dry,"['Dryness', 'Hyperpigmentation']",good fit,0,2,Gentle ingredient with no concern match; neutral fit,1,3,Peptide
Azelaic Acid,Dry,"['Dryness', 'Hyperpigmentation']",good fit,0,4,Directly addresses 2 concern(s) and description confirms soothing profile,1,8,Other
Avocado Oil,Dry,"['Dryness', 'Hyperpigmentation']",possible irritation,1,3,Moderate irritancy (2) — possible irritation for Dry skin,1,3,Lipid/Oil
Avocado Ferment,Dry,"['Dryness', 'Hyperpigmentation']",good fit,0,3,Addresses 1 concern(s); low irritancy,0,3,Probiotic/Ferment
Avene Thermal Water,Dry,"['Dryness', 'Hyperpigmentation']",good fit,0,4,Directly addresses 1 concern(s) and description confirms soothing profile,0,5,Plant Extract
Asparagopsis Armata Extract,Dry,"['Dryness', 'Hyperpigmentation']",good fit,0,4,Directly addresses 1 concern(s) and description confirms soothing profile,0,3,Plant Extract
Ascorbyl Palmitate,Dry,"['Dryness', 'Hyperpigmentation']",possible irritation,1,3,Moderate irritancy (2) — possible irritation for Dry skin,1,1,Vitamin C
Ascorbyl Glucoside,Dry,"['Dryness', 'Hyperpigmentation']",possible irritation,1,3,Moderate irritancy (2) — possible irritation for Dry skin,1,5,Vitamin C
Caffeine,Dry,"['Dryness', 'Hyperpigmentation']",good fit,0,2,Gentle ingredient with no concern match; neutral fit,0,3,Other
Caffeic Acid,Dry,"['Dryness', 'Hyperpigmentation']",good fit,0,3,Description strongly soothing/calming; low irritancy even without direct concern match,0,1,Other
Cabbage Leaf Extract,Dry,"['Dryness', 'Hyperpigmentation']",good fit,0,3,Description strongly soothing/calming; low irritancy even without direct concern match,0,0,Plant Extract
Butyl Methoxydibenzoylmethane,Dry,"['Dryness', 'Hyperpigmentation']",poor fit,2,4,"High combined irritancy score (4): category=UV Filter, sensitivity=2, desc signals=0",2,1,UV Filter
Blue Mallow Extract,Dry,"['Dryness', 'Hyperpigmentation']",good fit,0,3,Description strongly soothing/calming; low irritancy even without direct concern match,0,0,Plant Extract
Blue Lotus Extract,Dry,"['Dryness', 'Hyperpigmentation']",good fit,0,3,Description strongly soothing/calming; low irritancy even without direct concern match,0,0,Plant Extract
Blueberry Extract,Dry,"['Dryness', 'Hyperpigmentation']",good fit,0,3,Description strongly soothing/calming; low irritancy even without direct concern match,0,0,Plant Extract
Bilberry Extract,Dry,"['Dryness', 'Hyperpigmentation']",good fit,0,3,Description strongly soothing/calming; low irritancy even without direct concern match,0,1,Plant Extract
Bis-Ethylhexyloxyphenol Methoxyphenyl Triazine,Dry,"['Dryness', 'Hyperpigmentation']",poor fit,2,4,"High combined irritancy score (5): category=UV Filter, sensitivity=2, desc signals=1",2,1,UV Filter
Bisabolol,Dry,"['Dryness', 'Hyperpigmentation']",good fit,0,4,Directly addresses 1 concern(s) and description confirms soothing profile,0,5,Other
Bio-Active Glucosides,Dry,"['Dryness', 'Hyperpigmentation']",good fit,0,3,Description strongly soothing/calming; low irritancy even without direct concern match,0,1,Other
Chondrus Crispus,Dry,"['Dryness', 'Hyperpigmentation']",good fit,0,3,Addresses 1 concern(s); low irritancy,0,3,Other
Cholesterol,Dry,"['Dryness', 'Hyperpigmentation']",possible irritation,1,3,Moderate irritancy (2) — possible irritation for Dry skin,0,3,Other
Chlorophyll,Dry,"['Dryness', 'Hyperpigmentation']",good fit,0,3,Description strongly soothing/calming; low irritancy even without direct concern match,0,0,Other
Chlorella Vulgaris Extract,Dry,"['Dryness', 'Hyperpigmentation']",good fit,0,3,Addresses 1 concern(s); low irritancy,0,3,Plant Extract
Chamomile Extract,Dry,"['Dryness', 'Hyperpigmentation']",good fit,0,3,Description strongly soothing/calming; low irritancy even without direct concern match,0,2,Plant Extract
Chlorella Protothecoides Oil,Dry,"['Dryness', 'Hyperpigmentation']",good fit,0,3,Addresses 1 concern(s); low irritancy,0,3,Lipid/Oil
Ceramides,Dry,"['Dryness', 'Hyperpigmentation']",good fit,0,4,Directly addresses 1 concern(s) and description confirms soothing profile,0,5,Ceramide
Chlorella Protothecoides,Dry,"['Dryness', 'Hyperpigmentation']",good fit,0,3,Addresses 1 concern(s); low irritancy,0,3,Other
Chemical UV Filters,Dry,"['Dryness', 'Hyperpigmentation']",possible irritation,1,3,Moderate irritancy (3) — possible irritation for Dry skin,1,1,UV Filter
Caprooyl Sphingosine,Dry,"['Dryness', 'Hyperpigmentation']",good fit,0,3,Moderate irritancy (2) — possible irritation for Dry skin [label adjusted for expert variance],0,4,Ceramide
Centella Asiatica,Dry,"['Dryness', 'Hyperpigmentation']",good fit,0,4,Directly addresses 2 concern(s) and description confirms soothing profile,0,5,Other
Carnosine,Dry,"['Dryness', 'Hyperpigmentation']",good fit,0,2,Gentle ingredient with no concern match; neutral fit,0,1,Other
Caprooyl Phytosphingosine,Dry,"['Dryness', 'Hyperpigmentation']",good fit,0,3,Moderate irritancy (2) — possible irritation for Dry skin [label adjusted for expert variance],0,4,Ceramide
Ectoin,Dry,"['Dryness', 'Hyperpigmentation']",good fit,0,4,Directly addresses 1 concern(s) and description confirms soothing profile,0,2,Other
Dunaliella Salina (Green Algae) Extract,Dry,"['Dryness', 'Hyperpigmentation']",good fit,0,4,Directly addresses 1 concern(s) and description confirms soothing profile,0,3,Marine/Algae
Dioic Acid,Dry,"['Dryness', 'Hyperpigmentation']",good fit,0,4,Directly addresses 1 concern(s) and description confirms soothing profile,0,3,Other
Cucumber Extract,Dry,"['Dryness', 'Hyperpigmentation']",good fit,0,3,Description strongly soothing/calming; low irritancy even without direct concern match,0,0,Plant Extract
Dipeptide Diaminobutyroyl Benzylamide Diacetate,Dry,"['Dryness', 'Hyperpigmentation']",good fit,0,2,Gentle ingredient with no concern match; neutral fit,0,3,Peptide
Dipeptide,Dry,"['Dryness', 'Hyperpigmentation']",good fit,0,2,Gentle ingredient with no concern match; neutral fit,0,3,Peptide
Copper Peptide,Dry,"['Dryness', 'Hyperpigmentation']",good fit,0,2,Gentle ingredient with no concern match; neutral fit,0,3,Peptide
Copper Palmitoyl Heptapeptide,Dry,"['Dryness', 'Hyperpigmentation']",good fit,0,2,Gentle ingredient with no concern match; neutral fit,0,3,Peptide
Copper Heptapeptide-14 Pantothenate,Dry,"['Dryness', 'Hyperpigmentation']",possible irritation,1,2,Gentle ingredient with no concern match; neutral fit [label adjusted for expert variance],0,3,Peptide
Coffee Seed Extract,Dry,"['Dryness', 'Hyperpigmentation']",good fit,0,3,Description strongly soothing/calming; low irritancy even without direct concern match,0,1,Plant Extract
Citric Acid,Dry,"['Dryness', 'Hyperpigmentation']",possible irritation,1,3,Moderate irritancy (3) — possible irritation for Dry skin,0,4,AHA
Cinnamon Bark,Dry,"['Dryness', 'Hyperpigmentation']",good fit,0,2,Gentle ingredient with no concern match; neutral fit,0,1,Other
Fomes Ofﬁcinalis (Mushroom) Extract,Dry,"['Dryness', 'Hyperpigmentation']",good fit,0,2,Gentle ingredient with no concern match; neutral fit,0,3,Plant Extract
Ginkgo Biloba,Dry,"['Dryness', 'Hyperpigmentation']",good fit,0,3,Description strongly soothing/calming; low irritancy even without direct concern match,0,1,Other
Fructooligosaccharides,Dry,"['Dryness', 'Hyperpigmentation']",good fit,0,3,Description strongly soothing/calming; low irritancy even without direct concern match,0,3,Other
Feverfew Extract,Dry,"['Dryness', 'Hyperpigmentation']",possible irritation,1,3,Description strongly soothing/calming; low irritancy even without direct concern match [label adjusted for expert variance],0,1,Plant Extract
Ferulic Acid,Dry,"['Dryness', 'Hyperpigmentation']",possible irritation,1,2,Gentle ingredient with no concern match; neutral fit [label adjusted for expert variance],0,0,Vitamin
Ethylhexyl Triazone,Dry,"['Dryness', 'Hyperpigmentation']",poor fit,2,4,"High combined irritancy score (4): category=UV Filter, sensitivity=2, desc signals=0",2,1,UV Filter
Ferric Hexapeptide,Dry,"['Dryness', 'Hyperpigmentation']",good fit,0,2,Gentle ingredient with no concern match; neutral fit,0,3,Peptide
Fernblock,Dry,"['Dryness', 'Hyperpigmentation']",good fit,0,2,Gentle ingredient with no concern match; neutral fit,0,0,Other
Evening Primrose Oil,Dry,"['Dryness', 'Hyperpigmentation']",good fit,0,4,Directly addresses 1 concern(s) and description confirms soothing profile,0,2,Lipid/Oil
Essential Lipids,Dry,"['Dryness', 'Hyperpigmentation']",possible irritation,1,3,Moderate irritancy (2) — possible irritation for Dry skin,0,5,Other
Endothelyol,Dry,"['Dryness', 'Hyperpigmentation']",good fit,0,3,Description strongly soothing/calming; low irritancy even without direct concern match,0,1,Other
Ethylhexyl Salicylate,Dry,"['Dryness', 'Hyperpigmentation']",possible irritation,1,3,Moderate irritancy (2) — possible irritation for Dry skin,2,1,Other
Ethyl Ascorbic Acid,Dry,"['Dryness', 'Hyperpigmentation']",possible irritation,1,3,Moderate irritancy (2) — possible irritation for Dry skin,1,4,Vitamin C
Green Tea,Dry,"['Dryness', 'Hyperpigmentation']",good fit,0,3,Description strongly soothing/calming; low irritancy even without direct concern match,0,2,Other
Glycosphingolipids,Dry,"['Dryness', 'Hyperpigmentation']",possible irritation,1,3,Moderate irritancy (2) — possible irritation for Dry skin,0,4,Ceramide
Glycoproteins,Dry,"['Dryness', 'Hyperpigmentation']",possible irritation,1,3,Moderate irritancy (2) — possible irritation for Dry skin,0,4,Other
Glycolipids,Dry,"['Dryness', 'Hyperpigmentation']",possible irritation,1,3,Moderate irritancy (2) — possible irritation for Dry skin,0,2,Other
Golden-Eye Grass Complex,Dry,"['Dryness', 'Hyperpigmentation']",good fit,0,2,Gentle ingredient with no concern match; neutral fit,0,1,Other
Glycolic Acid,Dry,"['Dryness', 'Hyperpigmentation']",poor fit,2,4,"High combined irritancy score (6): category=AHA, sensitivity=2, desc signals=2",2,8,AHA
Glycine,Dry,"['Dryness', 'Hyperpigmentation']",good fit,0,3,Addresses 1 concern(s); low irritancy,0,5,Amino Acid
Glyceryl Glucoside,Dry,"['Dryness', 'Hyperpigmentation']",good fit,0,3,Addresses 1 concern(s); low irritancy,0,4,Other
Gluconolactone,Dry,"['Dryness', 'Hyperpigmentation']",good fit,0,4,Directly addresses 3 concern(s) and description confirms soothing profile,0,9,Other
EGCG,Dry,"['Dryness', 'Hyperpigmentation']",good fit,0,3,Description strongly soothing/calming; low irritancy even without direct concern match,0,1,Other
Indian Gooseberry,Dry,"['Dryness', 'Hyperpigmentation']",possible irritation,1,2,Gentle ingredient with no concern match; neutral fit [label adjusted for expert variance],0,1,Other
Hydroxypinacolone Retinoate,Dry,"['Dryness', 'Hyperpigmentation']",poor fit,2,4,"High combined irritancy score (6): category=Retinoid, sensitivity=3, desc signals=0",3,9,Retinoid
Hydrolyzed Pumpkin Seedcake,Dry,"['Dryness', 'Hyperpigmentation']",good fit,0,3,Addresses 1 concern(s); low irritancy,0,6,Other
Hydrolyzed F-Fucoidan,Dry,"['Dryness', 'Hyperpigmentation']",good fit,0,3,Addresses 1 concern(s); low irritancy,0,3,Marine/Algae
Homosalate,Dry,"['Dryness', 'Hyperpigmentation']",poor fit,2,4,"High combined irritancy score (4): category=UV Filter, sensitivity=2, desc signals=0",2,1,UV Filter
Humectants,Dry,"['Dryness', 'Hyperpigmentation']",good fit,0,3,Addresses 1 concern(s); low irritancy,0,5,Humectant
Hibiscus Fruit Extract,Dry,"['Dryness', 'Hyperpigmentation']",good fit,0,2,Gentle ingredient with no concern match; neutral fit,0,0,Plant Extract
Horse Chestnut,Dry,"['Dryness', 'Hyperpigmentation']",good fit,0,3,Description strongly soothing/calming; low irritancy even without direct concern match,0,1,Other
Heptapeptide-15 Palmitate,Dry,"['Dryness', 'Hyperpigmentation']",good fit,0,2,Gentle ingredient with no concern match; neutral fit,0,3,Peptide
Guarana Extract,Dry,"['Dryness', 'Hyperpigmentation']",good fit,0,2,Gentle ingredient with no concern match; neutral fit,0,0,Plant Extract
Histidine,Dry,"['Dryness', 'Hyperpigmentation']",good fit,0,3,Addresses 1 concern(s); low irritancy,0,4,Amino Acid
Lecithin,Dry,"['Dryness', 'Hyperpigmentation']",poor fit,2,3,Moderate irritancy (3) — possible irritation for Dry skin [label adjusted for expert variance],0,4,Lipid/Oil
L-Carnitine,Dry,"['Dryness', 'Hyperpigmentation']",good fit,0,3,Description strongly soothing/calming; low irritancy even without direct concern match,0,3,Other
Lactobionic Acid,Dry,"['Dryness', 'Hyperpigmentation']",good fit,0,4,Directly addresses 3 concern(s) and description confirms soothing profile,0,9,Other
L-Ascorbic Acid,Dry,"['Dryness', 'Hyperpigmentation']",poor fit,2,5,Directly flagged in avoid list for Dry skin and high irritancy (7),3,5,Vitamin C
Laminaria Ochroleuca (Kelp) Extract,Dry,"['Dryness', 'Hyperpigmentation']",good fit,0,4,Directly addresses 1 concern(s) and description confirms soothing profile,0,3,Marine/Algae
Lactococcus Ferment Lysate,Dry,"['Dryness', 'Hyperpigmentation']",good fit,0,3,Description strongly soothing/calming; low irritancy even without direct concern match,0,3,Probiotic/Ferment
Lactic Acid,Dry,"['Dryness', 'Hyperpigmentation']",poor fit,2,4,"High combined irritancy score (4): category=AHA, sensitivity=2, desc signals=0",2,8,AHA
Lactobacillus Ferment,Dry,"['Dryness', 'Hyperpigmentation']",good fit,0,3,Description strongly soothing/calming; low irritancy even without direct concern match [label adjusted for expert variance],0,3,Probiotic/Ferment
Lactobacillus Extract Filtrate,Dry,"['Dryness', 'Hyperpigmentation']",good fit,0,3,Description strongly soothing/calming; low irritancy even without direct concern match,0,3,Probiotic/Ferment
Jojoba Oil,Dry,"['Dryness', 'Hyperpigmentation']",possible irritation,1,3,Moderate irritancy (2) — possible irritation for Dry skin,0,4,Lipid/Oil
Kola Seed Extract,Dry,"['Dryness', 'Hyperpigmentation']",good fit,0,2,Gentle ingredient with no concern match; neutral fit,0,0,Plant Extract
Jeju Green Tea Water,Dry,"['Dryness', 'Hyperpigmentation']",good fit,0,4,Directly addresses 1 concern(s) and description confirms soothing profile,0,3,Plant Extract
Kojic Acid,Dry,"['Dryness', 'Hyperpigmentation']",good fit,0,3,Addresses 2 concern(s); low irritancy,0,3,Other
Isoleucine,Dry,"['Dryness', 'Hyperpigmentation']",good fit,0,3,Addresses 1 concern(s); low irritancy,0,2,Amino Acid
Jojoba Beads,Dry,"['Dryness', 'Hyperpigmentation']",good fit,0,2,Gentle ingredient with no concern match; neutral fit,0,2,Other
Macrocystis Pyrifera (Kelp) Extract,Dry,"['Dryness', 'Hyperpigmentation']",good fit,0,4,Directly addresses 1 concern(s) and description confirms soothing profile,0,3,Marine/Algae
Magnesium Sulfate,Dry,"['Dryness', 'Hyperpigmentation']",good fit,0,3,Description strongly soothing/calming; low irritancy even without direct concern match,0,1,Mineral
Magnesium Ascorbyl Phosphate,Dry,"['Dryness', 'Hyperpigmentation']",poor fit,2,4,"High combined irritancy score (5): category=Vitamin C, sensitivity=1, desc signals=2",1,3,Vitamin C
Lysine,Dry,"['Dryness', 'Hyperpigmentation']",good fit,0,4,Directly addresses 1 concern(s) and description confirms soothing profile,0,6,Amino Acid
Lily Extract,Dry,"['Dryness', 'Hyperpigmentation']",good fit,0,3,Description strongly soothing/calming; low irritancy even without direct concern match,0,0,Plant Extract
Luffa Cylindrica Extract,Dry,"['Dryness', 'Hyperpigmentation']",good fit,0,2,Gentle ingredient with no concern match; neutral fit,0,0,Plant Extract
Linolenic Acid,Dry,"['Dryness', 'Hyperpigmentation']",possible irritation,1,3,Moderate irritancy (2) — possible irritation for Dry skin,0,4,Lipid/Oil
Linoleic Acid,Dry,"['Dryness', 'Hyperpigmentation']",possible irritation,1,3,Moderate irritancy (3) — possible irritation for Dry skin,0,4,Lipid/Oil
Leucine,Dry,"['Dryness', 'Hyperpigmentation']",good fit,0,3,Addresses 1 concern(s); low irritancy,0,6,Amino Acid
Licorice Extract,Dry,"['Dryness', 'Hyperpigmentation']",good fit,0,4,Directly addresses 2 concern(s) and description confirms soothing profile,0,4,Plant Extract
Natural Moisturising Factors,Dry,"['Dryness', 'Hyperpigmentation']",good fit,0,3,Addresses 1 concern(s); low irritancy,0,5,Other
Licochalcone A,Dry,"['Dryness', 'Hyperpigmentation']",good fit,0,3,Description strongly soothing/calming; low irritancy even without direct concern match,0,0,Other
Naringenin Chalcone,Dry,"['Dryness', 'Hyperpigmentation']",good fit,0,3,Description strongly soothing/calming; low irritancy even without direct concern match,0,2,Other
Myristoyl Nonapeptide,Dry,"['Dryness', 'Hyperpigmentation']",good fit,0,2,Gentle ingredient with no concern match; neutral fit,0,3,Peptide
Myristol Pentapeptide,Dry,"['Dryness', 'Hyperpigmentation']",good fit,0,2,Gentle ingredient with no concern match; neutral fit,0,3,Peptide
Milk Thistle Extract,Dry,"['Dryness', 'Hyperpigmentation']",good fit,0,3,Description strongly soothing/calming; low irritancy even without direct concern match,0,2,Plant Extract
Myristol Hexapeptide,Dry,"['Dryness', 'Hyperpigmentation']",good fit,0,2,Gentle ingredient with no concern match; neutral fit,0,3,Peptide
Mushroom Extract,Dry,"['Dryness', 'Hyperpigmentation']",good fit,0,4,Directly addresses 1 concern(s) and description confirms soothing profile,0,1,Plant Extract
Moringa Seed Extract,Dry,"['Dryness', 'Hyperpigmentation']",good fit,0,4,Directly addresses 1 concern(s) and description confirms soothing profile,0,5,Plant Extract
Marshmallow Root,Dry,"['Dryness', 'Hyperpigmentation']",good fit,0,3,Description strongly soothing/calming; low irritancy even without direct concern match,0,1,Other
Mineral UV Filters,Dry,"['Dryness', 'Hyperpigmentation']",possible irritation,1,3,Moderate irritancy (3) — possible irritation for Dry skin,1,1,UV Filter
Meadowfoam Seed Oil,Dry,"['Dryness', 'Hyperpigmentation']",good fit,0,3,Moderate irritancy (2) — possible irritation for Dry skin [label adjusted for expert variance],0,3,Lipid/Oil
Marine Extract,Dry,"['Dryness', 'Hyperpigmentation']",good fit,0,3,Addresses 1 concern(s); low irritancy,0,3,Marine/Algae
Mango Seed Butter,Dry,"['Dryness', 'Hyperpigmentation']",possible irritation,1,3,Moderate irritancy (3) — possible irritation for Dry skin,0,1,Lipid/Oil
Palmitoyl Oligopeptide,Dry,"['Dryness', 'Hyperpigmentation']",good fit,0,2,Gentle ingredient with no concern match; neutral fit,0,3,Peptide
Mandelic Acid,Dry,"['Dryness', 'Hyperpigmentation']",poor fit,2,4,"High combined irritancy score (4): category=AHA, sensitivity=2, desc signals=-1",2,8,AHA
Palmitoyl Nonapeptide,Dry,"['Dryness', 'Hyperpigmentation']",good fit,0,2,Gentle ingredient with no concern match; neutral fit,0,3,Peptide
Palmitoyl Pentapeptide,Dry,"['Dryness', 'Hyperpigmentation']",good fit,0,2,Gentle ingredient with no concern match; neutral fit [label adjusted for expert variance],0,3,Peptide
Palmitoyl Glycine,Dry,"['Dryness', 'Hyperpigmentation']",good fit,0,3,Description strongly soothing/calming; low irritancy even without direct concern match,0,3,Amino Acid
Palmitoyl Heptapeptide,Dry,"['Dryness', 'Hyperpigmentation']",good fit,0,2,Gentle ingredient with no concern match; neutral fit,0,3,Peptide
Octocrylene,Dry,"['Dryness', 'Hyperpigmentation']",possible irritation,1,3,Moderate irritancy (2) — possible irritation for Dry skin,2,1,Other
Palmitoyl Decapeptide,Dry,"['Dryness', 'Hyperpigmentation']",good fit,0,2,Gentle ingredient with no concern match; neutral fit,0,3,Peptide
Oligopeptide,Dry,"['Dryness', 'Hyperpigmentation']",good fit,0,2,Gentle ingredient with no concern match; neutral fit,0,3,Peptide
Padina Pavonica Thallus Extract,Dry,"['Dryness', 'Hyperpigmentation']",good fit,0,3,Addresses 1 concern(s); low irritancy,0,3,Plant Extract
Oat Extract,Dry,"['Dryness', 'Hyperpigmentation']",good fit,0,4,Directly addresses 1 concern(s) and description confirms soothing profile,0,4,Plant Extract
Octisalate,Dry,"['Dryness', 'Hyperpigmentation']",poor fit,2,4,"High combined irritancy score (4): category=UV Filter, sensitivity=2, desc signals=0",2,1,UV Filter
Octinoxate,Dry,"['Dryness', 'Hyperpigmentation']",poor fit,2,4,"High combined irritancy score (4): category=UV Filter, sensitivity=2, desc signals=0",2,1,UV Filter
Polyhydroxy Acids,Dry,"['Dryness', 'Hyperpigmentation']",good fit,0,4,Directly addresses 3 concern(s) and description confirms soothing profile,0,9,Other
Porphyridium Cruentum Extract,Dry,"['Dryness', 'Hyperpigmentation']",good fit,0,4,Directly addresses 1 concern(s) and description confirms soothing profile,0,3,Plant Extract
Polyporus Umbellatus (Mushroom) Extract,Dry,"['Dryness', 'Hyperpigmentation']",good fit,0,3,Addresses 1 concern(s); low irritancy,0,2,Plant Extract
Phytic Acid,Dry,"['Dryness', 'Hyperpigmentation']",good fit,0,2,Gentle ingredient with no concern match; neutral fit,0,3,Other
Plankton Extract,Dry,"['Dryness', 'Hyperpigmentation']",good fit,0,4,Directly addresses 1 concern(s) and description confirms soothing profile,0,3,Marine/Algae
Perfluorodecalin,Dry,"['Dryness', 'Hyperpigmentation']",good fit,0,2,Gentle ingredient with no concern match; neutral fit,0,4,Other
Phytosphingosine,Dry,"['Dryness', 'Hyperpigmentation']",poor fit,2,3,Moderate irritancy (2) — possible irritation for Dry skin [label adjusted for expert variance],0,4,Ceramide
Phospholipids,Dry,"['Dryness', 'Hyperpigmentation']",poor fit,2,3,Moderate irritancy (3) — possible irritation for Dry skin [label adjusted for expert variance],0,4,Lipid/Oil
Palmitoyl  Tripeptide-1,Dry,"['Dryness', 'Hyperpigmentation']",good fit,0,2,Gentle ingredient with no concern match; neutral fit,0,3,Peptide
Pentapeptide,Dry,"['Dryness', 'Hyperpigmentation']",possible irritation,1,2,Gentle ingredient with no concern match; neutral fit [label adjusted for expert variance],0,3,Peptide
Palmitoyl Tetrapeptide,Dry,"['Dryness', 'Hyperpigmentation']",good fit,0,2,Gentle ingredient with no concern match; neutral fit,0,3,Peptide
Parachlorella Beijerinckii Exopolysaccharides,Dry,"['Dryness', 'Hyperpigmentation']",good fit,0,3,Addresses 1 concern(s); low irritancy,0,3,Other
Retinyl Retinoate,Dry,"['Dryness', 'Hyperpigmentation']",poor fit,2,4,"High combined irritancy score (7): category=Retinoid, sensitivity=3, desc signals=1",3,9,Retinoid
Palmitoyl Tripeptide,Dry,"['Dryness', 'Hyperpigmentation']",good fit,0,2,Gentle ingredient with no concern match; neutral fit,0,3,Peptide
Neurophroline,Dry,"['Dryness', 'Hyperpigmentation']",good fit,0,4,Directly addresses 1 concern(s) and description confirms soothing profile,0,5,Other
Retinyl Propionate,Dry,"['Dryness', 'Hyperpigmentation']",poor fit,2,4,"High combined irritancy score (6): category=Retinoid, sensitivity=3, desc signals=0",3,7,Retinoid
Retinyl Palmitate,Dry,"['Dryness', 'Hyperpigmentation']",poor fit,2,4,"High combined irritancy score (5): category=Retinoid, sensitivity=2, desc signals=0",2,1,Retinoid
Retinol,Dry,"['Dryness', 'Hyperpigmentation']",poor fit,2,4,"High combined irritancy score (6): category=Retinoid, sensitivity=3, desc signals=0",3,9,Retinoid
Resveratrol,Dry,"['Dryness', 'Hyperpigmentation']",good fit,0,3,Description strongly soothing/calming; low irritancy even without direct concern match,0,3,Other
Red Algae,Dry,"['Dryness', 'Hyperpigmentation']",good fit,0,4,Directly addresses 1 concern(s) and description confirms soothing profile,0,3,Marine/Algae
Quercetin,Dry,"['Dryness', 'Hyperpigmentation']",good fit,0,4,Directly addresses 1 concern(s) and description confirms soothing profile,0,3,Other
Pseudoalteromonas Exopolysaccharides,Dry,"['Dryness', 'Hyperpigmentation']",good fit,0,3,Addresses 1 concern(s); low irritancy,0,3,Other
Proline,Dry,"['Dryness', 'Hyperpigmentation']",good fit,0,3,Addresses 1 concern(s); low irritancy,0,5,Amino Acid
Potassium Azeloyl Diglycinate,Dry,"['Dryness', 'Hyperpigmentation']",good fit,0,4,Directly addresses 2 concern(s) and description confirms soothing profile,1,7,Other
Probiotics,Dry,"['Dryness', 'Hyperpigmentation']",good fit,0,3,Description strongly soothing/calming; low irritancy even without direct concern match,0,3,Probiotic/Ferment
Prickly Pear Extract,Dry,"['Dryness', 'Hyperpigmentation']",good fit,0,3,Description strongly soothing/calming; low irritancy even without direct concern match,0,1,Plant Extract
Snow Mushroom Extract,Dry,"['Dryness', 'Hyperpigmentation']",good fit,0,4,Directly addresses 1 concern(s) and description confirms soothing profile,0,4,Plant Extract
Prebiotics,Dry,"['Dryness', 'Hyperpigmentation']",good fit,0,3,Description strongly soothing/calming; low irritancy even without direct concern match,0,3,Probiotic/Ferment
Shea Butter,Dry,"['Dryness', 'Hyperpigmentation']",poor fit,2,4,"High combined irritancy score (6): category=Lipid/Oil, sensitivity=2, desc signals=2",2,4,Lipid/Oil
Sesame Seed Oil,Dry,"['Dryness', 'Hyperpigmentation']",possible irritation,1,3,Moderate irritancy (2) — possible irritation for Dry skin,0,1,Lipid/Oil
Silk Protein,Dry,"['Dryness', 'Hyperpigmentation']",good fit,0,3,Addresses 1 concern(s); low irritancy,1,1,Other
Sh-Oligopeptide,Dry,"['Dryness', 'Hyperpigmentation']",good fit,0,2,Gentle ingredient with no concern match; neutral fit,0,3,Peptide
Serine,Dry,"['Dryness', 'Hyperpigmentation']",good fit,0,3,Addresses 1 concern(s); low irritancy,0,2,Amino Acid
Sea Buckthorn Water,Dry,"['Dryness', 'Hyperpigmentation']",good fit,0,2,Gentle ingredient with no concern match; neutral fit,0,1,Plant Extract
Saskatoon Berry,Dry,"['Dryness', 'Hyperpigmentation']",possible irritation,1,2,Gentle ingredient with no concern match; neutral fit [label adjusted for expert variance],0,0,Other
Salicylic Acid,Dry,"['Dryness', 'Hyperpigmentation']",poor fit,2,5,Directly flagged in avoid list for Dry skin and high irritancy (6),4,8,BHA
Rosemary Leaf Extract,Dry,"['Dryness', 'Hyperpigmentation']",good fit,0,3,Description strongly soothing/calming; low irritancy even without direct concern match,0,1,Plant Extract
Safflower Seed Oil,Dry,"['Dryness', 'Hyperpigmentation']",poor fit,2,4,"High combined irritancy score (4): category=Lipid/Oil, sensitivity=1, desc signals=1",1,3,Lipid/Oil
Saccharomyces Cerevisiae (Yeast) Extract,Dry,"['Dryness', 'Hyperpigmentation']",good fit,0,3,Description strongly soothing/calming; low irritancy even without direct concern match,0,3,Probiotic/Ferment
Sacred Lotus Flower Extract,Dry,"['Dryness', 'Hyperpigmentation']",good fit,0,3,Addresses 1 concern(s); low irritancy,0,4,Plant Extract
Tasmanian Pepperberry Extract,Dry,"['Dryness', 'Hyperpigmentation']",good fit,0,3,Description strongly soothing/calming; low irritancy even without direct concern match,0,1,Plant Extract
Tartaric Acid,Dry,"['Dryness', 'Hyperpigmentation']",possible irritation,1,3,Moderate irritancy (3) — possible irritation for Dry skin,1,4,AHA
Rhamnose,Dry,"['Dryness', 'Hyperpigmentation']",good fit,0,3,Description strongly soothing/calming; low irritancy even without direct concern match,0,3,Other
Sweet Almond Oil,Dry,"['Dryness', 'Hyperpigmentation']",poor fit,2,3,Moderate irritancy (3) — possible irritation for Dry skin [label adjusted for expert variance],1,2,Lipid/Oil
Symsitive,Dry,"['Dryness', 'Hyperpigmentation']",good fit,0,3,Description strongly soothing/calming; low irritancy even without direct concern match,0,1,Other
Sugar Cane Extract,Dry,"['Dryness', 'Hyperpigmentation']",good fit,0,3,Description strongly soothing/calming; low irritancy even without direct concern match,0,5,Plant Extract
Superoxide Dismutase,Dry,"['Dryness', 'Hyperpigmentation']",good fit,0,3,Description strongly soothing/calming; low irritancy even without direct concern match,0,0,Other
Sunflower Oil,Dry,"['Dryness', 'Hyperpigmentation']",possible irritation,1,3,Moderate irritancy (3) — possible irritation for Dry skin,1,3,Lipid/Oil
Spent Grain Wax,Dry,"['Dryness', 'Hyperpigmentation']",poor fit,2,4,"High combined irritancy score (4): category=Lipid/Oil, sensitivity=0, desc signals=2",0,2,Lipid/Oil
Sulfur,Dry,"['Dryness', 'Hyperpigmentation']",good fit,0,3,Description strongly soothing/calming; low irritancy even without direct concern match,0,2,Mineral
Squalane,Dry,"['Dryness', 'Hyperpigmentation']",possible irritation,1,3,Moderate irritancy (2) — possible irritation for Dry skin,0,4,Lipid/Oil
Urea,Dry,"['Dryness', 'Hyperpigmentation']",good fit,0,3,Addresses 1 concern(s); low irritancy,0,3,Humectant
Sodium Lactate,Dry,"['Dryness', 'Hyperpigmentation']",good fit,0,3,Addresses 1 concern(s); low irritancy,0,2,Humectant
Turmeric Root Extract,Dry,"['Dryness', 'Hyperpigmentation']",good fit,0,3,Description strongly soothing/calming; low irritancy even without direct concern match,0,1,Plant Extract
Valine,Dry,"['Dryness', 'Hyperpigmentation']",good fit,0,3,Addresses 1 concern(s); low irritancy,0,2,Amino Acid
Trehalose,Dry,"['Dryness', 'Hyperpigmentation']",good fit,0,3,Addresses 1 concern(s); low irritancy,0,2,Humectant
Tripleurospermum Maritimum Extract,Dry,"['Dryness', 'Hyperpigmentation']",good fit,0,4,Directly addresses 1 concern(s) and description confirms soothing profile,0,3,Plant Extract
Triazine Diethyl Butamidotriazone,Dry,"['Dryness', 'Hyperpigmentation']",poor fit,2,4,"High combined irritancy score (4): category=UV Filter, sensitivity=2, desc signals=0",2,1,UV Filter
Thiamidol,Dry,"['Dryness', 'Hyperpigmentation']",good fit,0,3,Addresses 2 concern(s); low irritancy,0,2,Other
Tranexamic Acid,Dry,"['Dryness', 'Hyperpigmentation']",good fit,0,3,Addresses 2 concern(s); low irritancy,0,3,Other
Tomato Stem Cells,Dry,"['Dryness', 'Hyperpigmentation']",possible irritation,1,2,Gentle ingredient with no concern match; neutral fit [label adjusted for expert variance],0,3,Plant Extract
Teprenone,Dry,"['Dryness', 'Hyperpigmentation']",good fit,0,3,Addresses 1 concern(s); low irritancy,0,5,Other
Threonine,Dry,"['Dryness', 'Hyperpigmentation']",good fit,0,3,Addresses 1 concern(s); low irritancy,0,2,Amino Acid
Zinc Gluconate,Dry,"['Dryness', 'Hyperpigmentation']",good fit,0,2,Gentle ingredient with no concern match; neutral fit,0,4,Mineral
Tetrahexyldecyl Ascorbate,Dry,"['Dryness', 'Hyperpigmentation']",possible irritation,1,3,Moderate irritancy (2) — possible irritation for Dry skin,1,5,Vitamin C
Zinc,Dry,"['Dryness', 'Hyperpigmentation']",good fit,0,3,Description strongly soothing/calming; low irritancy even without direct concern match,0,4,Mineral
Yerba Mate Extract,Dry,"['Dryness', 'Hyperpigmentation']",good fit,0,3,Description strongly soothing/calming; low irritancy even without direct concern match,0,1,Plant Extract
Yeast Amino Acids,Dry,"['Dryness', 'Hyperpigmentation']",good fit,0,4,Directly addresses 1 concern(s) and description confirms soothing profile,0,1,Probiotic/Ferment
Willow Herb Extract,Dry,"['Dryness', 'Hyperpigmentation']",good fit,0,3,Description strongly soothing/calming; low irritancy even without direct concern match,0,1,Plant Extract
Willow Bark Extract,Dry,"['Dryness', 'Hyperpigmentation']",possible irritation,1,4,Flagged in avoid list for Dry skin; ingredient is relatively mild,2,6,Plant Extract
Wild Cherry Extract,Dry,"['Dryness', 'Hyperpigmentation']",good fit,0,3,Description strongly soothing/calming; low irritancy even without direct concern match,0,1,Plant Extract
White Tea,Dry,"['Dryness', 'Hyperpigmentation']",good fit,0,3,Description strongly soothing/calming; low irritancy even without direct concern match,0,1,Other
Vitamin K1,Dry,"['Dryness', 'Hyperpigmentation']",good fit,0,3,Addresses 1 concern(s); low irritancy,0,1,Vitamin
Vitamin E,Dry,"['Dryness', 'Hyperpigmentation']",good fit,0,3,Addresses 1 concern(s); low irritancy,0,4,Vitamin
Vitamin C,Dry,"['Dryness', 'Hyperpigmentation']",poor fit,2,5,Directly flagged in avoid list for Dry skin and high irritancy (4),3,5,Vitamin C
Vitamin B5,Dry,"['Dryness', 'Hyperpigmentation']",good fit,0,4,Directly addresses 1 concern(s) and description confirms soothing profile,0,5,Vitamin
Vitamin A,Dry,"['Dryness', 'Hyperpigmentation']",poor fit,2,4,"High combined irritancy score (7): category=Retinoid, sensitivity=3, desc signals=1",3,9,Retinoid
Vibrio Alginolyticus Ferment Filtrate,Dry,"['Dryness', 'Hyperpigmentation']",possible irritation,1,3,Addresses 1 concern(s); low irritancy [label adjusted for expert variance],0,3,Probiotic/Ferment
Tea Tree Oil,Dry,"['Dryness', 'Hyperpigmentation']",good fit,0,3,Description strongly soothing/calming; low irritancy even without direct concern match,0,2,Lipid/Oil
Zinc Sulfate,Dry,"['Dryness', 'Hyperpigmentation']",good fit,0,4,Directly addresses 1 concern(s) and description confirms soothing profile,0,1,Mineral
Zinc PCA,Dry,"['Dryness', 'Hyperpigmentation']",good fit,0,2,Gentle ingredient with no concern match; neutral fit,0,5,Mineral
Neoglucosamine,Dry,"['Dryness', 'Hyperpigmentation']",good fit,0,3,Addresses 2 concern(s); low irritancy,1,8,Other
Taurine,Dry,"['Dryness', 'Hyperpigmentation']",good fit,0,3,Addresses 1 concern(s); low irritancy,0,3,Amino Acid
Sodium Ascorbyl Phosphate,Dry,"['Dryness', 'Hyperpigmentation']",possible irritation,1,3,Moderate irritancy (2) — possible irritation for Dry skin,1,5,Vitamin C
Alpha-Glucan Oligosaccharide,Dry,"['Sensitivity', 'Dryness']",good fit,0,3,Description strongly soothing/calming; low irritancy even without direct concern match,0,3,Other
Aloe Vera,Dry,"['Sensitivity', 'Dryness']",good fit,0,4,Directly addresses 2 concern(s) and description confirms soothing profile,0,4,Other
Allantoin,Dry,"['Sensitivity', 'Dryness']",good fit,0,4,Directly addresses 1 concern(s) and description confirms soothing profile,0,3,Other
Algin,Dry,"['Sensitivity', 'Dryness']",good fit,0,4,Directly addresses 1 concern(s) and description confirms soothing profile,0,3,Other
Algae Extract,Dry,"['Sensitivity', 'Dryness']",good fit,0,4,Directly addresses 1 concern(s) and description confirms soothing profile,0,3,Marine/Algae
Algae Exopolysaccharides,Dry,"['Sensitivity', 'Dryness']",good fit,0,3,Addresses 1 concern(s); low irritancy,0,3,Marine/Algae
Alaria Esculenta Extract,Dry,"['Sensitivity', 'Dryness']",good fit,0,4,Directly addresses 1 concern(s) and description confirms soothing profile,0,3,Plant Extract
Alanine,Dry,"['Sensitivity', 'Dryness']",good fit,0,3,Addresses 1 concern(s); low irritancy,0,2,Amino Acid
Ahnfeltia Concinna Extract,Dry,"['Sensitivity', 'Dryness']",good fit,0,4,Directly addresses 1 concern(s) and description confirms soothing profile,0,3,Plant Extract
Adenosine,Dry,"['Sensitivity', 'Dryness']",good fit,0,4,Directly addresses 2 concern(s) and description confirms soothing profile,0,7,Other
Acetyl Tyrosinamide,Dry,"['Sensitivity', 'Dryness']",good fit,0,2,Gentle ingredient with no concern match; neutral fit,0,3,Other
Acetyl Tetrapeptide,Dry,"['Sensitivity', 'Dryness']",good fit,0,2,Gentle ingredient with no concern match; neutral fit,0,3,Peptide
Acetyl Glucosamine,Dry,"['Sensitivity', 'Dryness']",good fit,0,4,Directly addresses 1 concern(s) and description confirms soothing profile,0,7,Other
Acetylarginyltryptophyl Diphenylglycine,Dry,"['Sensitivity', 'Dryness']",possible irritation,1,2,Gentle ingredient with no concern match; neutral fit [label adjusted for expert variance],0,3,Amino Acid
Acai Extract,Dry,"['Sensitivity', 'Dryness']",good fit,0,2,Gentle ingredient with no concern match; neutral fit,0,0,Plant Extract
Ascorbic Acid,Dry,"['Sensitivity', 'Dryness']",poor fit,2,5,Directly flagged in avoid list for Dry skin and high irritancy (7),3,5,Vitamin C
Ascophyllum Nodosum Extract,Dry,"['Sensitivity', 'Dryness']",good fit,0,3,Addresses 1 concern(s); low irritancy,0,3,Plant Extract
Arginine PCA,Dry,"['Sensitivity', 'Dryness']",good fit,0,3,Addresses 1 concern(s); low irritancy,0,2,Amino Acid
Arginine/Lysine Polypeptide,Dry,"['Sensitivity', 'Dryness']",good fit,0,2,Gentle ingredient with no concern match; neutral fit,0,3,Peptide
Arginine HCL,Dry,"['Sensitivity', 'Dryness']",good fit,0,3,Addresses 1 concern(s); low irritancy,0,2,Amino Acid
Arginine,Dry,"['Sensitivity', 'Dryness']",good fit,0,3,Addresses 1 concern(s); low irritancy,0,3,Amino Acid
Argan Oil,Dry,"['Sensitivity', 'Dryness']",possible irritation,1,3,Moderate irritancy (2) — possible irritation for Dry skin,1,3,Lipid/Oil
Arbutin,Dry,"['Sensitivity', 'Dryness']",good fit,0,2,Gentle ingredient with no concern match; neutral fit,1,2,Other
Aquagenium,Dry,"['Sensitivity', 'Dryness']",good fit,0,3,Addresses 1 concern(s); low irritancy,0,2,Other
Apple Stem Cells,Dry,"['Sensitivity', 'Dryness']",good fit,0,2,Gentle ingredient with no concern match; neutral fit,0,3,Plant Extract
Apple Polyphenols,Dry,"['Sensitivity', 'Dryness']",good fit,0,3,Description strongly soothing/calming; low irritancy even without direct concern match,0,0,Other
Apple Extract,Dry,"['Sensitivity', 'Dryness']",good fit,0,2,Gentle ingredient with no concern match; neutral fit,0,0,Plant Extract
Anti-Ageing Peptides,Dry,"['Sensitivity', 'Dryness']",good fit,0,2,Gentle ingredient with no concern match; neutral fit,0,3,Peptide
Amino Acids,Dry,"['Sensitivity', 'Dryness']",good fit,0,3,Addresses 1 concern(s); low irritancy,0,5,Amino Acid
Alteromonas Ferment Extract,Dry,"['Sensitivity', 'Dryness']",good fit,0,4,Directly addresses 1 concern(s) and description confirms soothing profile,0,3,Probiotic/Ferment
Bifida Ferment Lysate,Dry,"['Sensitivity', 'Dryness']",good fit,0,3,Description strongly soothing/calming; low irritancy even without direct concern match,0,3,Probiotic/Ferment
Beta Glucan,Dry,"['Sensitivity', 'Dryness']",good fit,0,4,Directly addresses 2 concern(s) and description confirms soothing profile,0,5,Other
Bakuchiol,Dry,"['Sensitivity', 'Dryness']",good fit,0,2,Gentle ingredient with no concern match; neutral fit,0,3,Other
Azelaoyl Bis-Dipeptide,Dry,"['Sensitivity', 'Dryness']",good fit,0,2,Gentle ingredient with no concern match; neutral fit,1,3,Peptide
Azelaic Acid,Dry,"['Sensitivity', 'Dryness']",good fit,0,3,Description strongly soothing/calming; low irritancy even without direct concern match,1,8,Other
Avocado Oil,Dry,"['Sensitivity', 'Dryness']",possible irritation,1,3,Moderate irritancy (2) — possible irritation for Dry skin,1,3,Lipid/Oil
Avocado Ferment,Dry,"['Sensitivity', 'Dryness']",good fit,0,3,Addresses 1 concern(s); low irritancy,0,3,Probiotic/Ferment
Avene Thermal Water,Dry,"['Sensitivity', 'Dryness']",good fit,0,4,Directly addresses 2 concern(s) and description confirms soothing profile,0,5,Plant Extract
Asparagopsis Armata Extract,Dry,"['Sensitivity', 'Dryness']",good fit,0,4,Directly addresses 1 concern(s) and description confirms soothing profile,0,3,Plant Extract
Ascorbyl Palmitate,Dry,"['Sensitivity', 'Dryness']",possible irritation,1,4,Flagged in avoid list for Dry skin; ingredient is relatively mild,1,1,Vitamin C
Ascorbyl Glucoside,Dry,"['Sensitivity', 'Dryness']",possible irritation,1,4,Flagged in avoid list for Dry skin; ingredient is relatively mild,1,5,Vitamin C
Caffeine,Dry,"['Sensitivity', 'Dryness']",good fit,0,2,Gentle ingredient with no concern match; neutral fit,0,3,Other
Caffeic Acid,Dry,"['Sensitivity', 'Dryness']",good fit,0,3,Description strongly soothing/calming; low irritancy even without direct concern match,0,1,Other
Cabbage Leaf Extract,Dry,"['Sensitivity', 'Dryness']",good fit,0,3,Description strongly soothing/calming; low irritancy even without direct concern match,0,0,Plant Extract
Butyl Methoxydibenzoylmethane,Dry,"['Sensitivity', 'Dryness']",poor fit,2,5,Directly flagged in avoid list for Dry skin and high irritancy (4),2,1,UV Filter
Blue Mallow Extract,Dry,"['Sensitivity', 'Dryness']",good fit,0,3,Description strongly soothing/calming; low irritancy even without direct concern match,0,0,Plant Extract
Blue Lotus Extract,Dry,"['Sensitivity', 'Dryness']",good fit,0,3,Description strongly soothing/calming; low irritancy even without direct concern match,0,0,Plant Extract
Blueberry Extract,Dry,"['Sensitivity', 'Dryness']",good fit,0,3,Description strongly soothing/calming; low irritancy even without direct concern match,0,0,Plant Extract
Bilberry Extract,Dry,"['Sensitivity', 'Dryness']",good fit,0,3,Description strongly soothing/calming; low irritancy even without direct concern match,0,1,Plant Extract
Bis-Ethylhexyloxyphenol Methoxyphenyl Triazine,Dry,"['Sensitivity', 'Dryness']",poor fit,2,5,Directly flagged in avoid list for Dry skin and high irritancy (5),2,1,UV Filter
Bisabolol,Dry,"['Sensitivity', 'Dryness']",good fit,0,4,Directly addresses 2 concern(s) and description confirms soothing profile,0,5,Other
Bio-Active Glucosides,Dry,"['Sensitivity', 'Dryness']",good fit,0,3,Description strongly soothing/calming; low irritancy even without direct concern match,0,1,Other
Chondrus Crispus,Dry,"['Sensitivity', 'Dryness']",good fit,0,3,Addresses 1 concern(s); low irritancy,0,3,Other
Cholesterol,Dry,"['Sensitivity', 'Dryness']",possible irritation,1,3,Moderate irritancy (2) — possible irritation for Dry skin,0,3,Other
Chlorophyll,Dry,"['Sensitivity', 'Dryness']",good fit,0,3,Description strongly soothing/calming; low irritancy even without direct concern match,0,0,Other
Chlorella Vulgaris Extract,Dry,"['Sensitivity', 'Dryness']",good fit,0,3,Addresses 1 concern(s); low irritancy,0,3,Plant Extract
Chamomile Extract,Dry,"['Sensitivity', 'Dryness']",good fit,0,4,Directly addresses 1 concern(s) and description confirms soothing profile,0,2,Plant Extract
Chlorella Protothecoides Oil,Dry,"['Sensitivity', 'Dryness']",good fit,0,3,Addresses 1 concern(s); low irritancy,0,3,Lipid/Oil
Ceramides,Dry,"['Sensitivity', 'Dryness']",good fit,0,4,Directly addresses 2 concern(s) and description confirms soothing profile,0,5,Ceramide
Chlorella Protothecoides,Dry,"['Sensitivity', 'Dryness']",good fit,0,3,Addresses 1 concern(s); low irritancy,0,3,Other
Chemical UV Filters,Dry,"['Sensitivity', 'Dryness']",possible irritation,1,3,Moderate irritancy (3) — possible irritation for Dry skin,1,1,UV Filter
Caprooyl Sphingosine,Dry,"['Sensitivity', 'Dryness']",possible irritation,1,3,Moderate irritancy (2) — possible irritation for Dry skin,0,4,Ceramide
Centella Asiatica,Dry,"['Sensitivity', 'Dryness']",good fit,0,4,Directly addresses 2 concern(s) and description confirms soothing profile,0,5,Other
Carnosine,Dry,"['Sensitivity', 'Dryness']",good fit,0,2,Gentle ingredient with no concern match; neutral fit,0,1,Other
Caprooyl Phytosphingosine,Dry,"['Sensitivity', 'Dryness']",possible irritation,1,3,Moderate irritancy (2) — possible irritation for Dry skin,0,4,Ceramide
Ectoin,Dry,"['Sensitivity', 'Dryness']",good fit,0,4,Directly addresses 2 concern(s) and description confirms soothing profile,0,2,Other
Dunaliella Salina (Green Algae) Extract,Dry,"['Sensitivity', 'Dryness']",good fit,0,4,Directly addresses 1 concern(s) and description confirms soothing profile,0,3,Marine/Algae
Dioic Acid,Dry,"['Sensitivity', 'Dryness']",good fit,0,3,Description strongly soothing/calming; low irritancy even without direct concern match,0,3,Other
Cucumber Extract,Dry,"['Sensitivity', 'Dryness']",good fit,0,3,Description strongly soothing/calming; low irritancy even without direct concern match,0,0,Plant Extract
Dipeptide Diaminobutyroyl Benzylamide Diacetate,Dry,"['Sensitivity', 'Dryness']",good fit,0,2,Gentle ingredient with no concern match; neutral fit,0,3,Peptide
Dipeptide,Dry,"['Sensitivity', 'Dryness']",good fit,0,2,Gentle ingredient with no concern match; neutral fit,0,3,Peptide
Copper Peptide,Dry,"['Sensitivity', 'Dryness']",good fit,0,2,Gentle ingredient with no concern match; neutral fit,0,3,Peptide
Copper Palmitoyl Heptapeptide,Dry,"['Sensitivity', 'Dryness']",good fit,0,2,Gentle ingredient with no concern match; neutral fit,0,3,Peptide
Copper Heptapeptide-14 Pantothenate,Dry,"['Sensitivity', 'Dryness']",possible irritation,1,2,Gentle ingredient with no concern match; neutral fit [label adjusted for expert variance],0,3,Peptide
Coffee Seed Extract,Dry,"['Sensitivity', 'Dryness']",good fit,0,3,Description strongly soothing/calming; low irritancy even without direct concern match,0,1,Plant Extract
Citric Acid,Dry,"['Sensitivity', 'Dryness']",possible irritation,1,3,Moderate irritancy (3) — possible irritation for Dry skin,0,4,AHA
Cinnamon Bark,Dry,"['Sensitivity', 'Dryness']",good fit,0,2,Gentle ingredient with no concern match; neutral fit,0,1,Other
Fomes Ofﬁcinalis (Mushroom) Extract,Dry,"['Sensitivity', 'Dryness']",good fit,0,2,Gentle ingredient with no concern match; neutral fit,0,3,Plant Extract
Ginkgo Biloba,Dry,"['Sensitivity', 'Dryness']",good fit,0,3,Description strongly soothing/calming; low irritancy even without direct concern match,0,1,Other
Fructooligosaccharides,Dry,"['Sensitivity', 'Dryness']",possible irritation,1,3,Description strongly soothing/calming; low irritancy even without direct concern match [label adjusted for expert variance],0,3,Other
Feverfew Extract,Dry,"['Sensitivity', 'Dryness']",good fit,0,3,Description strongly soothing/calming; low irritancy even without direct concern match,0,1,Plant Extract
Ferulic Acid,Dry,"['Sensitivity', 'Dryness']",good fit,0,2,Gentle ingredient with no concern match; neutral fit,0,0,Vitamin
Ethylhexyl Triazone,Dry,"['Sensitivity', 'Dryness']",poor fit,2,5,Directly flagged in avoid list for Dry skin and high irritancy (4),2,1,UV Filter
Ferric Hexapeptide,Dry,"['Sensitivity', 'Dryness']",good fit,0,2,Gentle ingredient with no concern match; neutral fit,0,3,Peptide
Fernblock,Dry,"['Sensitivity', 'Dryness']",good fit,0,2,Gentle ingredient with no concern match; neutral fit,0,0,Other
Evening Primrose Oil,Dry,"['Sensitivity', 'Dryness']",good fit,0,4,Directly addresses 2 concern(s) and description confirms soothing profile,0,2,Lipid/Oil
Essential Lipids,Dry,"['Sensitivity', 'Dryness']",possible irritation,1,3,Moderate irritancy (2) — possible irritation for Dry skin,0,5,Other
Endothelyol,Dry,"['Sensitivity', 'Dryness']",good fit,0,3,Description strongly soothing/calming; low irritancy even without direct concern match,0,1,Other
Ethylhexyl Salicylate,Dry,"['Sensitivity', 'Dryness']",possible irritation,1,4,Flagged in avoid list for Dry skin; ingredient is relatively mild,2,1,Other
Ethyl Ascorbic Acid,Dry,"['Sensitivity', 'Dryness']",possible irritation,1,4,Flagged in avoid list for Dry skin; ingredient is relatively mild,1,4,Vitamin C
Green Tea,Dry,"['Sensitivity', 'Dryness']",good fit,0,3,Description strongly soothing/calming; low irritancy even without direct concern match,0,2,Other
Glycosphingolipids,Dry,"['Sensitivity', 'Dryness']",possible irritation,1,3,Moderate irritancy (2) — possible irritation for Dry skin,0,4,Ceramide
Glycoproteins,Dry,"['Sensitivity', 'Dryness']",possible irritation,1,3,Moderate irritancy (2) — possible irritation for Dry skin,0,4,Other
Glycolipids,Dry,"['Sensitivity', 'Dryness']",possible irritation,1,3,Moderate irritancy (2) — possible irritation for Dry skin,0,2,Other
Golden-Eye Grass Complex,Dry,"['Sensitivity', 'Dryness']",good fit,0,2,Gentle ingredient with no concern match; neutral fit,0,1,Other
Glycolic Acid,Dry,"['Sensitivity', 'Dryness']",poor fit,2,5,Directly flagged in avoid list for Dry skin and high irritancy (6),2,8,AHA
Glycine,Dry,"['Sensitivity', 'Dryness']",good fit,0,3,Addresses 1 concern(s); low irritancy,0,5,Amino Acid
Glyceryl Glucoside,Dry,"['Sensitivity', 'Dryness']",good fit,0,3,Addresses 2 concern(s); low irritancy,0,4,Other
Gluconolactone,Dry,"['Sensitivity', 'Dryness']",good fit,0,4,Directly addresses 1 concern(s) and description confirms soothing profile,0,9,Other
EGCG,Dry,"['Sensitivity', 'Dryness']",good fit,0,3,Description strongly soothing/calming; low irritancy even without direct concern match,0,1,Other
Indian Gooseberry,Dry,"['Sensitivity', 'Dryness']",good fit,0,2,Gentle ingredient with no concern match; neutral fit,0,1,Other
Hydroxypinacolone Retinoate,Dry,"['Sensitivity', 'Dryness']",poor fit,2,5,Directly flagged in avoid list for Dry skin and high irritancy (6),3,9,Retinoid
Hydrolyzed Pumpkin Seedcake,Dry,"['Sensitivity', 'Dryness']",good fit,0,3,Addresses 2 concern(s); low irritancy,0,6,Other
Hydrolyzed F-Fucoidan,Dry,"['Sensitivity', 'Dryness']",good fit,0,3,Addresses 1 concern(s); low irritancy,0,3,Marine/Algae
Homosalate,Dry,"['Sensitivity', 'Dryness']",poor fit,2,5,Directly flagged in avoid list for Dry skin and high irritancy (4),2,1,UV Filter
Humectants,Dry,"['Sensitivity', 'Dryness']",good fit,0,3,Addresses 2 concern(s); low irritancy,0,5,Humectant
Hibiscus Fruit Extract,Dry,"['Sensitivity', 'Dryness']",good fit,0,2,Gentle ingredient with no concern match; neutral fit,0,0,Plant Extract
Horse Chestnut,Dry,"['Sensitivity', 'Dryness']",good fit,0,3,Description strongly soothing/calming; low irritancy even without direct concern match,0,1,Other
Heptapeptide-15 Palmitate,Dry,"['Sensitivity', 'Dryness']",good fit,0,2,Gentle ingredient with no concern match; neutral fit,0,3,Peptide
Guarana Extract,Dry,"['Sensitivity', 'Dryness']",good fit,0,2,Gentle ingredient with no concern match; neutral fit,0,0,Plant Extract
Histidine,Dry,"['Sensitivity', 'Dryness']",good fit,0,3,Addresses 2 concern(s); low irritancy,0,4,Amino Acid
Lecithin,Dry,"['Sensitivity', 'Dryness']",possible irritation,1,3,Moderate irritancy (3) — possible irritation for Dry skin,0,4,Lipid/Oil
L-Carnitine,Dry,"['Sensitivity', 'Dryness']",good fit,0,3,Description strongly soothing/calming; low irritancy even without direct concern match,0,3,Other
Lactobionic Acid,Dry,"['Sensitivity', 'Dryness']",good fit,0,4,Directly addresses 1 concern(s) and description confirms soothing profile,0,9,Other
L-Ascorbic Acid,Dry,"['Sensitivity', 'Dryness']",poor fit,2,5,Directly flagged in avoid list for Dry skin and high irritancy (7),3,5,Vitamin C
Laminaria Ochroleuca (Kelp) Extract,Dry,"['Sensitivity', 'Dryness']",good fit,0,4,Directly addresses 1 concern(s) and description confirms soothing profile,0,3,Marine/Algae
Lactococcus Ferment Lysate,Dry,"['Sensitivity', 'Dryness']",good fit,0,3,Description strongly soothing/calming; low irritancy even without direct concern match,0,3,Probiotic/Ferment
Lactic Acid,Dry,"['Sensitivity', 'Dryness']",poor fit,2,5,Directly flagged in avoid list for Dry skin and high irritancy (4),2,8,AHA
Lactobacillus Ferment,Dry,"['Sensitivity', 'Dryness']",good fit,0,3,Description strongly soothing/calming; low irritancy even without direct concern match,0,3,Probiotic/Ferment
Lactobacillus Extract Filtrate,Dry,"['Sensitivity', 'Dryness']",good fit,0,3,Description strongly soothing/calming; low irritancy even without direct concern match,0,3,Probiotic/Ferment
Jojoba Oil,Dry,"['Sensitivity', 'Dryness']",possible irritation,1,3,Moderate irritancy (2) — possible irritation for Dry skin,0,4,Lipid/Oil
Kola Seed Extract,Dry,"['Sensitivity', 'Dryness']",good fit,0,2,Gentle ingredient with no concern match; neutral fit,0,0,Plant Extract
Jeju Green Tea Water,Dry,"['Sensitivity', 'Dryness']",good fit,0,4,Directly addresses 1 concern(s) and description confirms soothing profile,0,3,Plant Extract
Kojic Acid,Dry,"['Sensitivity', 'Dryness']",good fit,0,2,Gentle ingredient with no concern match; neutral fit,0,3,Other
Isoleucine,Dry,"['Sensitivity', 'Dryness']",good fit,0,3,Addresses 1 concern(s); low irritancy,0,2,Amino Acid
Jojoba Beads,Dry,"['Sensitivity', 'Dryness']",good fit,0,2,Gentle ingredient with no concern match; neutral fit,0,2,Other
Macrocystis Pyrifera (Kelp) Extract,Dry,"['Sensitivity', 'Dryness']",good fit,0,4,Directly addresses 1 concern(s) and description confirms soothing profile,0,3,Marine/Algae
Magnesium Sulfate,Dry,"['Sensitivity', 'Dryness']",good fit,0,3,Description strongly soothing/calming; low irritancy even without direct concern match,0,1,Mineral
Magnesium Ascorbyl Phosphate,Dry,"['Sensitivity', 'Dryness']",poor fit,2,5,Directly flagged in avoid list for Dry skin and high irritancy (5),1,3,Vitamin C
Lysine,Dry,"['Sensitivity', 'Dryness']",good fit,0,4,Directly addresses 1 concern(s) and description confirms soothing profile,0,6,Amino Acid
Lily Extract,Dry,"['Sensitivity', 'Dryness']",good fit,0,3,Description strongly soothing/calming; low irritancy even without direct concern match,0,0,Plant Extract
Luffa Cylindrica Extract,Dry,"['Sensitivity', 'Dryness']",good fit,0,2,Gentle ingredient with no concern match; neutral fit,0,0,Plant Extract
Linolenic Acid,Dry,"['Sensitivity', 'Dryness']",possible irritation,1,3,Moderate irritancy (2) — possible irritation for Dry skin,0,4,Lipid/Oil
Linoleic Acid,Dry,"['Sensitivity', 'Dryness']",possible irritation,1,3,Moderate irritancy (3) — possible irritation for Dry skin,0,4,Lipid/Oil
Leucine,Dry,"['Sensitivity', 'Dryness']",good fit,0,3,Addresses 2 concern(s); low irritancy,0,6,Amino Acid
Licorice Extract,Dry,"['Sensitivity', 'Dryness']",good fit,0,3,Description strongly soothing/calming; low irritancy even without direct concern match,0,4,Plant Extract
Natural Moisturising Factors,Dry,"['Sensitivity', 'Dryness']",good fit,0,3,Addresses 2 concern(s); low irritancy,0,5,Other
Licochalcone A,Dry,"['Sensitivity', 'Dryness']",good fit,0,3,Description strongly soothing/calming; low irritancy even without direct concern match,0,0,Other
Naringenin Chalcone,Dry,"['Sensitivity', 'Dryness']",good fit,0,4,Directly addresses 1 concern(s) and description confirms soothing profile,0,2,Other
Myristoyl Nonapeptide,Dry,"['Sensitivity', 'Dryness']",good fit,0,2,Gentle ingredient with no concern match; neutral fit [label adjusted for expert variance],0,3,Peptide
Myristol Pentapeptide,Dry,"['Sensitivity', 'Dryness']",good fit,0,2,Gentle ingredient with no concern match; neutral fit,0,3,Peptide
Milk Thistle Extract,Dry,"['Sensitivity', 'Dryness']",good fit,0,4,Directly addresses 1 concern(s) and description confirms soothing profile,0,2,Plant Extract
Myristol Hexapeptide,Dry,"['Sensitivity', 'Dryness']",good fit,0,2,Gentle ingredient with no concern match; neutral fit,0,3,Peptide
Mushroom Extract,Dry,"['Sensitivity', 'Dryness']",good fit,0,3,Description strongly soothing/calming; low irritancy even without direct concern match,0,1,Plant Extract
Moringa Seed Extract,Dry,"['Sensitivity', 'Dryness']",good fit,0,4,Directly addresses 2 concern(s) and description confirms soothing profile,0,5,Plant Extract
Marshmallow Root,Dry,"['Sensitivity', 'Dryness']",good fit,0,3,Description strongly soothing/calming; low irritancy even without direct concern match,0,1,Other
Mineral UV Filters,Dry,"['Sensitivity', 'Dryness']",possible irritation,1,3,Moderate irritancy (3) — possible irritation for Dry skin,1,1,UV Filter
Meadowfoam Seed Oil,Dry,"['Sensitivity', 'Dryness']",possible irritation,1,3,Moderate irritancy (2) — possible irritation for Dry skin,0,3,Lipid/Oil
Marine Extract,Dry,"['Sensitivity', 'Dryness']",good fit,0,3,Addresses 1 concern(s); low irritancy,0,3,Marine/Algae
Mango Seed Butter,Dry,"['Sensitivity', 'Dryness']",possible irritation,1,3,Moderate irritancy (3) — possible irritation for Dry skin,0,1,Lipid/Oil
Palmitoyl Oligopeptide,Dry,"['Sensitivity', 'Dryness']",good fit,0,2,Gentle ingredient with no concern match; neutral fit,0,3,Peptide
Mandelic Acid,Dry,"['Sensitivity', 'Dryness']",poor fit,2,5,Directly flagged in avoid list for Dry skin and high irritancy (4),2,8,AHA
Palmitoyl Nonapeptide,Dry,"['Sensitivity', 'Dryness']",good fit,0,2,Gentle ingredient with no concern match; neutral fit,0,3,Peptide
Palmitoyl Pentapeptide,Dry,"['Sensitivity', 'Dryness']",good fit,0,2,Gentle ingredient with no concern match; neutral fit,0,3,Peptide
Palmitoyl Glycine,Dry,"['Sensitivity', 'Dryness']",good fit,0,3,Description strongly soothing/calming; low irritancy even without direct concern match,0,3,Amino Acid
Palmitoyl Heptapeptide,Dry,"['Sensitivity', 'Dryness']",good fit,0,2,Gentle ingredient with no concern match; neutral fit,0,3,Peptide
Octocrylene,Dry,"['Sensitivity', 'Dryness']",possible irritation,1,4,Flagged in avoid list for Dry skin; ingredient is relatively mild,2,1,Other
Palmitoyl Decapeptide,Dry,"['Sensitivity', 'Dryness']",good fit,0,2,Gentle ingredient with no concern match; neutral fit,0,3,Peptide
Oligopeptide,Dry,"['Sensitivity', 'Dryness']",good fit,0,2,Gentle ingredient with no concern match; neutral fit,0,3,Peptide
Padina Pavonica Thallus Extract,Dry,"['Sensitivity', 'Dryness']",good fit,0,3,Addresses 1 concern(s); low irritancy,0,3,Plant Extract
Oat Extract,Dry,"['Sensitivity', 'Dryness']",good fit,0,4,Directly addresses 2 concern(s) and description confirms soothing profile,0,4,Plant Extract
Octisalate,Dry,"['Sensitivity', 'Dryness']",poor fit,2,5,Directly flagged in avoid list for Dry skin and high irritancy (4),2,1,UV Filter
Octinoxate,Dry,"['Sensitivity', 'Dryness']",poor fit,2,5,Directly flagged in avoid list for Dry skin and high irritancy (4),2,1,UV Filter
Polyhydroxy Acids,Dry,"['Sensitivity', 'Dryness']",good fit,0,4,Directly addresses 1 concern(s) and description confirms soothing profile,0,9,Other
Porphyridium Cruentum Extract,Dry,"['Sensitivity', 'Dryness']",good fit,0,4,Directly addresses 1 concern(s) and description confirms soothing profile,0,3,Plant Extract
Polyporus Umbellatus (Mushroom) Extract,Dry,"['Sensitivity', 'Dryness']",good fit,0,2,Gentle ingredient with no concern match; neutral fit,0,2,Plant Extract
Phytic Acid,Dry,"['Sensitivity', 'Dryness']",good fit,0,2,Gentle ingredient with no concern match; neutral fit [label adjusted for expert variance],0,3,Other
Plankton Extract,Dry,"['Sensitivity', 'Dryness']",good fit,0,4,Directly addresses 1 concern(s) and description confirms soothing profile,0,3,Marine/Algae
Perfluorodecalin,Dry,"['Sensitivity', 'Dryness']",good fit,0,2,Gentle ingredient with no concern match; neutral fit,0,4,Other
Phytosphingosine,Dry,"['Sensitivity', 'Dryness']",possible irritation,1,3,Moderate irritancy (2) — possible irritation for Dry skin,0,4,Ceramide
Phospholipids,Dry,"['Sensitivity', 'Dryness']",good fit,0,3,Moderate irritancy (3) — possible irritation for Dry skin [label adjusted for expert variance],0,4,Lipid/Oil
Palmitoyl  Tripeptide-1,Dry,"['Sensitivity', 'Dryness']",good fit,0,2,Gentle ingredient with no concern match; neutral fit,0,3,Peptide
Pentapeptide,Dry,"['Sensitivity', 'Dryness']",good fit,0,2,Gentle ingredient with no concern match; neutral fit,0,3,Peptide
Palmitoyl Tetrapeptide,Dry,"['Sensitivity', 'Dryness']",good fit,0,2,Gentle ingredient with no concern match; neutral fit,0,3,Peptide
Parachlorella Beijerinckii Exopolysaccharides,Dry,"['Sensitivity', 'Dryness']",good fit,0,3,Addresses 1 concern(s); low irritancy [label adjusted for expert variance],0,3,Other
Retinyl Retinoate,Dry,"['Sensitivity', 'Dryness']",poor fit,2,5,Directly flagged in avoid list for Dry skin and high irritancy (7),3,9,Retinoid
Palmitoyl Tripeptide,Dry,"['Sensitivity', 'Dryness']",good fit,0,2,Gentle ingredient with no concern match; neutral fit,0,3,Peptide
Neurophroline,Dry,"['Sensitivity', 'Dryness']",good fit,0,4,Directly addresses 1 concern(s) and description confirms soothing profile,0,5,Other
Retinyl Propionate,Dry,"['Sensitivity', 'Dryness']",poor fit,2,5,Directly flagged in avoid list for Dry skin and high irritancy (6),3,7,Retinoid
Retinyl Palmitate,Dry,"['Sensitivity', 'Dryness']",poor fit,2,5,Directly flagged in avoid list for Dry skin and high irritancy (5),2,1,Retinoid
Retinol,Dry,"['Sensitivity', 'Dryness']",poor fit,2,5,Directly flagged in avoid list for Dry skin and high irritancy (6),3,9,Retinoid
Resveratrol,Dry,"['Sensitivity', 'Dryness']",good fit,0,3,Description strongly soothing/calming; low irritancy even without direct concern match,0,3,Other
Red Algae,Dry,"['Sensitivity', 'Dryness']",good fit,0,4,Directly addresses 2 concern(s) and description confirms soothing profile,0,3,Marine/Algae
Quercetin,Dry,"['Sensitivity', 'Dryness']",good fit,0,4,Directly addresses 2 concern(s) and description confirms soothing profile,0,3,Other
Pseudoalteromonas Exopolysaccharides,Dry,"['Sensitivity', 'Dryness']",good fit,0,3,Addresses 1 concern(s); low irritancy,0,3,Other
Proline,Dry,"['Sensitivity', 'Dryness']",good fit,0,3,Addresses 1 concern(s); low irritancy,0,5,Amino Acid
Potassium Azeloyl Diglycinate,Dry,"['Sensitivity', 'Dryness']",good fit,0,3,Description strongly soothing/calming; low irritancy even without direct concern match,1,7,Other
Probiotics,Dry,"['Sensitivity', 'Dryness']",good fit,0,3,Description strongly soothing/calming; low irritancy even without direct concern match,0,3,Probiotic/Ferment
Prickly Pear Extract,Dry,"['Sensitivity', 'Dryness']",good fit,0,3,Description strongly soothing/calming; low irritancy even without direct concern match,0,1,Plant Extract
Snow Mushroom Extract,Dry,"['Sensitivity', 'Dryness']",good fit,0,4,Directly addresses 1 concern(s) and description confirms soothing profile,0,4,Plant Extract
Prebiotics,Dry,"['Sensitivity', 'Dryness']",good fit,0,3,Description strongly soothing/calming; low irritancy even without direct concern match,0,3,Probiotic/Ferment
Shea Butter,Dry,"['Sensitivity', 'Dryness']",poor fit,2,4,"High combined irritancy score (6): category=Lipid/Oil, sensitivity=2, desc signals=2",2,4,Lipid/Oil
Sesame Seed Oil,Dry,"['Sensitivity', 'Dryness']",possible irritation,1,3,Moderate irritancy (2) — possible irritation for Dry skin,0,1,Lipid/Oil
Silk Protein,Dry,"['Sensitivity', 'Dryness']",good fit,0,3,Addresses 1 concern(s); low irritancy,1,1,Other
Sh-Oligopeptide,Dry,"['Sensitivity', 'Dryness']",good fit,0,2,Gentle ingredient with no concern match; neutral fit,0,3,Peptide
Serine,Dry,"['Sensitivity', 'Dryness']",good fit,0,3,Addresses 1 concern(s); low irritancy,0,2,Amino Acid
Sea Buckthorn Water,Dry,"['Sensitivity', 'Dryness']",good fit,0,2,Gentle ingredient with no concern match; neutral fit,0,1,Plant Extract
Saskatoon Berry,Dry,"['Sensitivity', 'Dryness']",good fit,0,2,Gentle ingredient with no concern match; neutral fit,0,0,Other
Salicylic Acid,Dry,"['Sensitivity', 'Dryness']",poor fit,2,5,Directly flagged in avoid list for Dry skin and high irritancy (6),4,8,BHA
Rosemary Leaf Extract,Dry,"['Sensitivity', 'Dryness']",good fit,0,3,Description strongly soothing/calming; low irritancy even without direct concern match,0,1,Plant Extract
Safflower Seed Oil,Dry,"['Sensitivity', 'Dryness']",poor fit,2,4,"High combined irritancy score (4): category=Lipid/Oil, sensitivity=1, desc signals=1",1,3,Lipid/Oil
Saccharomyces Cerevisiae (Yeast) Extract,Dry,"['Sensitivity', 'Dryness']",good fit,0,3,Description strongly soothing/calming; low irritancy even without direct concern match,0,3,Probiotic/Ferment
Sacred Lotus Flower Extract,Dry,"['Sensitivity', 'Dryness']",good fit,0,2,Gentle ingredient with no concern match; neutral fit,0,4,Plant Extract
Tasmanian Pepperberry Extract,Dry,"['Sensitivity', 'Dryness']",good fit,0,3,Description strongly soothing/calming; low irritancy even without direct concern match,0,1,Plant Extract
Tartaric Acid,Dry,"['Sensitivity', 'Dryness']",poor fit,2,5,Directly flagged in avoid list for Dry skin and high irritancy (3),1,4,AHA
Rhamnose,Dry,"['Sensitivity', 'Dryness']",good fit,0,3,Description strongly soothing/calming; low irritancy even without direct concern match,0,3,Other
Sweet Almond Oil,Dry,"['Sensitivity', 'Dryness']",possible irritation,1,3,Moderate irritancy (3) — possible irritation for Dry skin,1,2,Lipid/Oil
Symsitive,Dry,"['Sensitivity', 'Dryness']",good fit,0,3,Description strongly soothing/calming; low irritancy even without direct concern match,0,1,Other
Sugar Cane Extract,Dry,"['Sensitivity', 'Dryness']",good fit,0,3,Description strongly soothing/calming; low irritancy even without direct concern match,0,5,Plant Extract
Superoxide Dismutase,Dry,"['Sensitivity', 'Dryness']",good fit,0,3,Description strongly soothing/calming; low irritancy even without direct concern match,0,0,Other
Sunflower Oil,Dry,"['Sensitivity', 'Dryness']",possible irritation,1,3,Moderate irritancy (3) — possible irritation for Dry skin,1,3,Lipid/Oil
Spent Grain Wax,Dry,"['Sensitivity', 'Dryness']",poor fit,2,4,"High combined irritancy score (4): category=Lipid/Oil, sensitivity=0, desc signals=2",0,2,Lipid/Oil
Sulfur,Dry,"['Sensitivity', 'Dryness']",good fit,0,3,Description strongly soothing/calming; low irritancy even without direct concern match,0,2,Mineral
Squalane,Dry,"['Sensitivity', 'Dryness']",possible irritation,1,3,Moderate irritancy (2) — possible irritation for Dry skin,0,4,Lipid/Oil
Urea,Dry,"['Sensitivity', 'Dryness']",good fit,0,3,Addresses 1 concern(s); low irritancy,0,3,Humectant
Sodium Lactate,Dry,"['Sensitivity', 'Dryness']",good fit,0,3,Addresses 1 concern(s); low irritancy,0,2,Humectant
Turmeric Root Extract,Dry,"['Sensitivity', 'Dryness']",good fit,0,3,Description strongly soothing/calming; low irritancy even without direct concern match,0,1,Plant Extract
Valine,Dry,"['Sensitivity', 'Dryness']",good fit,0,3,Addresses 1 concern(s); low irritancy,0,2,Amino Acid
Trehalose,Dry,"['Sensitivity', 'Dryness']",good fit,0,3,Addresses 1 concern(s); low irritancy,0,2,Humectant
Tripleurospermum Maritimum Extract,Dry,"['Sensitivity', 'Dryness']",good fit,0,4,Directly addresses 1 concern(s) and description confirms soothing profile,0,3,Plant Extract
Triazine Diethyl Butamidotriazone,Dry,"['Sensitivity', 'Dryness']",poor fit,2,5,Directly flagged in avoid list for Dry skin and high irritancy (4),2,1,UV Filter
Thiamidol,Dry,"['Sensitivity', 'Dryness']",good fit,0,2,Gentle ingredient with no concern match; neutral fit,0,2,Other
Tranexamic Acid,Dry,"['Sensitivity', 'Dryness']",good fit,0,2,Gentle ingredient with no concern match; neutral fit,0,3,Other
Tomato Stem Cells,Dry,"['Sensitivity', 'Dryness']",good fit,0,2,Gentle ingredient with no concern match; neutral fit,0,3,Plant Extract
Teprenone,Dry,"['Sensitivity', 'Dryness']",good fit,0,3,Addresses 1 concern(s); low irritancy,0,5,Other
Threonine,Dry,"['Sensitivity', 'Dryness']",good fit,0,3,Addresses 1 concern(s); low irritancy,0,2,Amino Acid
Zinc Gluconate,Dry,"['Sensitivity', 'Dryness']",good fit,0,2,Gentle ingredient with no concern match; neutral fit,0,4,Mineral
Tetrahexyldecyl Ascorbate,Dry,"['Sensitivity', 'Dryness']",possible irritation,1,4,Flagged in avoid list for Dry skin; ingredient is relatively mild,1,5,Vitamin C
Zinc,Dry,"['Sensitivity', 'Dryness']",good fit,0,3,Description strongly soothing/calming; low irritancy even without direct concern match,0,4,Mineral
Yerba Mate Extract,Dry,"['Sensitivity', 'Dryness']",good fit,0,4,Directly addresses 1 concern(s) and description confirms soothing profile,0,1,Plant Extract
Yeast Amino Acids,Dry,"['Sensitivity', 'Dryness']",good fit,0,4,Directly addresses 1 concern(s) and description confirms soothing profile,0,1,Probiotic/Ferment
Willow Herb Extract,Dry,"['Sensitivity', 'Dryness']",good fit,0,4,Directly addresses 1 concern(s) and description confirms soothing profile,0,1,Plant Extract
Willow Bark Extract,Dry,"['Sensitivity', 'Dryness']",possible irritation,1,4,Flagged in avoid list for Dry skin; ingredient is relatively mild,2,6,Plant Extract
Wild Cherry Extract,Dry,"['Sensitivity', 'Dryness']",good fit,0,4,Directly addresses 1 concern(s) and description confirms soothing profile,0,1,Plant Extract
White Tea,Dry,"['Sensitivity', 'Dryness']",good fit,0,3,Description strongly soothing/calming; low irritancy even without direct concern match,0,1,Other
Vitamin K1,Dry,"['Sensitivity', 'Dryness']",good fit,0,3,Addresses 1 concern(s); low irritancy,0,1,Vitamin
Vitamin E,Dry,"['Sensitivity', 'Dryness']",good fit,0,3,Addresses 2 concern(s); low irritancy,0,4,Vitamin
Vitamin C,Dry,"['Sensitivity', 'Dryness']",poor fit,2,5,Directly flagged in avoid list for Dry skin and high irritancy (4),3,5,Vitamin C
Vitamin B5,Dry,"['Sensitivity', 'Dryness']",good fit,0,4,Directly addresses 2 concern(s) and description confirms soothing profile,0,5,Vitamin
Vitamin A,Dry,"['Sensitivity', 'Dryness']",poor fit,2,5,Directly flagged in avoid list for Dry skin and high irritancy (7),3,9,Retinoid
Vibrio Alginolyticus Ferment Filtrate,Dry,"['Sensitivity', 'Dryness']",good fit,0,3,Addresses 1 concern(s); low irritancy,0,3,Probiotic/Ferment
Tea Tree Oil,Dry,"['Sensitivity', 'Dryness']",good fit,0,3,Description strongly soothing/calming; low irritancy even without direct concern match,0,2,Lipid/Oil
Zinc Sulfate,Dry,"['Sensitivity', 'Dryness']",good fit,0,4,Directly addresses 1 concern(s) and description confirms soothing profile,0,1,Mineral
Zinc PCA,Dry,"['Sensitivity', 'Dryness']",good fit,0,2,Gentle ingredient with no concern match; neutral fit,0,5,Mineral
Neoglucosamine,Dry,"['Sensitivity', 'Dryness']",possible irritation,1,4,Flagged in avoid list for Dry skin; ingredient is relatively mild,1,8,Other
Taurine,Dry,"['Sensitivity', 'Dryness']",good fit,0,3,Addresses 1 concern(s); low irritancy,0,3,Amino Acid
Sodium Ascorbyl Phosphate,Dry,"['Sensitivity', 'Dryness']",possible irritation,1,4,Flagged in avoid list for Dry skin; ingredient is relatively mild,1,5,Vitamin C
Alpha-Glucan Oligosaccharide,Normal,"['Dullness', 'Texture']",good fit,0,3,Description strongly soothing/calming; low irritancy even without direct concern match,0,3,Other
Aloe Vera,Normal,"['Dullness', 'Texture']",good fit,0,4,Directly addresses 2 concern(s) and description confirms soothing profile,0,4,Other
Allantoin,Normal,"['Dullness', 'Texture']",good fit,0,3,Description strongly soothing/calming; low irritancy even without direct concern match,0,3,Other
Algin,Normal,"['Dullness', 'Texture']",good fit,0,2,Gentle ingredient with no concern match; neutral fit,0,3,Other
Algae Extract,Normal,"['Dullness', 'Texture']",good fit,0,2,Gentle ingredient with no concern match; neutral fit,0,3,Marine/Algae
Algae Exopolysaccharides,Normal,"['Dullness', 'Texture']",good fit,0,2,Gentle ingredient with no concern match; neutral fit,0,3,Marine/Algae
Alaria Esculenta Extract,Normal,"['Dullness', 'Texture']",good fit,0,2,Gentle ingredient with no concern match; neutral fit,0,3,Plant Extract
Alanine,Normal,"['Dullness', 'Texture']",good fit,0,3,Addresses 1 concern(s); low irritancy,0,2,Amino Acid
Ahnfeltia Concinna Extract,Normal,"['Dullness', 'Texture']",good fit,0,2,Gentle ingredient with no concern match; neutral fit,0,3,Plant Extract
Adenosine,Normal,"['Dullness', 'Texture']",good fit,0,3,Description strongly soothing/calming; low irritancy even without direct concern match,0,7,Other
Acetyl Tyrosinamide,Normal,"['Dullness', 'Texture']",good fit,0,2,Gentle ingredient with no concern match; neutral fit [label adjusted for expert variance],0,3,Other
Acetyl Tetrapeptide,Normal,"['Dullness', 'Texture']",good fit,0,2,Gentle ingredient with no concern match; neutral fit,0,3,Peptide
Acetyl Glucosamine,Normal,"['Dullness', 'Texture']",good fit,0,4,Directly addresses 1 concern(s) and description confirms soothing profile,0,7,Other
Acetylarginyltryptophyl Diphenylglycine,Normal,"['Dullness', 'Texture']",good fit,0,2,Gentle ingredient with no concern match; neutral fit,0,3,Amino Acid
Acai Extract,Normal,"['Dullness', 'Texture']",good fit,0,2,Gentle ingredient with no concern match; neutral fit,0,0,Plant Extract
Ascorbic Acid,Normal,"['Dullness', 'Texture']",poor fit,2,4,"High combined irritancy score (7): category=Vitamin C, sensitivity=3, desc signals=3",3,5,Vitamin C
Ascophyllum Nodosum Extract,Normal,"['Dullness', 'Texture']",good fit,0,2,Gentle ingredient with no concern match; neutral fit,0,3,Plant Extract
Arginine PCA,Normal,"['Dullness', 'Texture']",good fit,0,3,Addresses 1 concern(s); low irritancy,0,2,Amino Acid
Arginine/Lysine Polypeptide,Normal,"['Dullness', 'Texture']",good fit,0,2,Gentle ingredient with no concern match; neutral fit,0,3,Peptide
Arginine HCL,Normal,"['Dullness', 'Texture']",good fit,0,3,Addresses 1 concern(s); low irritancy,0,2,Amino Acid
Arginine,Normal,"['Dullness', 'Texture']",good fit,0,3,Addresses 1 concern(s); low irritancy,0,3,Amino Acid
Argan Oil,Normal,"['Dullness', 'Texture']",possible irritation,1,3,Moderate irritancy (2) — possible irritation for Normal skin,1,3,Lipid/Oil
Arbutin,Normal,"['Dullness', 'Texture']",good fit,0,3,Addresses 1 concern(s); low irritancy,1,2,Other
Aquagenium,Normal,"['Dullness', 'Texture']",good fit,0,3,Addresses 1 concern(s); low irritancy,0,2,Other
Apple Stem Cells,Normal,"['Dullness', 'Texture']",good fit,0,2,Gentle ingredient with no concern match; neutral fit,0,3,Plant Extract
Apple Polyphenols,Normal,"['Dullness', 'Texture']",possible irritation,1,3,Description strongly soothing/calming; low irritancy even without direct concern match [label adjusted for expert variance],0,0,Other
Apple Extract,Normal,"['Dullness', 'Texture']",good fit,0,2,Gentle ingredient with no concern match; neutral fit,0,0,Plant Extract
Anti-Ageing Peptides,Normal,"['Dullness', 'Texture']",good fit,0,2,Gentle ingredient with no concern match; neutral fit,0,3,Peptide
Amino Acids,Normal,"['Dullness', 'Texture']",good fit,0,3,Addresses 1 concern(s); low irritancy,0,5,Amino Acid
Alteromonas Ferment Extract,Normal,"['Dullness', 'Texture']",good fit,0,3,Description strongly soothing/calming; low irritancy even without direct concern match,0,3,Probiotic/Ferment
Bifida Ferment Lysate,Normal,"['Dullness', 'Texture']",good fit,0,3,Description strongly soothing/calming; low irritancy even without direct concern match,0,3,Probiotic/Ferment
Beta Glucan,Normal,"['Dullness', 'Texture']",good fit,0,4,Directly addresses 2 concern(s) and description confirms soothing profile,0,5,Other
Bakuchiol,Normal,"['Dullness', 'Texture']",good fit,0,2,Gentle ingredient with no concern match; neutral fit,0,3,Other
Azelaoyl Bis-Dipeptide,Normal,"['Dullness', 'Texture']",good fit,0,2,Gentle ingredient with no concern match; neutral fit,1,3,Peptide
Azelaic Acid,Normal,"['Dullness', 'Texture']",good fit,0,4,Directly addresses 2 concern(s) and description confirms soothing profile,1,8,Other
Avocado Oil,Normal,"['Dullness', 'Texture']",possible irritation,1,3,Moderate irritancy (2) — possible irritation for Normal skin,1,3,Lipid/Oil
Avocado Ferment,Normal,"['Dullness', 'Texture']",good fit,0,3,Addresses 2 concern(s); low irritancy,0,3,Probiotic/Ferment
Avene Thermal Water,Normal,"['Dullness', 'Texture']",good fit,0,4,Directly addresses 2 concern(s) and description confirms soothing profile,0,5,Plant Extract
Asparagopsis Armata Extract,Normal,"['Dullness', 'Texture']",good fit,0,2,Gentle ingredient with no concern match; neutral fit,0,3,Plant Extract
Ascorbyl Palmitate,Normal,"['Dullness', 'Texture']",possible irritation,1,3,Moderate irritancy (2) — possible irritation for Normal skin,1,1,Vitamin C
Ascorbyl Glucoside,Normal,"['Dullness', 'Texture']",possible irritation,1,3,Moderate irritancy (2) — possible irritation for Normal skin,1,5,Vitamin C
Caffeine,Normal,"['Dullness', 'Texture']",good fit,0,2,Gentle ingredient with no concern match; neutral fit,0,3,Other
Caffeic Acid,Normal,"['Dullness', 'Texture']",good fit,0,3,Description strongly soothing/calming; low irritancy even without direct concern match,0,1,Other
Cabbage Leaf Extract,Normal,"['Dullness', 'Texture']",good fit,0,3,Description strongly soothing/calming; low irritancy even without direct concern match,0,0,Plant Extract
Butyl Methoxydibenzoylmethane,Normal,"['Dullness', 'Texture']",poor fit,2,4,"High combined irritancy score (4): category=UV Filter, sensitivity=2, desc signals=0",2,1,UV Filter
Blue Mallow Extract,Normal,"['Dullness', 'Texture']",good fit,0,3,Description strongly soothing/calming; low irritancy even without direct concern match,0,0,Plant Extract
Blue Lotus Extract,Normal,"['Dullness', 'Texture']",good fit,0,3,Description strongly soothing/calming; low irritancy even without direct concern match,0,0,Plant Extract
Blueberry Extract,Normal,"['Dullness', 'Texture']",good fit,0,3,Description strongly soothing/calming; low irritancy even without direct concern match,0,0,Plant Extract
Bilberry Extract,Normal,"['Dullness', 'Texture']",good fit,0,3,Description strongly soothing/calming; low irritancy even without direct concern match,0,1,Plant Extract
Bis-Ethylhexyloxyphenol Methoxyphenyl Triazine,Normal,"['Dullness', 'Texture']",poor fit,2,4,"High combined irritancy score (5): category=UV Filter, sensitivity=2, desc signals=1",2,1,UV Filter
Bisabolol,Normal,"['Dullness', 'Texture']",good fit,0,4,Directly addresses 2 concern(s) and description confirms soothing profile,0,5,Other
Bio-Active Glucosides,Normal,"['Dullness', 'Texture']",good fit,0,3,Description strongly soothing/calming; low irritancy even without direct concern match,0,1,Other
Chondrus Crispus,Normal,"['Dullness', 'Texture']",good fit,0,2,Gentle ingredient with no concern match; neutral fit,0,3,Other
Cholesterol,Normal,"['Dullness', 'Texture']",good fit,0,3,Addresses 1 concern(s); low irritancy,0,3,Other
Chlorophyll,Normal,"['Dullness', 'Texture']",good fit,0,3,Description strongly soothing/calming; low irritancy even without direct concern match,0,0,Other
Chlorella Vulgaris Extract,Normal,"['Dullness', 'Texture']",possible irritation,1,2,Gentle ingredient with no concern match; neutral fit [label adjusted for expert variance],0,3,Plant Extract
Chamomile Extract,Normal,"['Dullness', 'Texture']",good fit,0,3,Description strongly soothing/calming; low irritancy even without direct concern match,0,2,Plant Extract
Chlorella Protothecoides Oil,Normal,"['Dullness', 'Texture']",good fit,0,2,Gentle ingredient with no concern match; neutral fit,0,3,Lipid/Oil
Ceramides,Normal,"['Dullness', 'Texture']",good fit,0,4,Directly addresses 2 concern(s) and description confirms soothing profile,0,5,Ceramide
Chlorella Protothecoides,Normal,"['Dullness', 'Texture']",good fit,0,2,Gentle ingredient with no concern match; neutral fit,0,3,Other
Chemical UV Filters,Normal,"['Dullness', 'Texture']",possible irritation,1,3,Moderate irritancy (3) — possible irritation for Normal skin,1,1,UV Filter
Caprooyl Sphingosine,Normal,"['Dullness', 'Texture']",good fit,0,3,Addresses 2 concern(s); low irritancy,0,4,Ceramide
Centella Asiatica,Normal,"['Dullness', 'Texture']",good fit,0,4,Directly addresses 2 concern(s) and description confirms soothing profile,0,5,Other
Carnosine,Normal,"['Dullness', 'Texture']",good fit,0,2,Gentle ingredient with no concern match; neutral fit,0,1,Other
Caprooyl Phytosphingosine,Normal,"['Dullness', 'Texture']",good fit,0,3,Addresses 2 concern(s); low irritancy,0,4,Ceramide
Ectoin,Normal,"['Dullness', 'Texture']",good fit,0,3,Description strongly soothing/calming; low irritancy even without direct concern match,0,2,Other
Dunaliella Salina (Green Algae) Extract,Normal,"['Dullness', 'Texture']",good fit,0,2,Gentle ingredient with no concern match; neutral fit,0,3,Marine/Algae
Dioic Acid,Normal,"['Dullness', 'Texture']",good fit,0,3,Description strongly soothing/calming; low irritancy even without direct concern match,0,3,Other
Cucumber Extract,Normal,"['Dullness', 'Texture']",good fit,0,3,Description strongly soothing/calming; low irritancy even without direct concern match,0,0,Plant Extract
Dipeptide Diaminobutyroyl Benzylamide Diacetate,Normal,"['Dullness', 'Texture']",good fit,0,2,Gentle ingredient with no concern match; neutral fit,0,3,Peptide
Dipeptide,Normal,"['Dullness', 'Texture']",good fit,0,2,Gentle ingredient with no concern match; neutral fit,0,3,Peptide
Copper Peptide,Normal,"['Dullness', 'Texture']",possible irritation,1,2,Gentle ingredient with no concern match; neutral fit [label adjusted for expert variance],0,3,Peptide
Copper Palmitoyl Heptapeptide,Normal,"['Dullness', 'Texture']",good fit,0,2,Gentle ingredient with no concern match; neutral fit,0,3,Peptide
Copper Heptapeptide-14 Pantothenate,Normal,"['Dullness', 'Texture']",good fit,0,2,Gentle ingredient with no concern match; neutral fit,0,3,Peptide
Coffee Seed Extract,Normal,"['Dullness', 'Texture']",good fit,0,3,Description strongly soothing/calming; low irritancy even without direct concern match,0,1,Plant Extract
Citric Acid,Normal,"['Dullness', 'Texture']",possible irritation,1,3,Moderate irritancy (3) — possible irritation for Normal skin,0,4,AHA
Cinnamon Bark,Normal,"['Dullness', 'Texture']",good fit,0,2,Gentle ingredient with no concern match; neutral fit,0,1,Other
Fomes Ofﬁcinalis (Mushroom) Extract,Normal,"['Dullness', 'Texture']",good fit,0,3,Addresses 1 concern(s); low irritancy,0,3,Plant Extract
Ginkgo Biloba,Normal,"['Dullness', 'Texture']",good fit,0,3,Description strongly soothing/calming; low irritancy even without direct concern match,0,1,Other
Fructooligosaccharides,Normal,"['Dullness', 'Texture']",good fit,0,3,Description strongly soothing/calming; low irritancy even without direct concern match,0,3,Other
Feverfew Extract,Normal,"['Dullness', 'Texture']",good fit,0,3,Description strongly soothing/calming; low irritancy even without direct concern match,0,1,Plant Extract
Ferulic Acid,Normal,"['Dullness', 'Texture']",good fit,0,2,Gentle ingredient with no concern match; neutral fit,0,0,Vitamin
Ethylhexyl Triazone,Normal,"['Dullness', 'Texture']",poor fit,2,4,"High combined irritancy score (4): category=UV Filter, sensitivity=2, desc signals=0",2,1,UV Filter
Ferric Hexapeptide,Normal,"['Dullness', 'Texture']",good fit,0,2,Gentle ingredient with no concern match; neutral fit,0,3,Peptide
Fernblock,Normal,"['Dullness', 'Texture']",good fit,0,2,Gentle ingredient with no concern match; neutral fit,0,0,Other
Evening Primrose Oil,Normal,"['Dullness', 'Texture']",good fit,0,3,Description strongly soothing/calming; low irritancy even without direct concern match,0,2,Lipid/Oil
Essential Lipids,Normal,"['Dullness', 'Texture']",good fit,0,3,Addresses 2 concern(s); low irritancy,0,5,Other
Endothelyol,Normal,"['Dullness', 'Texture']",good fit,0,3,Description strongly soothing/calming; low irritancy even without direct concern match,0,1,Other
Ethylhexyl Salicylate,Normal,"['Dullness', 'Texture']",possible irritation,1,3,Moderate irritancy (2) — possible irritation for Normal skin,2,1,Other
Ethyl Ascorbic Acid,Normal,"['Dullness', 'Texture']",possible irritation,1,3,Moderate irritancy (2) — possible irritation for Normal skin,1,4,Vitamin C
Green Tea,Normal,"['Dullness', 'Texture']",good fit,0,4,Directly addresses 1 concern(s) and description confirms soothing profile,0,2,Other
Glycosphingolipids,Normal,"['Dullness', 'Texture']",good fit,0,3,Addresses 2 concern(s); low irritancy,0,4,Ceramide
Glycoproteins,Normal,"['Dullness', 'Texture']",good fit,0,3,Addresses 2 concern(s); low irritancy,0,4,Other
Glycolipids,Normal,"['Dullness', 'Texture']",good fit,0,2,Gentle ingredient with no concern match; neutral fit,0,2,Other
Golden-Eye Grass Complex,Normal,"['Dullness', 'Texture']",good fit,0,2,Gentle ingredient with no concern match; neutral fit,0,1,Other
Glycolic Acid,Normal,"['Dullness', 'Texture']",poor fit,2,4,"High combined irritancy score (6): category=AHA, sensitivity=2, desc signals=2",2,8,AHA
Glycine,Normal,"['Dullness', 'Texture']",good fit,0,3,Addresses 1 concern(s); low irritancy,0,5,Amino Acid
Glyceryl Glucoside,Normal,"['Dullness', 'Texture']",good fit,0,3,Addresses 2 concern(s); low irritancy [label adjusted for expert variance],0,4,Other
Gluconolactone,Normal,"['Dullness', 'Texture']",good fit,0,4,Directly addresses 2 concern(s) and description confirms soothing profile,0,9,Other
EGCG,Normal,"['Dullness', 'Texture']",good fit,0,3,Description strongly soothing/calming; low irritancy even without direct concern match,0,1,Other
Indian Gooseberry,Normal,"['Dullness', 'Texture']",good fit,0,2,Gentle ingredient with no concern match; neutral fit,0,1,Other
Hydroxypinacolone Retinoate,Normal,"['Dullness', 'Texture']",poor fit,2,4,"High combined irritancy score (6): category=Retinoid, sensitivity=3, desc signals=0",3,9,Retinoid
Hydrolyzed Pumpkin Seedcake,Normal,"['Dullness', 'Texture']",good fit,0,3,Addresses 1 concern(s); low irritancy,0,6,Other
Hydrolyzed F-Fucoidan,Normal,"['Dullness', 'Texture']",good fit,0,2,Gentle ingredient with no concern match; neutral fit,0,3,Marine/Algae
Homosalate,Normal,"['Dullness', 'Texture']",poor fit,2,4,"High combined irritancy score (4): category=UV Filter, sensitivity=2, desc signals=0",2,1,UV Filter
Humectants,Normal,"['Dullness', 'Texture']",possible irritation,1,3,Addresses 2 concern(s); low irritancy [label adjusted for expert variance],0,5,Humectant
Hibiscus Fruit Extract,Normal,"['Dullness', 'Texture']",good fit,0,2,Gentle ingredient with no concern match; neutral fit,0,0,Plant Extract
Horse Chestnut,Normal,"['Dullness', 'Texture']",good fit,0,3,Description strongly soothing/calming; low irritancy even without direct concern match,0,1,Other
Heptapeptide-15 Palmitate,Normal,"['Dullness', 'Texture']",good fit,0,2,Gentle ingredient with no concern match; neutral fit,0,3,Peptide
Guarana Extract,Normal,"['Dullness', 'Texture']",good fit,0,2,Gentle ingredient with no concern match; neutral fit,0,0,Plant Extract
Histidine,Normal,"['Dullness', 'Texture']",good fit,0,3,Addresses 1 concern(s); low irritancy,0,4,Amino Acid
Lecithin,Normal,"['Dullness', 'Texture']",possible irritation,1,3,Moderate irritancy (2) — possible irritation for Normal skin,0,4,Lipid/Oil
L-Carnitine,Normal,"['Dullness', 'Texture']",good fit,0,3,Description strongly soothing/calming; low irritancy even without direct concern match,0,3,Other
Lactobionic Acid,Normal,"['Dullness', 'Texture']",good fit,0,4,Directly addresses 2 concern(s) and description confirms soothing profile,0,9,Other
L-Ascorbic Acid,Normal,"['Dullness', 'Texture']",poor fit,2,4,"High combined irritancy score (7): category=Vitamin C, sensitivity=3, desc signals=3",3,5,Vitamin C
Laminaria Ochroleuca (Kelp) Extract,Normal,"['Dullness', 'Texture']",good fit,0,3,Description strongly soothing/calming; low irritancy even without direct concern match,0,3,Marine/Algae
Lactococcus Ferment Lysate,Normal,"['Dullness', 'Texture']",good fit,0,3,Description strongly soothing/calming; low irritancy even without direct concern match,0,3,Probiotic/Ferment
Lactic Acid,Normal,"['Dullness', 'Texture']",poor fit,2,4,"High combined irritancy score (4): category=AHA, sensitivity=2, desc signals=0",2,8,AHA
Lactobacillus Ferment,Normal,"['Dullness', 'Texture']",good fit,0,3,Description strongly soothing/calming; low irritancy even without direct concern match,0,3,Probiotic/Ferment
Lactobacillus Extract Filtrate,Normal,"['Dullness', 'Texture']",good fit,0,3,Description strongly soothing/calming; low irritancy even without direct concern match,0,3,Probiotic/Ferment
Jojoba Oil,Normal,"['Dullness', 'Texture']",good fit,0,3,Addresses 2 concern(s); low irritancy [label adjusted for expert variance],0,4,Lipid/Oil
Kola Seed Extract,Normal,"['Dullness', 'Texture']",good fit,0,2,Gentle ingredient with no concern match; neutral fit,0,0,Plant Extract
Jeju Green Tea Water,Normal,"['Dullness', 'Texture']",good fit,0,4,Directly addresses 1 concern(s) and description confirms soothing profile,0,3,Plant Extract
Kojic Acid,Normal,"['Dullness', 'Texture']",good fit,0,3,Addresses 1 concern(s); low irritancy,0,3,Other
Isoleucine,Normal,"['Dullness', 'Texture']",good fit,0,3,Addresses 1 concern(s); low irritancy [label adjusted for expert variance],0,2,Amino Acid
Jojoba Beads,Normal,"['Dullness', 'Texture']",good fit,0,4,Directly addresses 2 concern(s) and description confirms soothing profile,0,2,Other
Macrocystis Pyrifera (Kelp) Extract,Normal,"['Dullness', 'Texture']",good fit,0,2,Gentle ingredient with no concern match; neutral fit,0,3,Marine/Algae
Magnesium Sulfate,Normal,"['Dullness', 'Texture']",possible irritation,1,3,Description strongly soothing/calming; low irritancy even without direct concern match [label adjusted for expert variance],0,1,Mineral
Magnesium Ascorbyl Phosphate,Normal,"['Dullness', 'Texture']",poor fit,2,4,"High combined irritancy score (4): category=Vitamin C, sensitivity=1, desc signals=2",1,3,Vitamin C
Lysine,Normal,"['Dullness', 'Texture']",good fit,0,4,Directly addresses 1 concern(s) and description confirms soothing profile,0,6,Amino Acid
Lily Extract,Normal,"['Dullness', 'Texture']",good fit,0,3,Description strongly soothing/calming; low irritancy even without direct concern match,0,0,Plant Extract
Luffa Cylindrica Extract,Normal,"['Dullness', 'Texture']",good fit,0,2,Gentle ingredient with no concern match; neutral fit,0,0,Plant Extract
Linolenic Acid,Normal,"['Dullness', 'Texture']",good fit,0,4,Directly addresses 2 concern(s) and description confirms soothing profile,0,4,Lipid/Oil
Linoleic Acid,Normal,"['Dullness', 'Texture']",possible irritation,1,3,Moderate irritancy (2) — possible irritation for Normal skin,0,4,Lipid/Oil
Leucine,Normal,"['Dullness', 'Texture']",good fit,0,3,Addresses 1 concern(s); low irritancy,0,6,Amino Acid
Licorice Extract,Normal,"['Dullness', 'Texture']",good fit,0,4,Directly addresses 1 concern(s) and description confirms soothing profile,0,4,Plant Extract
Natural Moisturising Factors,Normal,"['Dullness', 'Texture']",good fit,0,3,Addresses 2 concern(s); low irritancy,0,5,Other
Licochalcone A,Normal,"['Dullness', 'Texture']",good fit,0,3,Description strongly soothing/calming; low irritancy even without direct concern match,0,0,Other
Naringenin Chalcone,Normal,"['Dullness', 'Texture']",good fit,0,3,Description strongly soothing/calming; low irritancy even without direct concern match,0,2,Other
Myristoyl Nonapeptide,Normal,"['Dullness', 'Texture']",good fit,0,2,Gentle ingredient with no concern match; neutral fit,0,3,Peptide
Myristol Pentapeptide,Normal,"['Dullness', 'Texture']",good fit,0,2,Gentle ingredient with no concern match; neutral fit,0,3,Peptide
Milk Thistle Extract,Normal,"['Dullness', 'Texture']",good fit,0,3,Description strongly soothing/calming; low irritancy even without direct concern match,0,2,Plant Extract
Myristol Hexapeptide,Normal,"['Dullness', 'Texture']",good fit,0,2,Gentle ingredient with no concern match; neutral fit,0,3,Peptide
Mushroom Extract,Normal,"['Dullness', 'Texture']",good fit,0,3,Description strongly soothing/calming; low irritancy even without direct concern match,0,1,Plant Extract
Moringa Seed Extract,Normal,"['Dullness', 'Texture']",good fit,0,4,Directly addresses 2 concern(s) and description confirms soothing profile,0,5,Plant Extract
Marshmallow Root,Normal,"['Dullness', 'Texture']",good fit,0,3,Description strongly soothing/calming; low irritancy even without direct concern match,0,1,Other
Mineral UV Filters,Normal,"['Dullness', 'Texture']",possible irritation,1,3,Moderate irritancy (3) — possible irritation for Normal skin,1,1,UV Filter
Meadowfoam Seed Oil,Normal,"['Dullness', 'Texture']",possible irritation,1,3,Moderate irritancy (2) — possible irritation for Normal skin,0,3,Lipid/Oil
Marine Extract,Normal,"['Dullness', 'Texture']",good fit,0,2,Gentle ingredient with no concern match; neutral fit,0,3,Marine/Algae
Mango Seed Butter,Normal,"['Dullness', 'Texture']",possible irritation,1,3,Moderate irritancy (2) — possible irritation for Normal skin,0,1,Lipid/Oil
Palmitoyl Oligopeptide,Normal,"['Dullness', 'Texture']",good fit,0,2,Gentle ingredient with no concern match; neutral fit,0,3,Peptide
Mandelic Acid,Normal,"['Dullness', 'Texture']",poor fit,2,4,"High combined irritancy score (4): category=AHA, sensitivity=2, desc signals=-1",2,8,AHA
Palmitoyl Nonapeptide,Normal,"['Dullness', 'Texture']",possible irritation,1,2,Gentle ingredient with no concern match; neutral fit [label adjusted for expert variance],0,3,Peptide
Palmitoyl Pentapeptide,Normal,"['Dullness', 'Texture']",good fit,0,2,Gentle ingredient with no concern match; neutral fit [label adjusted for expert variance],0,3,Peptide
Palmitoyl Glycine,Normal,"['Dullness', 'Texture']",good fit,0,3,Description strongly soothing/calming; low irritancy even without direct concern match,0,3,Amino Acid
Palmitoyl Heptapeptide,Normal,"['Dullness', 'Texture']",good fit,0,2,Gentle ingredient with no concern match; neutral fit,0,3,Peptide
Octocrylene,Normal,"['Dullness', 'Texture']",poor fit,2,3,Moderate irritancy (2) — possible irritation for Normal skin [label adjusted for expert variance],2,1,Other
Palmitoyl Decapeptide,Normal,"['Dullness', 'Texture']",good fit,0,2,Gentle ingredient with no concern match; neutral fit,0,3,Peptide
Oligopeptide,Normal,"['Dullness', 'Texture']",good fit,0,2,Gentle ingredient with no concern match; neutral fit,0,3,Peptide
Padina Pavonica Thallus Extract,Normal,"['Dullness', 'Texture']",good fit,0,2,Gentle ingredient with no concern match; neutral fit,0,3,Plant Extract
Oat Extract,Normal,"['Dullness', 'Texture']",good fit,0,4,Directly addresses 1 concern(s) and description confirms soothing profile,0,4,Plant Extract
Octisalate,Normal,"['Dullness', 'Texture']",poor fit,2,4,"High combined irritancy score (4): category=UV Filter, sensitivity=2, desc signals=0",2,1,UV Filter
Octinoxate,Normal,"['Dullness', 'Texture']",poor fit,2,4,"High combined irritancy score (4): category=UV Filter, sensitivity=2, desc signals=0",2,1,UV Filter
Polyhydroxy Acids,Normal,"['Dullness', 'Texture']",good fit,0,4,Directly addresses 2 concern(s) and description confirms soothing profile,0,9,Other
Porphyridium Cruentum Extract,Normal,"['Dullness', 'Texture']",good fit,0,3,Description strongly soothing/calming; low irritancy even without direct concern match,0,3,Plant Extract
Polyporus Umbellatus (Mushroom) Extract,Normal,"['Dullness', 'Texture']",possible irritation,1,3,Addresses 1 concern(s); low irritancy [label adjusted for expert variance],0,2,Plant Extract
Phytic Acid,Normal,"['Dullness', 'Texture']",good fit,0,2,Gentle ingredient with no concern match; neutral fit,0,3,Other
Plankton Extract,Normal,"['Dullness', 'Texture']",good fit,0,3,Description strongly soothing/calming; low irritancy even without direct concern match,0,3,Marine/Algae
Perfluorodecalin,Normal,"['Dullness', 'Texture']",good fit,0,4,Directly addresses 1 concern(s) and description confirms soothing profile,0,4,Other
Phytosphingosine,Normal,"['Dullness', 'Texture']",good fit,0,3,Addresses 2 concern(s); low irritancy,0,4,Ceramide
Phospholipids,Normal,"['Dullness', 'Texture']",possible irritation,1,3,Moderate irritancy (2) — possible irritation for Normal skin,0,4,Lipid/Oil
Palmitoyl  Tripeptide-1,Normal,"['Dullness', 'Texture']",good fit,0,2,Gentle ingredient with no concern match; neutral fit,0,3,Peptide
Pentapeptide,Normal,"['Dullness', 'Texture']",good fit,0,2,Gentle ingredient with no concern match; neutral fit,0,3,Peptide
Palmitoyl Tetrapeptide,Normal,"['Dullness', 'Texture']",good fit,0,2,Gentle ingredient with no concern match; neutral fit,0,3,Peptide
Parachlorella Beijerinckii Exopolysaccharides,Normal,"['Dullness', 'Texture']",good fit,0,2,Gentle ingredient with no concern match; neutral fit,0,3,Other
Retinyl Retinoate,Normal,"['Dullness', 'Texture']",poor fit,2,4,"High combined irritancy score (7): category=Retinoid, sensitivity=3, desc signals=1",3,9,Retinoid
Palmitoyl Tripeptide,Normal,"['Dullness', 'Texture']",good fit,0,2,Gentle ingredient with no concern match; neutral fit,0,3,Peptide
Neurophroline,Normal,"['Dullness', 'Texture']",good fit,0,4,Directly addresses 2 concern(s) and description confirms soothing profile,0,5,Other
Retinyl Propionate,Normal,"['Dullness', 'Texture']",poor fit,2,4,"High combined irritancy score (6): category=Retinoid, sensitivity=3, desc signals=0",3,7,Retinoid
Retinyl Palmitate,Normal,"['Dullness', 'Texture']",poor fit,2,4,"High combined irritancy score (5): category=Retinoid, sensitivity=2, desc signals=0",2,1,Retinoid
Retinol,Normal,"['Dullness', 'Texture']",poor fit,2,4,"High combined irritancy score (6): category=Retinoid, sensitivity=3, desc signals=0",3,9,Retinoid
Resveratrol,Normal,"['Dullness', 'Texture']",good fit,0,3,Description strongly soothing/calming; low irritancy even without direct concern match,0,3,Other
Red Algae,Normal,"['Dullness', 'Texture']",good fit,0,4,Directly addresses 1 concern(s) and description confirms soothing profile,0,3,Marine/Algae
Quercetin,Normal,"['Dullness', 'Texture']",good fit,0,4,Directly addresses 1 concern(s) and description confirms soothing profile,0,3,Other
Pseudoalteromonas Exopolysaccharides,Normal,"['Dullness', 'Texture']",good fit,0,2,Gentle ingredient with no concern match; neutral fit [label adjusted for expert variance],0,3,Other
Proline,Normal,"['Dullness', 'Texture']",good fit,0,3,Addresses 1 concern(s); low irritancy,0,5,Amino Acid
Potassium Azeloyl Diglycinate,Normal,"['Dullness', 'Texture']",good fit,0,4,Directly addresses 1 concern(s) and description confirms soothing profile,1,7,Other
Probiotics,Normal,"['Dullness', 'Texture']",good fit,0,3,Description strongly soothing/calming; low irritancy even without direct concern match,0,3,Probiotic/Ferment
Prickly Pear Extract,Normal,"['Dullness', 'Texture']",good fit,0,3,Description strongly soothing/calming; low irritancy even without direct concern match,0,1,Plant Extract
Snow Mushroom Extract,Normal,"['Dullness', 'Texture']",good fit,0,4,Directly addresses 1 concern(s) and description confirms soothing profile,0,4,Plant Extract
Prebiotics,Normal,"['Dullness', 'Texture']",good fit,0,3,Description strongly soothing/calming; low irritancy even without direct concern match,0,3,Probiotic/Ferment
Shea Butter,Normal,"['Dullness', 'Texture']",poor fit,2,4,"High combined irritancy score (5): category=Lipid/Oil, sensitivity=2, desc signals=2",2,4,Lipid/Oil
Sesame Seed Oil,Normal,"['Dullness', 'Texture']",good fit,0,3,Description strongly soothing/calming; low irritancy even without direct concern match,0,1,Lipid/Oil
Silk Protein,Normal,"['Dullness', 'Texture']",good fit,0,2,Gentle ingredient with no concern match; neutral fit,1,1,Other
Sh-Oligopeptide,Normal,"['Dullness', 'Texture']",good fit,0,2,Gentle ingredient with no concern match; neutral fit,0,3,Peptide
Serine,Normal,"['Dullness', 'Texture']",good fit,0,3,Addresses 1 concern(s); low irritancy,0,2,Amino Acid
Sea Buckthorn Water,Normal,"['Dullness', 'Texture']",good fit,0,3,Addresses 1 concern(s); low irritancy,0,1,Plant Extract
Saskatoon Berry,Normal,"['Dullness', 'Texture']",good fit,0,2,Gentle ingredient with no concern match; neutral fit,0,0,Other
Salicylic Acid,Normal,"['Dullness', 'Texture']",poor fit,2,4,"High combined irritancy score (6): category=BHA, sensitivity=4, desc signals=-1",4,8,BHA
Rosemary Leaf Extract,Normal,"['Dullness', 'Texture']",good fit,0,3,Description strongly soothing/calming; low irritancy even without direct concern match,0,1,Plant Extract
Safflower Seed Oil,Normal,"['Dullness', 'Texture']",possible irritation,1,3,Moderate irritancy (3) — possible irritation for Normal skin,1,3,Lipid/Oil
Saccharomyces Cerevisiae (Yeast) Extract,Normal,"['Dullness', 'Texture']",good fit,0,3,Description strongly soothing/calming; low irritancy even without direct concern match,0,3,Probiotic/Ferment
Sacred Lotus Flower Extract,Normal,"['Dullness', 'Texture']",good fit,0,2,Gentle ingredient with no concern match; neutral fit,0,4,Plant Extract
Tasmanian Pepperberry Extract,Normal,"['Dullness', 'Texture']",good fit,0,3,Description strongly soothing/calming; low irritancy even without direct concern match,0,1,Plant Extract
Tartaric Acid,Normal,"['Dullness', 'Texture']",possible irritation,1,3,Moderate irritancy (3) — possible irritation for Normal skin,1,4,AHA
Rhamnose,Normal,"['Dullness', 'Texture']",good fit,0,3,Description strongly soothing/calming; low irritancy even without direct concern match,0,3,Other
Sweet Almond Oil,Normal,"['Dullness', 'Texture']",possible irritation,1,3,Moderate irritancy (2) — possible irritation for Normal skin,1,2,Lipid/Oil
Symsitive,Normal,"['Dullness', 'Texture']",good fit,0,3,Description strongly soothing/calming; low irritancy even without direct concern match,0,1,Other
Sugar Cane Extract,Normal,"['Dullness', 'Texture']",good fit,0,4,Directly addresses 2 concern(s) and description confirms soothing profile,0,5,Plant Extract
Superoxide Dismutase,Normal,"['Dullness', 'Texture']",good fit,0,3,Description strongly soothing/calming; low irritancy even without direct concern match,0,0,Other
Sunflower Oil,Normal,"['Dullness', 'Texture']",possible irritation,1,3,Moderate irritancy (2) — possible irritation for Normal skin,1,3,Lipid/Oil
Spent Grain Wax,Normal,"['Dullness', 'Texture']",possible irritation,1,3,Moderate irritancy (3) — possible irritation for Normal skin,0,2,Lipid/Oil
Sulfur,Normal,"['Dullness', 'Texture']",good fit,0,3,Description strongly soothing/calming; low irritancy even without direct concern match,0,2,Mineral
Squalane,Normal,"['Dullness', 'Texture']",good fit,0,4,Directly addresses 2 concern(s) and description confirms soothing profile,0,4,Lipid/Oil
Urea,Normal,"['Dullness', 'Texture']",possible irritation,1,3,Addresses 2 concern(s); low irritancy [label adjusted for expert variance],0,3,Humectant
Sodium Lactate,Normal,"['Dullness', 'Texture']",good fit,0,3,Addresses 1 concern(s); low irritancy,0,2,Humectant
Turmeric Root Extract,Normal,"['Dullness', 'Texture']",good fit,0,3,Description strongly soothing/calming; low irritancy even without direct concern match,0,1,Plant Extract
Valine,Normal,"['Dullness', 'Texture']",good fit,0,3,Addresses 1 concern(s); low irritancy,0,2,Amino Acid
Trehalose,Normal,"['Dullness', 'Texture']",good fit,0,3,Addresses 1 concern(s); low irritancy,0,2,Humectant
Tripleurospermum Maritimum Extract,Normal,"['Dullness', 'Texture']",good fit,0,3,Description strongly soothing/calming; low irritancy even without direct concern match,0,3,Plant Extract
Triazine Diethyl Butamidotriazone,Normal,"['Dullness', 'Texture']",poor fit,2,4,"High combined irritancy score (4): category=UV Filter, sensitivity=2, desc signals=0",2,1,UV Filter
Thiamidol,Normal,"['Dullness', 'Texture']",good fit,0,2,Gentle ingredient with no concern match; neutral fit,0,2,Other
Tranexamic Acid,Normal,"['Dullness', 'Texture']",good fit,0,3,Addresses 1 concern(s); low irritancy,0,3,Other
Tomato Stem Cells,Normal,"['Dullness', 'Texture']",good fit,0,2,Gentle ingredient with no concern match; neutral fit,0,3,Plant Extract
Teprenone,Normal,"['Dullness', 'Texture']",good fit,0,3,Addresses 1 concern(s); low irritancy,0,5,Other
Threonine,Normal,"['Dullness', 'Texture']",good fit,0,3,Addresses 1 concern(s); low irritancy,0,2,Amino Acid
Zinc Gluconate,Normal,"['Dullness', 'Texture']",good fit,0,2,Gentle ingredient with no concern match; neutral fit,0,4,Mineral
Tetrahexyldecyl Ascorbate,Normal,"['Dullness', 'Texture']",good fit,0,3,Moderate irritancy (2) — possible irritation for Normal skin [label adjusted for expert variance],1,5,Vitamin C
Zinc,Normal,"['Dullness', 'Texture']",good fit,0,3,Description strongly soothing/calming; low irritancy even without direct concern match,0,4,Mineral
Yerba Mate Extract,Normal,"['Dullness', 'Texture']",good fit,0,3,Description strongly soothing/calming; low irritancy even without direct concern match,0,1,Plant Extract
Yeast Amino Acids,Normal,"['Dullness', 'Texture']",good fit,0,2,Gentle ingredient with no concern match; neutral fit,0,1,Probiotic/Ferment
Willow Herb Extract,Normal,"['Dullness', 'Texture']",good fit,0,3,Description strongly soothing/calming; low irritancy even without direct concern match,0,1,Plant Extract
Willow Bark Extract,Normal,"['Dullness', 'Texture']",possible irritation,1,3,Moderate irritancy (2) — possible irritation for Normal skin,2,6,Plant Extract
Wild Cherry Extract,Normal,"['Dullness', 'Texture']",good fit,0,3,Description strongly soothing/calming; low irritancy even without direct concern match,0,1,Plant Extract
White Tea,Normal,"['Dullness', 'Texture']",good fit,0,3,Description strongly soothing/calming; low irritancy even without direct concern match,0,1,Other
Vitamin K1,Normal,"['Dullness', 'Texture']",good fit,0,3,Addresses 1 concern(s); low irritancy,0,1,Vitamin
Vitamin E,Normal,"['Dullness', 'Texture']",good fit,0,3,Addresses 1 concern(s); low irritancy,0,4,Vitamin
Vitamin C,Normal,"['Dullness', 'Texture']",poor fit,2,4,"High combined irritancy score (4): category=Vitamin C, sensitivity=3, desc signals=0",3,5,Vitamin C
Vitamin B5,Normal,"['Dullness', 'Texture']",good fit,0,4,Directly addresses 2 concern(s) and description confirms soothing profile,0,5,Vitamin
Vitamin A,Normal,"['Dullness', 'Texture']",poor fit,2,4,"High combined irritancy score (7): category=Retinoid, sensitivity=3, desc signals=1",3,9,Retinoid
Vibrio Alginolyticus Ferment Filtrate,Normal,"['Dullness', 'Texture']",good fit,0,2,Gentle ingredient with no concern match; neutral fit,0,3,Probiotic/Ferment
Tea Tree Oil,Normal,"['Dullness', 'Texture']",good fit,0,3,Description strongly soothing/calming; low irritancy even without direct concern match [label adjusted for expert variance],0,2,Lipid/Oil
Zinc Sulfate,Normal,"['Dullness', 'Texture']",good fit,0,4,Directly addresses 1 concern(s) and description confirms soothing profile,0,1,Mineral
Zinc PCA,Normal,"['Dullness', 'Texture']",good fit,0,2,Gentle ingredient with no concern match; neutral fit [label adjusted for expert variance],0,5,Mineral
Neoglucosamine,Normal,"['Dullness', 'Texture']",good fit,0,3,Addresses 1 concern(s); low irritancy [label adjusted for expert variance],1,8,Other
Taurine,Normal,"['Dullness', 'Texture']",good fit,0,3,Addresses 2 concern(s); low irritancy,0,3,Amino Acid
Sodium Ascorbyl Phosphate,Normal,"['Dullness', 'Texture']",possible irritation,1,3,Moderate irritancy (2) — possible irritation for Normal skin,1,5,Vitamin C
Alpha-Glucan Oligosaccharide,Normal,"['Dark Circles', 'Redness']",good fit,0,4,Directly addresses 1 concern(s) and description confirms soothing profile,0,3,Other
Aloe Vera,Normal,"['Dark Circles', 'Redness']",good fit,0,3,Description strongly soothing/calming; low irritancy even without direct concern match,0,4,Other
Allantoin,Normal,"['Dark Circles', 'Redness']",good fit,0,4,Directly addresses 1 concern(s) and description confirms soothing profile,0,3,Other
Algin,Normal,"['Dark Circles', 'Redness']",good fit,0,2,Gentle ingredient with no concern match; neutral fit,0,3,Other
Algae Extract,Normal,"['Dark Circles', 'Redness']",good fit,0,2,Gentle ingredient with no concern match; neutral fit,0,3,Marine/Algae
Algae Exopolysaccharides,Normal,"['Dark Circles', 'Redness']",good fit,0,2,Gentle ingredient with no concern match; neutral fit,0,3,Marine/Algae
Alaria Esculenta Extract,Normal,"['Dark Circles', 'Redness']",good fit,0,2,Gentle ingredient with no concern match; neutral fit,0,3,Plant Extract
Alanine,Normal,"['Dark Circles', 'Redness']",good fit,0,2,Gentle ingredient with no concern match; neutral fit,0,2,Amino Acid
Ahnfeltia Concinna Extract,Normal,"['Dark Circles', 'Redness']",good fit,0,2,Gentle ingredient with no concern match; neutral fit,0,3,Plant Extract
Adenosine,Normal,"['Dark Circles', 'Redness']",good fit,0,4,Directly addresses 1 concern(s) and description confirms soothing profile,0,7,Other
Acetyl Tyrosinamide,Normal,"['Dark Circles', 'Redness']",good fit,0,2,Gentle ingredient with no concern match; neutral fit,0,3,Other
Acetyl Tetrapeptide,Normal,"['Dark Circles', 'Redness']",good fit,0,2,Gentle ingredient with no concern match; neutral fit,0,3,Peptide
Acetyl Glucosamine,Normal,"['Dark Circles', 'Redness']",good fit,0,4,Directly addresses 1 concern(s) and description confirms soothing profile,0,7,Other
Acetylarginyltryptophyl Diphenylglycine,Normal,"['Dark Circles', 'Redness']",good fit,0,2,Gentle ingredient with no concern match; neutral fit [label adjusted for expert variance],0,3,Amino Acid
Acai Extract,Normal,"['Dark Circles', 'Redness']",good fit,0,2,Gentle ingredient with no concern match; neutral fit,0,0,Plant Extract
Ascorbic Acid,Normal,"['Dark Circles', 'Redness']",poor fit,2,4,"High combined irritancy score (7): category=Vitamin C, sensitivity=3, desc signals=3",3,5,Vitamin C
Ascophyllum Nodosum Extract,Normal,"['Dark Circles', 'Redness']",good fit,0,2,Gentle ingredient with no concern match; neutral fit,0,3,Plant Extract
Arginine PCA,Normal,"['Dark Circles', 'Redness']",good fit,0,2,Gentle ingredient with no concern match; neutral fit,0,2,Amino Acid
Arginine/Lysine Polypeptide,Normal,"['Dark Circles', 'Redness']",good fit,0,2,Gentle ingredient with no concern match; neutral fit,0,3,Peptide
Arginine HCL,Normal,"['Dark Circles', 'Redness']",good fit,0,2,Gentle ingredient with no concern match; neutral fit,0,2,Amino Acid
Arginine,Normal,"['Dark Circles', 'Redness']",good fit,0,2,Gentle ingredient with no concern match; neutral fit,0,3,Amino Acid
Argan Oil,Normal,"['Dark Circles', 'Redness']",possible irritation,1,3,Moderate irritancy (2) — possible irritation for Normal skin,1,3,Lipid/Oil
Arbutin,Normal,"['Dark Circles', 'Redness']",good fit,0,2,Gentle ingredient with no concern match; neutral fit,1,2,Other
Aquagenium,Normal,"['Dark Circles', 'Redness']",good fit,0,2,Gentle ingredient with no concern match; neutral fit,0,2,Other
Apple Stem Cells,Normal,"['Dark Circles', 'Redness']",good fit,0,2,Gentle ingredient with no concern match; neutral fit,0,3,Plant Extract
Apple Polyphenols,Normal,"['Dark Circles', 'Redness']",good fit,0,3,Description strongly soothing/calming; low irritancy even without direct concern match,0,0,Other
Apple Extract,Normal,"['Dark Circles', 'Redness']",good fit,0,2,Gentle ingredient with no concern match; neutral fit,0,0,Plant Extract
Anti-Ageing Peptides,Normal,"['Dark Circles', 'Redness']",good fit,0,2,Gentle ingredient with no concern match; neutral fit,0,3,Peptide
Amino Acids,Normal,"['Dark Circles', 'Redness']",good fit,0,2,Gentle ingredient with no concern match; neutral fit,0,5,Amino Acid
Alteromonas Ferment Extract,Normal,"['Dark Circles', 'Redness']",good fit,0,3,Description strongly soothing/calming; low irritancy even without direct concern match,0,3,Probiotic/Ferment
Bifida Ferment Lysate,Normal,"['Dark Circles', 'Redness']",good fit,0,4,Directly addresses 1 concern(s) and description confirms soothing profile,0,3,Probiotic/Ferment
Beta Glucan,Normal,"['Dark Circles', 'Redness']",good fit,0,4,Directly addresses 1 concern(s) and description confirms soothing profile,0,5,Other
Bakuchiol,Normal,"['Dark Circles', 'Redness']",good fit,0,2,Gentle ingredient with no concern match; neutral fit [label adjusted for expert variance],0,3,Other
Azelaoyl Bis-Dipeptide,Normal,"['Dark Circles', 'Redness']",good fit,0,2,Gentle ingredient with no concern match; neutral fit,1,3,Peptide
Azelaic Acid,Normal,"['Dark Circles', 'Redness']",good fit,0,4,Directly addresses 1 concern(s) and description confirms soothing profile,1,8,Other
Avocado Oil,Normal,"['Dark Circles', 'Redness']",possible irritation,1,3,Moderate irritancy (2) — possible irritation for Normal skin,1,3,Lipid/Oil
Avocado Ferment,Normal,"['Dark Circles', 'Redness']",good fit,0,2,Gentle ingredient with no concern match; neutral fit,0,3,Probiotic/Ferment
Avene Thermal Water,Normal,"['Dark Circles', 'Redness']",good fit,0,4,Directly addresses 1 concern(s) and description confirms soothing profile,0,5,Plant Extract
Asparagopsis Armata Extract,Normal,"['Dark Circles', 'Redness']",good fit,0,2,Gentle ingredient with no concern match; neutral fit,0,3,Plant Extract
Ascorbyl Palmitate,Normal,"['Dark Circles', 'Redness']",possible irritation,1,3,Moderate irritancy (2) — possible irritation for Normal skin,1,1,Vitamin C
Ascorbyl Glucoside,Normal,"['Dark Circles', 'Redness']",possible irritation,1,3,Moderate irritancy (2) — possible irritation for Normal skin,1,5,Vitamin C
Caffeine,Normal,"['Dark Circles', 'Redness']",good fit,0,3,Addresses 3 concern(s); low irritancy,0,3,Other
Caffeic Acid,Normal,"['Dark Circles', 'Redness']",good fit,0,4,Directly addresses 1 concern(s) and description confirms soothing profile,0,1,Other
Cabbage Leaf Extract,Normal,"['Dark Circles', 'Redness']",good fit,0,3,Description strongly soothing/calming; low irritancy even without direct concern match,0,0,Plant Extract
Butyl Methoxydibenzoylmethane,Normal,"['Dark Circles', 'Redness']",poor fit,2,4,"High combined irritancy score (4): category=UV Filter, sensitivity=2, desc signals=0",2,1,UV Filter
Blue Mallow Extract,Normal,"['Dark Circles', 'Redness']",good fit,0,3,Description strongly soothing/calming; low irritancy even without direct concern match,0,0,Plant Extract
Blue Lotus Extract,Normal,"['Dark Circles', 'Redness']",good fit,0,3,Description strongly soothing/calming; low irritancy even without direct concern match,0,0,Plant Extract
Blueberry Extract,Normal,"['Dark Circles', 'Redness']",good fit,0,3,Description strongly soothing/calming; low irritancy even without direct concern match,0,0,Plant Extract
Bilberry Extract,Normal,"['Dark Circles', 'Redness']",good fit,0,4,Directly addresses 1 concern(s) and description confirms soothing profile,0,1,Plant Extract
Bis-Ethylhexyloxyphenol Methoxyphenyl Triazine,Normal,"['Dark Circles', 'Redness']",poor fit,2,4,"High combined irritancy score (5): category=UV Filter, sensitivity=2, desc signals=1",2,1,UV Filter
Bisabolol,Normal,"['Dark Circles', 'Redness']",good fit,0,4,Directly addresses 1 concern(s) and description confirms soothing profile,0,5,Other
Bio-Active Glucosides,Normal,"['Dark Circles', 'Redness']",good fit,0,4,Directly addresses 1 concern(s) and description confirms soothing profile,0,1,Other
Chondrus Crispus,Normal,"['Dark Circles', 'Redness']",good fit,0,2,Gentle ingredient with no concern match; neutral fit,0,3,Other
Cholesterol,Normal,"['Dark Circles', 'Redness']",good fit,0,2,Gentle ingredient with no concern match; neutral fit,0,3,Other
Chlorophyll,Normal,"['Dark Circles', 'Redness']",good fit,0,3,Description strongly soothing/calming; low irritancy even without direct concern match,0,0,Other
Chlorella Vulgaris Extract,Normal,"['Dark Circles', 'Redness']",possible irritation,1,2,Gentle ingredient with no concern match; neutral fit [label adjusted for expert variance],0,3,Plant Extract
Chamomile Extract,Normal,"['Dark Circles', 'Redness']",good fit,0,4,Directly addresses 1 concern(s) and description confirms soothing profile,0,2,Plant Extract
Chlorella Protothecoides Oil,Normal,"['Dark Circles', 'Redness']",good fit,0,2,Gentle ingredient with no concern match; neutral fit,0,3,Lipid/Oil
Ceramides,Normal,"['Dark Circles', 'Redness']",good fit,0,4,Directly addresses 1 concern(s) and description confirms soothing profile,0,5,Ceramide
Chlorella Protothecoides,Normal,"['Dark Circles', 'Redness']",good fit,0,2,Gentle ingredient with no concern match; neutral fit [label adjusted for expert variance],0,3,Other
Chemical UV Filters,Normal,"['Dark Circles', 'Redness']",possible irritation,1,3,Moderate irritancy (3) — possible irritation for Normal skin,1,1,UV Filter
Caprooyl Sphingosine,Normal,"['Dark Circles', 'Redness']",good fit,0,2,Gentle ingredient with no concern match; neutral fit,0,4,Ceramide
Centella Asiatica,Normal,"['Dark Circles', 'Redness']",good fit,0,4,Directly addresses 2 concern(s) and description confirms soothing profile,0,5,Other
Carnosine,Normal,"['Dark Circles', 'Redness']",good fit,0,4,Directly addresses 1 concern(s) and description confirms soothing profile,0,1,Other
Caprooyl Phytosphingosine,Normal,"['Dark Circles', 'Redness']",good fit,0,2,Gentle ingredient with no concern match; neutral fit [label adjusted for expert variance],0,4,Ceramide
Ectoin,Normal,"['Dark Circles', 'Redness']",good fit,0,3,Description strongly soothing/calming; low irritancy even without direct concern match,0,2,Other
Dunaliella Salina (Green Algae) Extract,Normal,"['Dark Circles', 'Redness']",good fit,0,2,Gentle ingredient with no concern match; neutral fit,0,3,Marine/Algae
Dioic Acid,Normal,"['Dark Circles', 'Redness']",good fit,0,3,Description strongly soothing/calming; low irritancy even without direct concern match,0,3,Other
Cucumber Extract,Normal,"['Dark Circles', 'Redness']",good fit,0,3,Description strongly soothing/calming; low irritancy even without direct concern match,0,0,Plant Extract
Dipeptide Diaminobutyroyl Benzylamide Diacetate,Normal,"['Dark Circles', 'Redness']",good fit,0,2,Gentle ingredient with no concern match; neutral fit,0,3,Peptide
Dipeptide,Normal,"['Dark Circles', 'Redness']",good fit,0,2,Gentle ingredient with no concern match; neutral fit,0,3,Peptide
Copper Peptide,Normal,"['Dark Circles', 'Redness']",good fit,0,2,Gentle ingredient with no concern match; neutral fit,0,3,Peptide
Copper Palmitoyl Heptapeptide,Normal,"['Dark Circles', 'Redness']",good fit,0,2,Gentle ingredient with no concern match; neutral fit [label adjusted for expert variance],0,3,Peptide
Copper Heptapeptide-14 Pantothenate,Normal,"['Dark Circles', 'Redness']",good fit,0,2,Gentle ingredient with no concern match; neutral fit,0,3,Peptide
Coffee Seed Extract,Normal,"['Dark Circles', 'Redness']",good fit,0,4,Directly addresses 1 concern(s) and description confirms soothing profile,0,1,Plant Extract
Citric Acid,Normal,"['Dark Circles', 'Redness']",possible irritation,1,3,Moderate irritancy (3) — possible irritation for Normal skin,0,4,AHA
Cinnamon Bark,Normal,"['Dark Circles', 'Redness']",good fit,0,2,Gentle ingredient with no concern match; neutral fit,0,1,Other
Fomes Ofﬁcinalis (Mushroom) Extract,Normal,"['Dark Circles', 'Redness']",good fit,0,2,Gentle ingredient with no concern match; neutral fit,0,3,Plant Extract
Ginkgo Biloba,Normal,"['Dark Circles', 'Redness']",good fit,0,4,Directly addresses 1 concern(s) and description confirms soothing profile,0,1,Other
Fructooligosaccharides,Normal,"['Dark Circles', 'Redness']",good fit,0,4,Directly addresses 1 concern(s) and description confirms soothing profile,0,3,Other
Feverfew Extract,Normal,"['Dark Circles', 'Redness']",good fit,0,4,Directly addresses 1 concern(s) and description confirms soothing profile,0,1,Plant Extract
Ferulic Acid,Normal,"['Dark Circles', 'Redness']",good fit,0,2,Gentle ingredient with no concern match; neutral fit,0,0,Vitamin
Ethylhexyl Triazone,Normal,"['Dark Circles', 'Redness']",poor fit,2,4,"High combined irritancy score (4): category=UV Filter, sensitivity=2, desc signals=0",2,1,UV Filter
Ferric Hexapeptide,Normal,"['Dark Circles', 'Redness']",good fit,0,2,Gentle ingredient with no concern match; neutral fit,0,3,Peptide
Fernblock,Normal,"['Dark Circles', 'Redness']",good fit,0,2,Gentle ingredient with no concern match; neutral fit,0,0,Other
Evening Primrose Oil,Normal,"['Dark Circles', 'Redness']",good fit,0,3,Description strongly soothing/calming; low irritancy even without direct concern match,0,2,Lipid/Oil
Essential Lipids,Normal,"['Dark Circles', 'Redness']",good fit,0,3,Addresses 1 concern(s); low irritancy,0,5,Other
Endothelyol,Normal,"['Dark Circles', 'Redness']",good fit,0,4,Directly addresses 1 concern(s) and description confirms soothing profile,0,1,Other
Ethylhexyl Salicylate,Normal,"['Dark Circles', 'Redness']",possible irritation,1,3,Moderate irritancy (2) — possible irritation for Normal skin,2,1,Other
Ethyl Ascorbic Acid,Normal,"['Dark Circles', 'Redness']",possible irritation,1,3,Moderate irritancy (2) — possible irritation for Normal skin,1,4,Vitamin C
Green Tea,Normal,"['Dark Circles', 'Redness']",good fit,0,4,Directly addresses 1 concern(s) and description confirms soothing profile,0,2,Other
Glycosphingolipids,Normal,"['Dark Circles', 'Redness']",good fit,0,2,Gentle ingredient with no concern match; neutral fit,0,4,Ceramide
Glycoproteins,Normal,"['Dark Circles', 'Redness']",good fit,0,2,Gentle ingredient with no concern match; neutral fit,0,4,Other
Glycolipids,Normal,"['Dark Circles', 'Redness']",good fit,0,2,Gentle ingredient with no concern match; neutral fit,0,2,Other
Golden-Eye Grass Complex,Normal,"['Dark Circles', 'Redness']",good fit,0,4,Directly addresses 1 concern(s) and description confirms soothing profile,0,1,Other
Glycolic Acid,Normal,"['Dark Circles', 'Redness']",poor fit,2,4,"High combined irritancy score (6): category=AHA, sensitivity=2, desc signals=2",2,8,AHA
Glycine,Normal,"['Dark Circles', 'Redness']",possible irritation,1,2,Gentle ingredient with no concern match; neutral fit [label adjusted for expert variance],0,5,Amino Acid
Glyceryl Glucoside,Normal,"['Dark Circles', 'Redness']",good fit,0,2,Gentle ingredient with no concern match; neutral fit,0,4,Other
Gluconolactone,Normal,"['Dark Circles', 'Redness']",good fit,0,3,Description strongly soothing/calming; low irritancy even without direct concern match,0,9,Other
EGCG,Normal,"['Dark Circles', 'Redness']",good fit,0,4,Directly addresses 1 concern(s) and description confirms soothing profile,0,1,Other
Indian Gooseberry,Normal,"['Dark Circles', 'Redness']",good fit,0,3,Addresses 1 concern(s); low irritancy [label adjusted for expert variance],0,1,Other
Hydroxypinacolone Retinoate,Normal,"['Dark Circles', 'Redness']",poor fit,2,4,"High combined irritancy score (6): category=Retinoid, sensitivity=3, desc signals=0",3,9,Retinoid
Hydrolyzed Pumpkin Seedcake,Normal,"['Dark Circles', 'Redness']",good fit,0,3,Addresses 1 concern(s); low irritancy,0,6,Other
Hydrolyzed F-Fucoidan,Normal,"['Dark Circles', 'Redness']",good fit,0,2,Gentle ingredient with no concern match; neutral fit,0,3,Marine/Algae
Homosalate,Normal,"['Dark Circles', 'Redness']",poor fit,2,4,"High combined irritancy score (4): category=UV Filter, sensitivity=2, desc signals=0",2,1,UV Filter
Humectants,Normal,"['Dark Circles', 'Redness']",good fit,0,2,Gentle ingredient with no concern match; neutral fit,0,5,Humectant
Hibiscus Fruit Extract,Normal,"['Dark Circles', 'Redness']",possible irritation,1,2,Gentle ingredient with no concern match; neutral fit [label adjusted for expert variance],0,0,Plant Extract
Horse Chestnut,Normal,"['Dark Circles', 'Redness']",good fit,0,4,Directly addresses 1 concern(s) and description confirms soothing profile,0,1,Other
Heptapeptide-15 Palmitate,Normal,"['Dark Circles', 'Redness']",good fit,0,2,Gentle ingredient with no concern match; neutral fit,0,3,Peptide
Guarana Extract,Normal,"['Dark Circles', 'Redness']",good fit,0,2,Gentle ingredient with no concern match; neutral fit,0,0,Plant Extract
Histidine,Normal,"['Dark Circles', 'Redness']",good fit,0,3,Addresses 1 concern(s); low irritancy,0,4,Amino Acid
Lecithin,Normal,"['Dark Circles', 'Redness']",possible irritation,1,3,Moderate irritancy (2) — possible irritation for Normal skin,0,4,Lipid/Oil
L-Carnitine,Normal,"['Dark Circles', 'Redness']",good fit,0,3,Description strongly soothing/calming; low irritancy even without direct concern match,0,3,Other
Lactobionic Acid,Normal,"['Dark Circles', 'Redness']",good fit,0,3,Description strongly soothing/calming; low irritancy even without direct concern match,0,9,Other
L-Ascorbic Acid,Normal,"['Dark Circles', 'Redness']",poor fit,2,4,"High combined irritancy score (7): category=Vitamin C, sensitivity=3, desc signals=3",3,5,Vitamin C
Laminaria Ochroleuca (Kelp) Extract,Normal,"['Dark Circles', 'Redness']",good fit,0,3,Description strongly soothing/calming; low irritancy even without direct concern match,0,3,Marine/Algae
Lactococcus Ferment Lysate,Normal,"['Dark Circles', 'Redness']",good fit,0,4,Directly addresses 1 concern(s) and description confirms soothing profile,0,3,Probiotic/Ferment
Lactic Acid,Normal,"['Dark Circles', 'Redness']",poor fit,2,4,"High combined irritancy score (4): category=AHA, sensitivity=2, desc signals=0",2,8,AHA
Lactobacillus Ferment,Normal,"['Dark Circles', 'Redness']",good fit,0,4,Directly addresses 1 concern(s) and description confirms soothing profile,0,3,Probiotic/Ferment
Lactobacillus Extract Filtrate,Normal,"['Dark Circles', 'Redness']",good fit,0,4,Directly addresses 1 concern(s) and description confirms soothing profile,0,3,Probiotic/Ferment
Jojoba Oil,Normal,"['Dark Circles', 'Redness']",good fit,0,2,Gentle ingredient with no concern match; neutral fit,0,4,Lipid/Oil
Kola Seed Extract,Normal,"['Dark Circles', 'Redness']",good fit,0,2,Gentle ingredient with no concern match; neutral fit,0,0,Plant Extract
Jeju Green Tea Water,Normal,"['Dark Circles', 'Redness']",good fit,0,4,Directly addresses 1 concern(s) and description confirms soothing profile,0,3,Plant Extract
Kojic Acid,Normal,"['Dark Circles', 'Redness']",good fit,0,2,Gentle ingredient with no concern match; neutral fit,0,3,Other
Isoleucine,Normal,"['Dark Circles', 'Redness']",good fit,0,2,Gentle ingredient with no concern match; neutral fit,0,2,Amino Acid
Jojoba Beads,Normal,"['Dark Circles', 'Redness']",good fit,0,2,Gentle ingredient with no concern match; neutral fit,0,2,Other
Macrocystis Pyrifera (Kelp) Extract,Normal,"['Dark Circles', 'Redness']",good fit,0,2,Gentle ingredient with no concern match; neutral fit,0,3,Marine/Algae
Magnesium Sulfate,Normal,"['Dark Circles', 'Redness']",good fit,0,4,Directly addresses 1 concern(s) and description confirms soothing profile,0,1,Mineral
Magnesium Ascorbyl Phosphate,Normal,"['Dark Circles', 'Redness']",poor fit,2,4,"High combined irritancy score (4): category=Vitamin C, sensitivity=1, desc signals=2",1,3,Vitamin C
Lysine,Normal,"['Dark Circles', 'Redness']",good fit,0,4,Directly addresses 1 concern(s) and description confirms soothing profile,0,6,Amino Acid
Lily Extract,Normal,"['Dark Circles', 'Redness']",good fit,0,3,Description strongly soothing/calming; low irritancy even without direct concern match,0,0,Plant Extract
Luffa Cylindrica Extract,Normal,"['Dark Circles', 'Redness']",good fit,0,2,Gentle ingredient with no concern match; neutral fit,0,0,Plant Extract
Linolenic Acid,Normal,"['Dark Circles', 'Redness']",good fit,0,2,Gentle ingredient with no concern match; neutral fit,0,4,Lipid/Oil
Linoleic Acid,Normal,"['Dark Circles', 'Redness']",possible irritation,1,3,Moderate irritancy (2) — possible irritation for Normal skin,0,4,Lipid/Oil
Leucine,Normal,"['Dark Circles', 'Redness']",good fit,0,2,Gentle ingredient with no concern match; neutral fit,0,6,Amino Acid
Licorice Extract,Normal,"['Dark Circles', 'Redness']",good fit,0,4,Directly addresses 1 concern(s) and description confirms soothing profile,0,4,Plant Extract
Natural Moisturising Factors,Normal,"['Dark Circles', 'Redness']",good fit,0,3,Addresses 1 concern(s); low irritancy,0,5,Other
Licochalcone A,Normal,"['Dark Circles', 'Redness']",possible irritation,1,3,Description strongly soothing/calming; low irritancy even without direct concern match [label adjusted for expert variance],0,0,Other
Naringenin Chalcone,Normal,"['Dark Circles', 'Redness']",good fit,0,4,Directly addresses 1 concern(s) and description confirms soothing profile,0,2,Other
Myristoyl Nonapeptide,Normal,"['Dark Circles', 'Redness']",good fit,0,2,Gentle ingredient with no concern match; neutral fit,0,3,Peptide
Myristol Pentapeptide,Normal,"['Dark Circles', 'Redness']",good fit,0,2,Gentle ingredient with no concern match; neutral fit,0,3,Peptide
Milk Thistle Extract,Normal,"['Dark Circles', 'Redness']",good fit,0,4,Directly addresses 1 concern(s) and description confirms soothing profile,0,2,Plant Extract
Myristol Hexapeptide,Normal,"['Dark Circles', 'Redness']",possible irritation,1,2,Gentle ingredient with no concern match; neutral fit [label adjusted for expert variance],0,3,Peptide
Mushroom Extract,Normal,"['Dark Circles', 'Redness']",possible irritation,1,3,Description strongly soothing/calming; low irritancy even without direct concern match [label adjusted for expert variance],0,1,Plant Extract
Moringa Seed Extract,Normal,"['Dark Circles', 'Redness']",good fit,0,4,Directly addresses 1 concern(s) and description confirms soothing profile,0,5,Plant Extract
Marshmallow Root,Normal,"['Dark Circles', 'Redness']",good fit,0,4,Directly addresses 1 concern(s) and description confirms soothing profile,0,1,Other
Mineral UV Filters,Normal,"['Dark Circles', 'Redness']",possible irritation,1,3,Moderate irritancy (3) — possible irritation for Normal skin,1,1,UV Filter
Meadowfoam Seed Oil,Normal,"['Dark Circles', 'Redness']",possible irritation,1,3,Moderate irritancy (2) — possible irritation for Normal skin,0,3,Lipid/Oil
Marine Extract,Normal,"['Dark Circles', 'Redness']",good fit,0,2,Gentle ingredient with no concern match; neutral fit,0,3,Marine/Algae
Mango Seed Butter,Normal,"['Dark Circles', 'Redness']",possible irritation,1,3,Moderate irritancy (2) — possible irritation for Normal skin,0,1,Lipid/Oil
Palmitoyl Oligopeptide,Normal,"['Dark Circles', 'Redness']",good fit,0,2,Gentle ingredient with no concern match; neutral fit,0,3,Peptide
Mandelic Acid,Normal,"['Dark Circles', 'Redness']",poor fit,2,4,"High combined irritancy score (4): category=AHA, sensitivity=2, desc signals=-1",2,8,AHA
Palmitoyl Nonapeptide,Normal,"['Dark Circles', 'Redness']",good fit,0,2,Gentle ingredient with no concern match; neutral fit,0,3,Peptide
Palmitoyl Pentapeptide,Normal,"['Dark Circles', 'Redness']",good fit,0,2,Gentle ingredient with no concern match; neutral fit [label adjusted for expert variance],0,3,Peptide
Palmitoyl Glycine,Normal,"['Dark Circles', 'Redness']",good fit,0,3,Description strongly soothing/calming; low irritancy even without direct concern match,0,3,Amino Acid
Palmitoyl Heptapeptide,Normal,"['Dark Circles', 'Redness']",good fit,0,2,Gentle ingredient with no concern match; neutral fit,0,3,Peptide
Octocrylene,Normal,"['Dark Circles', 'Redness']",possible irritation,1,3,Moderate irritancy (2) — possible irritation for Normal skin,2,1,Other
Palmitoyl Decapeptide,Normal,"['Dark Circles', 'Redness']",good fit,0,2,Gentle ingredient with no concern match; neutral fit,0,3,Peptide
Oligopeptide,Normal,"['Dark Circles', 'Redness']",good fit,0,2,Gentle ingredient with no concern match; neutral fit,0,3,Peptide
Padina Pavonica Thallus Extract,Normal,"['Dark Circles', 'Redness']",good fit,0,2,Gentle ingredient with no concern match; neutral fit,0,3,Plant Extract
Oat Extract,Normal,"['Dark Circles', 'Redness']",good fit,0,4,Directly addresses 1 concern(s) and description confirms soothing profile,0,4,Plant Extract
Octisalate,Normal,"['Dark Circles', 'Redness']",poor fit,2,4,"High combined irritancy score (4): category=UV Filter, sensitivity=2, desc signals=0",2,1,UV Filter
Octinoxate,Normal,"['Dark Circles', 'Redness']",poor fit,2,4,"High combined irritancy score (4): category=UV Filter, sensitivity=2, desc signals=0",2,1,UV Filter
Polyhydroxy Acids,Normal,"['Dark Circles', 'Redness']",good fit,0,3,Description strongly soothing/calming; low irritancy even without direct concern match,0,9,Other
Porphyridium Cruentum Extract,Normal,"['Dark Circles', 'Redness']",good fit,0,3,Description strongly soothing/calming; low irritancy even without direct concern match,0,3,Plant Extract
Polyporus Umbellatus (Mushroom) Extract,Normal,"['Dark Circles', 'Redness']",good fit,0,2,Gentle ingredient with no concern match; neutral fit,0,2,Plant Extract
Phytic Acid,Normal,"['Dark Circles', 'Redness']",good fit,0,2,Gentle ingredient with no concern match; neutral fit,0,3,Other
Plankton Extract,Normal,"['Dark Circles', 'Redness']",good fit,0,3,Description strongly soothing/calming; low irritancy even without direct concern match,0,3,Marine/Algae
Perfluorodecalin,Normal,"['Dark Circles', 'Redness']",good fit,0,4,Directly addresses 1 concern(s) and description confirms soothing profile,0,4,Other
Phytosphingosine,Normal,"['Dark Circles', 'Redness']",good fit,0,2,Gentle ingredient with no concern match; neutral fit,0,4,Ceramide
Phospholipids,Normal,"['Dark Circles', 'Redness']",good fit,0,3,Moderate irritancy (2) — possible irritation for Normal skin [label adjusted for expert variance],0,4,Lipid/Oil
Palmitoyl  Tripeptide-1,Normal,"['Dark Circles', 'Redness']",good fit,0,2,Gentle ingredient with no concern match; neutral fit,0,3,Peptide
Pentapeptide,Normal,"['Dark Circles', 'Redness']",good fit,0,2,Gentle ingredient with no concern match; neutral fit,0,3,Peptide
Palmitoyl Tetrapeptide,Normal,"['Dark Circles', 'Redness']",good fit,0,2,Gentle ingredient with no concern match; neutral fit,0,3,Peptide
Parachlorella Beijerinckii Exopolysaccharides,Normal,"['Dark Circles', 'Redness']",good fit,0,2,Gentle ingredient with no concern match; neutral fit,0,3,Other
Retinyl Retinoate,Normal,"['Dark Circles', 'Redness']",poor fit,2,4,"High combined irritancy score (7): category=Retinoid, sensitivity=3, desc signals=1",3,9,Retinoid
Palmitoyl Tripeptide,Normal,"['Dark Circles', 'Redness']",good fit,0,2,Gentle ingredient with no concern match; neutral fit,0,3,Peptide
Neurophroline,Normal,"['Dark Circles', 'Redness']",good fit,0,4,Directly addresses 1 concern(s) and description confirms soothing profile,0,5,Other
Retinyl Propionate,Normal,"['Dark Circles', 'Redness']",poor fit,2,4,"High combined irritancy score (6): category=Retinoid, sensitivity=3, desc signals=0",3,7,Retinoid
Retinyl Palmitate,Normal,"['Dark Circles', 'Redness']",poor fit,2,4,"High combined irritancy score (5): category=Retinoid, sensitivity=2, desc signals=0",2,1,Retinoid
Retinol,Normal,"['Dark Circles', 'Redness']",poor fit,2,4,"High combined irritancy score (6): category=Retinoid, sensitivity=3, desc signals=0",3,9,Retinoid
Resveratrol,Normal,"['Dark Circles', 'Redness']",good fit,0,3,Description strongly soothing/calming; low irritancy even without direct concern match,0,3,Other
Red Algae,Normal,"['Dark Circles', 'Redness']",good fit,0,3,Description strongly soothing/calming; low irritancy even without direct concern match,0,3,Marine/Algae
Quercetin,Normal,"['Dark Circles', 'Redness']",good fit,0,3,Description strongly soothing/calming; low irritancy even without direct concern match,0,3,Other
Pseudoalteromonas Exopolysaccharides,Normal,"['Dark Circles', 'Redness']",good fit,0,2,Gentle ingredient with no concern match; neutral fit,0,3,Other
Proline,Normal,"['Dark Circles', 'Redness']",good fit,0,2,Gentle ingredient with no concern match; neutral fit,0,5,Amino Acid
Potassium Azeloyl Diglycinate,Normal,"['Dark Circles', 'Redness']",good fit,0,4,Directly addresses 1 concern(s) and description confirms soothing profile,1,7,Other
Probiotics,Normal,"['Dark Circles', 'Redness']",good fit,0,4,Directly addresses 1 concern(s) and description confirms soothing profile,0,3,Probiotic/Ferment
Prickly Pear Extract,Normal,"['Dark Circles', 'Redness']",good fit,0,4,Directly addresses 1 concern(s) and description confirms soothing profile,0,1,Plant Extract
Snow Mushroom Extract,Normal,"['Dark Circles', 'Redness']",good fit,0,4,Directly addresses 1 concern(s) and description confirms soothing profile,0,4,Plant Extract
Prebiotics,Normal,"['Dark Circles', 'Redness']",good fit,0,4,Directly addresses 1 concern(s) and description confirms soothing profile,0,3,Probiotic/Ferment
Shea Butter,Normal,"['Dark Circles', 'Redness']",poor fit,2,4,"High combined irritancy score (5): category=Lipid/Oil, sensitivity=2, desc signals=2",2,4,Lipid/Oil
Sesame Seed Oil,Normal,"['Dark Circles', 'Redness']",good fit,0,3,Description strongly soothing/calming; low irritancy even without direct concern match [label adjusted for expert variance],0,1,Lipid/Oil
Silk Protein,Normal,"['Dark Circles', 'Redness']",good fit,0,2,Gentle ingredient with no concern match; neutral fit,1,1,Other
Sh-Oligopeptide,Normal,"['Dark Circles', 'Redness']",good fit,0,2,Gentle ingredient with no concern match; neutral fit,0,3,Peptide
Serine,Normal,"['Dark Circles', 'Redness']",good fit,0,2,Gentle ingredient with no concern match; neutral fit,0,2,Amino Acid
Sea Buckthorn Water,Normal,"['Dark Circles', 'Redness']",good fit,0,2,Gentle ingredient with no concern match; neutral fit,0,1,Plant Extract
Saskatoon Berry,Normal,"['Dark Circles', 'Redness']",good fit,0,2,Gentle ingredient with no concern match; neutral fit,0,0,Other
Salicylic Acid,Normal,"['Dark Circles', 'Redness']",poor fit,2,4,"High combined irritancy score (6): category=BHA, sensitivity=4, desc signals=-1",4,8,BHA
Rosemary Leaf Extract,Normal,"['Dark Circles', 'Redness']",good fit,0,4,Directly addresses 1 concern(s) and description confirms soothing profile,0,1,Plant Extract
Safflower Seed Oil,Normal,"['Dark Circles', 'Redness']",possible irritation,1,3,Moderate irritancy (3) — possible irritation for Normal skin,1,3,Lipid/Oil
Saccharomyces Cerevisiae (Yeast) Extract,Normal,"['Dark Circles', 'Redness']",good fit,0,4,Directly addresses 1 concern(s) and description confirms soothing profile,0,3,Probiotic/Ferment
Sacred Lotus Flower Extract,Normal,"['Dark Circles', 'Redness']",good fit,0,2,Gentle ingredient with no concern match; neutral fit,0,4,Plant Extract
Tasmanian Pepperberry Extract,Normal,"['Dark Circles', 'Redness']",good fit,0,4,Directly addresses 1 concern(s) and description confirms soothing profile,0,1,Plant Extract
Tartaric Acid,Normal,"['Dark Circles', 'Redness']",possible irritation,1,3,Moderate irritancy (3) — possible irritation for Normal skin,1,4,AHA
Rhamnose,Normal,"['Dark Circles', 'Redness']",good fit,0,4,Directly addresses 1 concern(s) and description confirms soothing profile,0,3,Other
Sweet Almond Oil,Normal,"['Dark Circles', 'Redness']",possible irritation,1,3,Moderate irritancy (2) — possible irritation for Normal skin,1,2,Lipid/Oil
Symsitive,Normal,"['Dark Circles', 'Redness']",good fit,0,4,Directly addresses 1 concern(s) and description confirms soothing profile,0,1,Other
Sugar Cane Extract,Normal,"['Dark Circles', 'Redness']",good fit,0,3,Description strongly soothing/calming; low irritancy even without direct concern match,0,5,Plant Extract
Superoxide Dismutase,Normal,"['Dark Circles', 'Redness']",good fit,0,3,Description strongly soothing/calming; low irritancy even without direct concern match,0,0,Other
Sunflower Oil,Normal,"['Dark Circles', 'Redness']",possible irritation,1,3,Moderate irritancy (2) — possible irritation for Normal skin,1,3,Lipid/Oil
Spent Grain Wax,Normal,"['Dark Circles', 'Redness']",possible irritation,1,3,Moderate irritancy (3) — possible irritation for Normal skin,0,2,Lipid/Oil
Sulfur,Normal,"['Dark Circles', 'Redness']",good fit,0,3,Description strongly soothing/calming; low irritancy even without direct concern match,0,2,Mineral
Squalane,Normal,"['Dark Circles', 'Redness']",good fit,0,2,Gentle ingredient with no concern match; neutral fit,0,4,Lipid/Oil
Urea,Normal,"['Dark Circles', 'Redness']",good fit,0,2,Gentle ingredient with no concern match; neutral fit,0,3,Humectant
Sodium Lactate,Normal,"['Dark Circles', 'Redness']",good fit,0,2,Gentle ingredient with no concern match; neutral fit,0,2,Humectant
Turmeric Root Extract,Normal,"['Dark Circles', 'Redness']",good fit,0,4,Directly addresses 1 concern(s) and description confirms soothing profile,0,1,Plant Extract
Valine,Normal,"['Dark Circles', 'Redness']",good fit,0,2,Gentle ingredient with no concern match; neutral fit,0,2,Amino Acid
Trehalose,Normal,"['Dark Circles', 'Redness']",good fit,0,2,Gentle ingredient with no concern match; neutral fit,0,2,Humectant
Tripleurospermum Maritimum Extract,Normal,"['Dark Circles', 'Redness']",good fit,0,3,Description strongly soothing/calming; low irritancy even without direct concern match,0,3,Plant Extract
Triazine Diethyl Butamidotriazone,Normal,"['Dark Circles', 'Redness']",poor fit,2,4,"High combined irritancy score (4): category=UV Filter, sensitivity=2, desc signals=0",2,1,UV Filter
Thiamidol,Normal,"['Dark Circles', 'Redness']",good fit,0,2,Gentle ingredient with no concern match; neutral fit,0,2,Other
Tranexamic Acid,Normal,"['Dark Circles', 'Redness']",good fit,0,2,Gentle ingredient with no concern match; neutral fit,0,3,Other
Tomato Stem Cells,Normal,"['Dark Circles', 'Redness']",good fit,0,2,Gentle ingredient with no concern match; neutral fit,0,3,Plant Extract
Teprenone,Normal,"['Dark Circles', 'Redness']",possible irritation,1,3,Addresses 1 concern(s); low irritancy [label adjusted for expert variance],0,5,Other
Threonine,Normal,"['Dark Circles', 'Redness']",good fit,0,2,Gentle ingredient with no concern match; neutral fit,0,2,Amino Acid
Zinc Gluconate,Normal,"['Dark Circles', 'Redness']",good fit,0,4,Directly addresses 1 concern(s) and description confirms soothing profile,0,4,Mineral
Tetrahexyldecyl Ascorbate,Normal,"['Dark Circles', 'Redness']",possible irritation,1,3,Moderate irritancy (2) — possible irritation for Normal skin,1,5,Vitamin C
Zinc,Normal,"['Dark Circles', 'Redness']",good fit,0,4,Directly addresses 1 concern(s) and description confirms soothing profile,0,4,Mineral
Yerba Mate Extract,Normal,"['Dark Circles', 'Redness']",possible irritation,1,3,Description strongly soothing/calming; low irritancy even without direct concern match [label adjusted for expert variance],0,1,Plant Extract
Yeast Amino Acids,Normal,"['Dark Circles', 'Redness']",good fit,0,2,Gentle ingredient with no concern match; neutral fit,0,1,Probiotic/Ferment
Willow Herb Extract,Normal,"['Dark Circles', 'Redness']",good fit,0,3,Description strongly soothing/calming; low irritancy even without direct concern match,0,1,Plant Extract
Willow Bark Extract,Normal,"['Dark Circles', 'Redness']",possible irritation,1,3,Moderate irritancy (2) — possible irritation for Normal skin,2,6,Plant Extract
Wild Cherry Extract,Normal,"['Dark Circles', 'Redness']",good fit,0,3,Description strongly soothing/calming; low irritancy even without direct concern match,0,1,Plant Extract
White Tea,Normal,"['Dark Circles', 'Redness']",good fit,0,4,Directly addresses 1 concern(s) and description confirms soothing profile,0,1,Other
Vitamin K1,Normal,"['Dark Circles', 'Redness']",good fit,0,3,Addresses 1 concern(s); low irritancy,0,1,Vitamin
Vitamin E,Normal,"['Dark Circles', 'Redness']",good fit,0,3,Addresses 1 concern(s); low irritancy,0,4,Vitamin
Vitamin C,Normal,"['Dark Circles', 'Redness']",poor fit,2,4,"High combined irritancy score (4): category=Vitamin C, sensitivity=3, desc signals=0",3,5,Vitamin C
Vitamin B5,Normal,"['Dark Circles', 'Redness']",good fit,0,4,Directly addresses 1 concern(s) and description confirms soothing profile,0,5,Vitamin
Vitamin A,Normal,"['Dark Circles', 'Redness']",poor fit,2,4,"High combined irritancy score (7): category=Retinoid, sensitivity=3, desc signals=1",3,9,Retinoid
Vibrio Alginolyticus Ferment Filtrate,Normal,"['Dark Circles', 'Redness']",good fit,0,2,Gentle ingredient with no concern match; neutral fit,0,3,Probiotic/Ferment
Tea Tree Oil,Normal,"['Dark Circles', 'Redness']",good fit,0,4,Directly addresses 1 concern(s) and description confirms soothing profile,0,2,Lipid/Oil
Zinc Sulfate,Normal,"['Dark Circles', 'Redness']",good fit,0,4,Directly addresses 1 concern(s) and description confirms soothing profile,0,1,Mineral
Zinc PCA,Normal,"['Dark Circles', 'Redness']",good fit,0,4,Directly addresses 1 concern(s) and description confirms soothing profile,0,5,Mineral
Neoglucosamine,Normal,"['Dark Circles', 'Redness']",good fit,0,2,Gentle ingredient with no concern match; neutral fit [label adjusted for expert variance],1,8,Other
Taurine,Normal,"['Dark Circles', 'Redness']",good fit,0,2,Gentle ingredient with no concern match; neutral fit,0,3,Amino Acid
Sodium Ascorbyl Phosphate,Normal,"['Dark Circles', 'Redness']",possible irritation,1,3,Moderate irritancy (2) — possible irritation for Normal skin,1,5,Vitamin C
Alpha-Glucan Oligosaccharide,Normal,"['Wrinkles', 'Hyperpigmentation']",good fit,0,3,Description strongly soothing/calming; low irritancy even without direct concern match,0,3,Other
Aloe Vera,Normal,"['Wrinkles', 'Hyperpigmentation']",good fit,0,3,Description strongly soothing/calming; low irritancy even without direct concern match,0,4,Other
Allantoin,Normal,"['Wrinkles', 'Hyperpigmentation']",good fit,0,4,Directly addresses 1 concern(s) and description confirms soothing profile,0,3,Other
Algin,Normal,"['Wrinkles', 'Hyperpigmentation']",good fit,0,4,Directly addresses 2 concern(s) and description confirms soothing profile,0,3,Other
Algae Extract,Normal,"['Wrinkles', 'Hyperpigmentation']",good fit,0,4,Directly addresses 2 concern(s) and description confirms soothing profile,0,3,Marine/Algae
Algae Exopolysaccharides,Normal,"['Wrinkles', 'Hyperpigmentation']",good fit,0,3,Addresses 2 concern(s); low irritancy,0,3,Marine/Algae
Alaria Esculenta Extract,Normal,"['Wrinkles', 'Hyperpigmentation']",good fit,0,4,Directly addresses 2 concern(s) and description confirms soothing profile,0,3,Plant Extract
Alanine,Normal,"['Wrinkles', 'Hyperpigmentation']",good fit,0,2,Gentle ingredient with no concern match; neutral fit,0,2,Amino Acid
Ahnfeltia Concinna Extract,Normal,"['Wrinkles', 'Hyperpigmentation']",good fit,0,4,Directly addresses 2 concern(s) and description confirms soothing profile,0,3,Plant Extract
Adenosine,Normal,"['Wrinkles', 'Hyperpigmentation']",good fit,0,4,Directly addresses 3 concern(s) and description confirms soothing profile,0,7,Other
Acetyl Tyrosinamide,Normal,"['Wrinkles', 'Hyperpigmentation']",good fit,0,3,Addresses 3 concern(s); low irritancy,0,3,Other
Acetyl Tetrapeptide,Normal,"['Wrinkles', 'Hyperpigmentation']",good fit,0,3,Addresses 3 concern(s); low irritancy,0,3,Peptide
Acetyl Glucosamine,Normal,"['Wrinkles', 'Hyperpigmentation']",good fit,0,4,Directly addresses 4 concern(s) and description confirms soothing profile,0,7,Other
Acetylarginyltryptophyl Diphenylglycine,Normal,"['Wrinkles', 'Hyperpigmentation']",good fit,0,3,Addresses 3 concern(s); low irritancy [label adjusted for expert variance],0,3,Amino Acid
Acai Extract,Normal,"['Wrinkles', 'Hyperpigmentation']",good fit,0,2,Gentle ingredient with no concern match; neutral fit,0,0,Plant Extract
Ascorbic Acid,Normal,"['Wrinkles', 'Hyperpigmentation']",poor fit,2,4,"High combined irritancy score (7): category=Vitamin C, sensitivity=3, desc signals=3",3,5,Vitamin C
Ascophyllum Nodosum Extract,Normal,"['Wrinkles', 'Hyperpigmentation']",good fit,0,3,Addresses 2 concern(s); low irritancy,0,3,Plant Extract
Arginine PCA,Normal,"['Wrinkles', 'Hyperpigmentation']",good fit,0,2,Gentle ingredient with no concern match; neutral fit,0,2,Amino Acid
Arginine/Lysine Polypeptide,Normal,"['Wrinkles', 'Hyperpigmentation']",good fit,0,3,Addresses 3 concern(s); low irritancy,0,3,Peptide
Arginine HCL,Normal,"['Wrinkles', 'Hyperpigmentation']",good fit,0,2,Gentle ingredient with no concern match; neutral fit,0,2,Amino Acid
Arginine,Normal,"['Wrinkles', 'Hyperpigmentation']",good fit,0,3,Addresses 1 concern(s); low irritancy,0,3,Amino Acid
Argan Oil,Normal,"['Wrinkles', 'Hyperpigmentation']",possible irritation,1,3,Moderate irritancy (2) — possible irritation for Normal skin,1,3,Lipid/Oil
Arbutin,Normal,"['Wrinkles', 'Hyperpigmentation']",good fit,0,3,Addresses 1 concern(s); low irritancy,1,2,Other
Aquagenium,Normal,"['Wrinkles', 'Hyperpigmentation']",possible irritation,1,2,Gentle ingredient with no concern match; neutral fit [label adjusted for expert variance],0,2,Other
Apple Stem Cells,Normal,"['Wrinkles', 'Hyperpigmentation']",good fit,0,3,Addresses 3 concern(s); low irritancy,0,3,Plant Extract
Apple Polyphenols,Normal,"['Wrinkles', 'Hyperpigmentation']",good fit,0,3,Description strongly soothing/calming; low irritancy even without direct concern match,0,0,Other
Apple Extract,Normal,"['Wrinkles', 'Hyperpigmentation']",possible irritation,1,2,Gentle ingredient with no concern match; neutral fit [label adjusted for expert variance],0,0,Plant Extract
Anti-Ageing Peptides,Normal,"['Wrinkles', 'Hyperpigmentation']",good fit,0,3,Addresses 3 concern(s); low irritancy,0,3,Peptide
Amino Acids,Normal,"['Wrinkles', 'Hyperpigmentation']",good fit,0,3,Addresses 3 concern(s); low irritancy,0,5,Amino Acid
Alteromonas Ferment Extract,Normal,"['Wrinkles', 'Hyperpigmentation']",good fit,0,4,Directly addresses 2 concern(s) and description confirms soothing profile,0,3,Probiotic/Ferment
Bifida Ferment Lysate,Normal,"['Wrinkles', 'Hyperpigmentation']",good fit,0,3,Description strongly soothing/calming; low irritancy even without direct concern match,0,3,Probiotic/Ferment
Beta Glucan,Normal,"['Wrinkles', 'Hyperpigmentation']",good fit,0,3,Description strongly soothing/calming; low irritancy even without direct concern match,0,5,Other
Bakuchiol,Normal,"['Wrinkles', 'Hyperpigmentation']",good fit,0,3,Addresses 3 concern(s); low irritancy,0,3,Other
Azelaoyl Bis-Dipeptide,Normal,"['Wrinkles', 'Hyperpigmentation']",good fit,0,3,Addresses 3 concern(s); low irritancy [label adjusted for expert variance],1,3,Peptide
Azelaic Acid,Normal,"['Wrinkles', 'Hyperpigmentation']",good fit,0,4,Directly addresses 2 concern(s) and description confirms soothing profile,1,8,Other
Avocado Oil,Normal,"['Wrinkles', 'Hyperpigmentation']",possible irritation,1,3,Moderate irritancy (2) — possible irritation for Normal skin,1,3,Lipid/Oil
Avocado Ferment,Normal,"['Wrinkles', 'Hyperpigmentation']",good fit,0,2,Gentle ingredient with no concern match; neutral fit,0,3,Probiotic/Ferment
Avene Thermal Water,Normal,"['Wrinkles', 'Hyperpigmentation']",good fit,0,3,Description strongly soothing/calming; low irritancy even without direct concern match,0,5,Plant Extract
Asparagopsis Armata Extract,Normal,"['Wrinkles', 'Hyperpigmentation']",good fit,0,4,Directly addresses 2 concern(s) and description confirms soothing profile,0,3,Plant Extract
Ascorbyl Palmitate,Normal,"['Wrinkles', 'Hyperpigmentation']",possible irritation,1,3,Moderate irritancy (2) — possible irritation for Normal skin,1,1,Vitamin C
Ascorbyl Glucoside,Normal,"['Wrinkles', 'Hyperpigmentation']",possible irritation,1,3,Moderate irritancy (2) — possible irritation for Normal skin,1,5,Vitamin C
Caffeine,Normal,"['Wrinkles', 'Hyperpigmentation']",good fit,0,2,Gentle ingredient with no concern match; neutral fit,0,3,Other
Caffeic Acid,Normal,"['Wrinkles', 'Hyperpigmentation']",good fit,0,3,Description strongly soothing/calming; low irritancy even without direct concern match,0,1,Other
Cabbage Leaf Extract,Normal,"['Wrinkles', 'Hyperpigmentation']",good fit,0,3,Description strongly soothing/calming; low irritancy even without direct concern match,0,0,Plant Extract
Butyl Methoxydibenzoylmethane,Normal,"['Wrinkles', 'Hyperpigmentation']",poor fit,2,4,"High combined irritancy score (4): category=UV Filter, sensitivity=2, desc signals=0",2,1,UV Filter
Blue Mallow Extract,Normal,"['Wrinkles', 'Hyperpigmentation']",good fit,0,3,Description strongly soothing/calming; low irritancy even without direct concern match,0,0,Plant Extract
Blue Lotus Extract,Normal,"['Wrinkles', 'Hyperpigmentation']",good fit,0,3,Description strongly soothing/calming; low irritancy even without direct concern match,0,0,Plant Extract
Blueberry Extract,Normal,"['Wrinkles', 'Hyperpigmentation']",good fit,0,3,Description strongly soothing/calming; low irritancy even without direct concern match,0,0,Plant Extract
Bilberry Extract,Normal,"['Wrinkles', 'Hyperpigmentation']",good fit,0,3,Description strongly soothing/calming; low irritancy even without direct concern match,0,1,Plant Extract
Bis-Ethylhexyloxyphenol Methoxyphenyl Triazine,Normal,"['Wrinkles', 'Hyperpigmentation']",poor fit,2,4,"High combined irritancy score (5): category=UV Filter, sensitivity=2, desc signals=1",2,1,UV Filter
Bisabolol,Normal,"['Wrinkles', 'Hyperpigmentation']",possible irritation,1,3,Description strongly soothing/calming; low irritancy even without direct concern match [label adjusted for expert variance],0,5,Other
Bio-Active Glucosides,Normal,"['Wrinkles', 'Hyperpigmentation']",good fit,0,3,Description strongly soothing/calming; low irritancy even without direct concern match,0,1,Other
Chondrus Crispus,Normal,"['Wrinkles', 'Hyperpigmentation']",good fit,0,3,Addresses 2 concern(s); low irritancy,0,3,Other
Cholesterol,Normal,"['Wrinkles', 'Hyperpigmentation']",good fit,0,2,Gentle ingredient with no concern match; neutral fit,0,3,Other
Chlorophyll,Normal,"['Wrinkles', 'Hyperpigmentation']",good fit,0,3,Description strongly soothing/calming; low irritancy even without direct concern match,0,0,Other
Chlorella Vulgaris Extract,Normal,"['Wrinkles', 'Hyperpigmentation']",good fit,0,3,Addresses 2 concern(s); low irritancy,0,3,Plant Extract
Chamomile Extract,Normal,"['Wrinkles', 'Hyperpigmentation']",good fit,0,3,Description strongly soothing/calming; low irritancy even without direct concern match,0,2,Plant Extract
Chlorella Protothecoides Oil,Normal,"['Wrinkles', 'Hyperpigmentation']",good fit,0,3,Addresses 2 concern(s); low irritancy,0,3,Lipid/Oil
Ceramides,Normal,"['Wrinkles', 'Hyperpigmentation']",good fit,0,3,Description strongly soothing/calming; low irritancy even without direct concern match,0,5,Ceramide
Chlorella Protothecoides,Normal,"['Wrinkles', 'Hyperpigmentation']",good fit,0,3,Addresses 2 concern(s); low irritancy,0,3,Other
Chemical UV Filters,Normal,"['Wrinkles', 'Hyperpigmentation']",possible irritation,1,3,Moderate irritancy (3) — possible irritation for Normal skin,1,1,UV Filter
Caprooyl Sphingosine,Normal,"['Wrinkles', 'Hyperpigmentation']",good fit,0,2,Gentle ingredient with no concern match; neutral fit,0,4,Ceramide
Centella Asiatica,Normal,"['Wrinkles', 'Hyperpigmentation']",good fit,0,4,Directly addresses 2 concern(s) and description confirms soothing profile,0,5,Other
Carnosine,Normal,"['Wrinkles', 'Hyperpigmentation']",good fit,0,2,Gentle ingredient with no concern match; neutral fit,0,1,Other
Caprooyl Phytosphingosine,Normal,"['Wrinkles', 'Hyperpigmentation']",possible irritation,1,2,Gentle ingredient with no concern match; neutral fit [label adjusted for expert variance],0,4,Ceramide
Ectoin,Normal,"['Wrinkles', 'Hyperpigmentation']",good fit,0,3,Description strongly soothing/calming; low irritancy even without direct concern match,0,2,Other
Dunaliella Salina (Green Algae) Extract,Normal,"['Wrinkles', 'Hyperpigmentation']",good fit,0,4,Directly addresses 2 concern(s) and description confirms soothing profile,0,3,Marine/Algae
Dioic Acid,Normal,"['Wrinkles', 'Hyperpigmentation']",good fit,0,4,Directly addresses 2 concern(s) and description confirms soothing profile,0,3,Other
Cucumber Extract,Normal,"['Wrinkles', 'Hyperpigmentation']",good fit,0,3,Description strongly soothing/calming; low irritancy even without direct concern match,0,0,Plant Extract
Dipeptide Diaminobutyroyl Benzylamide Diacetate,Normal,"['Wrinkles', 'Hyperpigmentation']",good fit,0,3,Addresses 3 concern(s); low irritancy,0,3,Peptide
Dipeptide,Normal,"['Wrinkles', 'Hyperpigmentation']",good fit,0,3,Addresses 3 concern(s); low irritancy,0,3,Peptide
Copper Peptide,Normal,"['Wrinkles', 'Hyperpigmentation']",good fit,0,3,Addresses 3 concern(s); low irritancy,0,3,Peptide
Copper Palmitoyl Heptapeptide,Normal,"['Wrinkles', 'Hyperpigmentation']",good fit,0,3,Addresses 3 concern(s); low irritancy,0,3,Peptide
Copper Heptapeptide-14 Pantothenate,Normal,"['Wrinkles', 'Hyperpigmentation']",good fit,0,3,Addresses 3 concern(s); low irritancy,0,3,Peptide
Coffee Seed Extract,Normal,"['Wrinkles', 'Hyperpigmentation']",good fit,0,3,Description strongly soothing/calming; low irritancy even without direct concern match,0,1,Plant Extract
Citric Acid,Normal,"['Wrinkles', 'Hyperpigmentation']",possible irritation,1,3,Moderate irritancy (3) — possible irritation for Normal skin,0,4,AHA
Cinnamon Bark,Normal,"['Wrinkles', 'Hyperpigmentation']",good fit,0,2,Gentle ingredient with no concern match; neutral fit [label adjusted for expert variance],0,1,Other
Fomes Ofﬁcinalis (Mushroom) Extract,Normal,"['Wrinkles', 'Hyperpigmentation']",good fit,0,2,Gentle ingredient with no concern match; neutral fit,0,3,Plant Extract
Ginkgo Biloba,Normal,"['Wrinkles', 'Hyperpigmentation']",good fit,0,3,Description strongly soothing/calming; low irritancy even without direct concern match,0,1,Other
Fructooligosaccharides,Normal,"['Wrinkles', 'Hyperpigmentation']",good fit,0,3,Description strongly soothing/calming; low irritancy even without direct concern match,0,3,Other
Feverfew Extract,Normal,"['Wrinkles', 'Hyperpigmentation']",good fit,0,3,Description strongly soothing/calming; low irritancy even without direct concern match,0,1,Plant Extract
Ferulic Acid,Normal,"['Wrinkles', 'Hyperpigmentation']",good fit,0,2,Gentle ingredient with no concern match; neutral fit,0,0,Vitamin
Ethylhexyl Triazone,Normal,"['Wrinkles', 'Hyperpigmentation']",poor fit,2,4,"High combined irritancy score (4): category=UV Filter, sensitivity=2, desc signals=0",2,1,UV Filter
Ferric Hexapeptide,Normal,"['Wrinkles', 'Hyperpigmentation']",good fit,0,3,Addresses 3 concern(s); low irritancy,0,3,Peptide
Fernblock,Normal,"['Wrinkles', 'Hyperpigmentation']",good fit,0,2,Gentle ingredient with no concern match; neutral fit,0,0,Other
Evening Primrose Oil,Normal,"['Wrinkles', 'Hyperpigmentation']",good fit,0,3,Description strongly soothing/calming; low irritancy even without direct concern match,0,2,Lipid/Oil
Essential Lipids,Normal,"['Wrinkles', 'Hyperpigmentation']",good fit,0,2,Gentle ingredient with no concern match; neutral fit,0,5,Other
Endothelyol,Normal,"['Wrinkles', 'Hyperpigmentation']",good fit,0,3,Description strongly soothing/calming; low irritancy even without direct concern match,0,1,Other
Ethylhexyl Salicylate,Normal,"['Wrinkles', 'Hyperpigmentation']",possible irritation,1,3,Moderate irritancy (2) — possible irritation for Normal skin,2,1,Other
Ethyl Ascorbic Acid,Normal,"['Wrinkles', 'Hyperpigmentation']",possible irritation,1,3,Moderate irritancy (2) — possible irritation for Normal skin,1,4,Vitamin C
Green Tea,Normal,"['Wrinkles', 'Hyperpigmentation']",good fit,0,3,Description strongly soothing/calming; low irritancy even without direct concern match,0,2,Other
Glycosphingolipids,Normal,"['Wrinkles', 'Hyperpigmentation']",good fit,0,2,Gentle ingredient with no concern match; neutral fit,0,4,Ceramide
Glycoproteins,Normal,"['Wrinkles', 'Hyperpigmentation']",good fit,0,2,Gentle ingredient with no concern match; neutral fit,0,4,Other
Glycolipids,Normal,"['Wrinkles', 'Hyperpigmentation']",good fit,0,2,Gentle ingredient with no concern match; neutral fit,0,2,Other
Golden-Eye Grass Complex,Normal,"['Wrinkles', 'Hyperpigmentation']",good fit,0,2,Gentle ingredient with no concern match; neutral fit,0,1,Other
Glycolic Acid,Normal,"['Wrinkles', 'Hyperpigmentation']",poor fit,2,4,"High combined irritancy score (6): category=AHA, sensitivity=2, desc signals=2",2,8,AHA
Glycine,Normal,"['Wrinkles', 'Hyperpigmentation']",good fit,0,3,Addresses 3 concern(s); low irritancy,0,5,Amino Acid
Glyceryl Glucoside,Normal,"['Wrinkles', 'Hyperpigmentation']",good fit,0,2,Gentle ingredient with no concern match; neutral fit,0,4,Other
Gluconolactone,Normal,"['Wrinkles', 'Hyperpigmentation']",good fit,0,4,Directly addresses 3 concern(s) and description confirms soothing profile,0,9,Other
EGCG,Normal,"['Wrinkles', 'Hyperpigmentation']",good fit,0,3,Description strongly soothing/calming; low irritancy even without direct concern match,0,1,Other
Indian Gooseberry,Normal,"['Wrinkles', 'Hyperpigmentation']",good fit,0,2,Gentle ingredient with no concern match; neutral fit,0,1,Other
Hydroxypinacolone Retinoate,Normal,"['Wrinkles', 'Hyperpigmentation']",poor fit,2,4,"High combined irritancy score (6): category=Retinoid, sensitivity=3, desc signals=0",3,9,Retinoid
Hydrolyzed Pumpkin Seedcake,Normal,"['Wrinkles', 'Hyperpigmentation']",good fit,0,3,Addresses 2 concern(s); low irritancy [label adjusted for expert variance],0,6,Other
Hydrolyzed F-Fucoidan,Normal,"['Wrinkles', 'Hyperpigmentation']",good fit,0,3,Addresses 2 concern(s); low irritancy,0,3,Marine/Algae
Homosalate,Normal,"['Wrinkles', 'Hyperpigmentation']",poor fit,2,4,"High combined irritancy score (4): category=UV Filter, sensitivity=2, desc signals=0",2,1,UV Filter
Humectants,Normal,"['Wrinkles', 'Hyperpigmentation']",good fit,0,3,Addresses 1 concern(s); low irritancy,0,5,Humectant
Hibiscus Fruit Extract,Normal,"['Wrinkles', 'Hyperpigmentation']",good fit,0,2,Gentle ingredient with no concern match; neutral fit,0,0,Plant Extract
Horse Chestnut,Normal,"['Wrinkles', 'Hyperpigmentation']",good fit,0,3,Description strongly soothing/calming; low irritancy even without direct concern match [label adjusted for expert variance],0,1,Other
Heptapeptide-15 Palmitate,Normal,"['Wrinkles', 'Hyperpigmentation']",good fit,0,3,Addresses 3 concern(s); low irritancy,0,3,Peptide
Guarana Extract,Normal,"['Wrinkles', 'Hyperpigmentation']",good fit,0,2,Gentle ingredient with no concern match; neutral fit,0,0,Plant Extract
Histidine,Normal,"['Wrinkles', 'Hyperpigmentation']",good fit,0,2,Gentle ingredient with no concern match; neutral fit,0,4,Amino Acid
Lecithin,Normal,"['Wrinkles', 'Hyperpigmentation']",possible irritation,1,3,Moderate irritancy (2) — possible irritation for Normal skin,0,4,Lipid/Oil
L-Carnitine,Normal,"['Wrinkles', 'Hyperpigmentation']",good fit,0,3,Description strongly soothing/calming; low irritancy even without direct concern match,0,3,Other
Lactobionic Acid,Normal,"['Wrinkles', 'Hyperpigmentation']",good fit,0,4,Directly addresses 3 concern(s) and description confirms soothing profile,0,9,Other
L-Ascorbic Acid,Normal,"['Wrinkles', 'Hyperpigmentation']",poor fit,2,4,"High combined irritancy score (7): category=Vitamin C, sensitivity=3, desc signals=3",3,5,Vitamin C
Laminaria Ochroleuca (Kelp) Extract,Normal,"['Wrinkles', 'Hyperpigmentation']",good fit,0,4,Directly addresses 2 concern(s) and description confirms soothing profile,0,3,Marine/Algae
Lactococcus Ferment Lysate,Normal,"['Wrinkles', 'Hyperpigmentation']",good fit,0,3,Description strongly soothing/calming; low irritancy even without direct concern match [label adjusted for expert variance],0,3,Probiotic/Ferment
Lactic Acid,Normal,"['Wrinkles', 'Hyperpigmentation']",poor fit,2,4,"High combined irritancy score (4): category=AHA, sensitivity=2, desc signals=0",2,8,AHA
Lactobacillus Ferment,Normal,"['Wrinkles', 'Hyperpigmentation']",good fit,0,3,Description strongly soothing/calming; low irritancy even without direct concern match,0,3,Probiotic/Ferment
Lactobacillus Extract Filtrate,Normal,"['Wrinkles', 'Hyperpigmentation']",good fit,0,3,Description strongly soothing/calming; low irritancy even without direct concern match,0,3,Probiotic/Ferment
Jojoba Oil,Normal,"['Wrinkles', 'Hyperpigmentation']",good fit,0,2,Gentle ingredient with no concern match; neutral fit,0,4,Lipid/Oil
Kola Seed Extract,Normal,"['Wrinkles', 'Hyperpigmentation']",good fit,0,2,Gentle ingredient with no concern match; neutral fit,0,0,Plant Extract
Jeju Green Tea Water,Normal,"['Wrinkles', 'Hyperpigmentation']",good fit,0,3,Description strongly soothing/calming; low irritancy even without direct concern match,0,3,Plant Extract
Kojic Acid,Normal,"['Wrinkles', 'Hyperpigmentation']",good fit,0,3,Addresses 2 concern(s); low irritancy,0,3,Other
Isoleucine,Normal,"['Wrinkles', 'Hyperpigmentation']",good fit,0,2,Gentle ingredient with no concern match; neutral fit,0,2,Amino Acid
Jojoba Beads,Normal,"['Wrinkles', 'Hyperpigmentation']",good fit,0,2,Gentle ingredient with no concern match; neutral fit,0,2,Other
Macrocystis Pyrifera (Kelp) Extract,Normal,"['Wrinkles', 'Hyperpigmentation']",good fit,0,4,Directly addresses 2 concern(s) and description confirms soothing profile,0,3,Marine/Algae
Magnesium Sulfate,Normal,"['Wrinkles', 'Hyperpigmentation']",good fit,0,3,Description strongly soothing/calming; low irritancy even without direct concern match,0,1,Mineral
Magnesium Ascorbyl Phosphate,Normal,"['Wrinkles', 'Hyperpigmentation']",poor fit,2,4,"High combined irritancy score (4): category=Vitamin C, sensitivity=1, desc signals=2",1,3,Vitamin C
Lysine,Normal,"['Wrinkles', 'Hyperpigmentation']",good fit,0,4,Directly addresses 3 concern(s) and description confirms soothing profile,0,6,Amino Acid
Lily Extract,Normal,"['Wrinkles', 'Hyperpigmentation']",good fit,0,3,Description strongly soothing/calming; low irritancy even without direct concern match,0,0,Plant Extract
Luffa Cylindrica Extract,Normal,"['Wrinkles', 'Hyperpigmentation']",good fit,0,2,Gentle ingredient with no concern match; neutral fit,0,0,Plant Extract
Linolenic Acid,Normal,"['Wrinkles', 'Hyperpigmentation']",good fit,0,2,Gentle ingredient with no concern match; neutral fit,0,4,Lipid/Oil
Linoleic Acid,Normal,"['Wrinkles', 'Hyperpigmentation']",possible irritation,1,3,Moderate irritancy (2) — possible irritation for Normal skin,0,4,Lipid/Oil
Leucine,Normal,"['Wrinkles', 'Hyperpigmentation']",good fit,0,3,Addresses 3 concern(s); low irritancy,0,6,Amino Acid
Licorice Extract,Normal,"['Wrinkles', 'Hyperpigmentation']",good fit,0,4,Directly addresses 2 concern(s) and description confirms soothing profile,0,4,Plant Extract
Natural Moisturising Factors,Normal,"['Wrinkles', 'Hyperpigmentation']",good fit,0,2,Gentle ingredient with no concern match; neutral fit,0,5,Other
Licochalcone A,Normal,"['Wrinkles', 'Hyperpigmentation']",good fit,0,3,Description strongly soothing/calming; low irritancy even without direct concern match,0,0,Other
Naringenin Chalcone,Normal,"['Wrinkles', 'Hyperpigmentation']",good fit,0,3,Description strongly soothing/calming; low irritancy even without direct concern match,0,2,Other
Myristoyl Nonapeptide,Normal,"['Wrinkles', 'Hyperpigmentation']",good fit,0,3,Addresses 3 concern(s); low irritancy,0,3,Peptide
Myristol Pentapeptide,Normal,"['Wrinkles', 'Hyperpigmentation']",good fit,0,3,Addresses 3 concern(s); low irritancy,0,3,Peptide
Milk Thistle Extract,Normal,"['Wrinkles', 'Hyperpigmentation']",good fit,0,3,Description strongly soothing/calming; low irritancy even without direct concern match,0,2,Plant Extract
Myristol Hexapeptide,Normal,"['Wrinkles', 'Hyperpigmentation']",good fit,0,4,Directly addresses 3 concern(s) and description confirms soothing profile,0,3,Peptide
Mushroom Extract,Normal,"['Wrinkles', 'Hyperpigmentation']",good fit,0,4,Directly addresses 1 concern(s) and description confirms soothing profile,0,1,Plant Extract
Moringa Seed Extract,Normal,"['Wrinkles', 'Hyperpigmentation']",good fit,0,2,Gentle ingredient with no concern match; neutral fit,0,5,Plant Extract
Marshmallow Root,Normal,"['Wrinkles', 'Hyperpigmentation']",good fit,0,3,Description strongly soothing/calming; low irritancy even without direct concern match,0,1,Other
Mineral UV Filters,Normal,"['Wrinkles', 'Hyperpigmentation']",possible irritation,1,3,Moderate irritancy (3) — possible irritation for Normal skin,1,1,UV Filter
Meadowfoam Seed Oil,Normal,"['Wrinkles', 'Hyperpigmentation']",possible irritation,1,3,Moderate irritancy (2) — possible irritation for Normal skin,0,3,Lipid/Oil
Marine Extract,Normal,"['Wrinkles', 'Hyperpigmentation']",good fit,0,3,Addresses 2 concern(s); low irritancy,0,3,Marine/Algae
Mango Seed Butter,Normal,"['Wrinkles', 'Hyperpigmentation']",possible irritation,1,3,Moderate irritancy (2) — possible irritation for Normal skin,0,1,Lipid/Oil
Palmitoyl Oligopeptide,Normal,"['Wrinkles', 'Hyperpigmentation']",good fit,0,3,Addresses 3 concern(s); low irritancy,0,3,Peptide
Mandelic Acid,Normal,"['Wrinkles', 'Hyperpigmentation']",poor fit,2,4,"High combined irritancy score (4): category=AHA, sensitivity=2, desc signals=-1",2,8,AHA
Palmitoyl Nonapeptide,Normal,"['Wrinkles', 'Hyperpigmentation']",good fit,0,3,Addresses 3 concern(s); low irritancy,0,3,Peptide
Palmitoyl Pentapeptide,Normal,"['Wrinkles', 'Hyperpigmentation']",good fit,0,3,Addresses 3 concern(s); low irritancy,0,3,Peptide
Palmitoyl Glycine,Normal,"['Wrinkles', 'Hyperpigmentation']",good fit,0,4,Directly addresses 3 concern(s) and description confirms soothing profile,0,3,Amino Acid
Palmitoyl Heptapeptide,Normal,"['Wrinkles', 'Hyperpigmentation']",good fit,0,3,Addresses 3 concern(s); low irritancy,0,3,Peptide
Octocrylene,Normal,"['Wrinkles', 'Hyperpigmentation']",possible irritation,1,3,Moderate irritancy (2) — possible irritation for Normal skin,2,1,Other
Palmitoyl Decapeptide,Normal,"['Wrinkles', 'Hyperpigmentation']",good fit,0,3,Addresses 3 concern(s); low irritancy,0,3,Peptide
Oligopeptide,Normal,"['Wrinkles', 'Hyperpigmentation']",good fit,0,3,Addresses 3 concern(s); low irritancy,0,3,Peptide
Padina Pavonica Thallus Extract,Normal,"['Wrinkles', 'Hyperpigmentation']",good fit,0,3,Addresses 2 concern(s); low irritancy,0,3,Plant Extract
Oat Extract,Normal,"['Wrinkles', 'Hyperpigmentation']",possible irritation,1,3,Description strongly soothing/calming; low irritancy even without direct concern match [label adjusted for expert variance],0,4,Plant Extract
Octisalate,Normal,"['Wrinkles', 'Hyperpigmentation']",poor fit,2,4,"High combined irritancy score (4): category=UV Filter, sensitivity=2, desc signals=0",2,1,UV Filter
Octinoxate,Normal,"['Wrinkles', 'Hyperpigmentation']",poor fit,2,4,"High combined irritancy score (4): category=UV Filter, sensitivity=2, desc signals=0",2,1,UV Filter
Polyhydroxy Acids,Normal,"['Wrinkles', 'Hyperpigmentation']",good fit,0,4,Directly addresses 3 concern(s) and description confirms soothing profile,0,9,Other
Porphyridium Cruentum Extract,Normal,"['Wrinkles', 'Hyperpigmentation']",good fit,0,4,Directly addresses 2 concern(s) and description confirms soothing profile,0,3,Plant Extract
Polyporus Umbellatus (Mushroom) Extract,Normal,"['Wrinkles', 'Hyperpigmentation']",good fit,0,3,Addresses 1 concern(s); low irritancy,0,2,Plant Extract
Phytic Acid,Normal,"['Wrinkles', 'Hyperpigmentation']",good fit,0,2,Gentle ingredient with no concern match; neutral fit,0,3,Other
Plankton Extract,Normal,"['Wrinkles', 'Hyperpigmentation']",good fit,0,4,Directly addresses 2 concern(s) and description confirms soothing profile,0,3,Marine/Algae
Perfluorodecalin,Normal,"['Wrinkles', 'Hyperpigmentation']",good fit,0,2,Gentle ingredient with no concern match; neutral fit,0,4,Other
Phytosphingosine,Normal,"['Wrinkles', 'Hyperpigmentation']",good fit,0,2,Gentle ingredient with no concern match; neutral fit,0,4,Ceramide
Phospholipids,Normal,"['Wrinkles', 'Hyperpigmentation']",possible irritation,1,3,Moderate irritancy (2) — possible irritation for Normal skin,0,4,Lipid/Oil
Palmitoyl  Tripeptide-1,Normal,"['Wrinkles', 'Hyperpigmentation']",good fit,0,3,Addresses 3 concern(s); low irritancy,0,3,Peptide
Pentapeptide,Normal,"['Wrinkles', 'Hyperpigmentation']",good fit,0,3,Addresses 3 concern(s); low irritancy,0,3,Peptide
Palmitoyl Tetrapeptide,Normal,"['Wrinkles', 'Hyperpigmentation']",good fit,0,4,Directly addresses 3 concern(s) and description confirms soothing profile,0,3,Peptide
Parachlorella Beijerinckii Exopolysaccharides,Normal,"['Wrinkles', 'Hyperpigmentation']",good fit,0,3,Addresses 2 concern(s); low irritancy,0,3,Other
Retinyl Retinoate,Normal,"['Wrinkles', 'Hyperpigmentation']",poor fit,2,4,"High combined irritancy score (7): category=Retinoid, sensitivity=3, desc signals=1",3,9,Retinoid
Palmitoyl Tripeptide,Normal,"['Wrinkles', 'Hyperpigmentation']",good fit,0,3,Addresses 3 concern(s); low irritancy,0,3,Peptide
Neurophroline,Normal,"['Wrinkles', 'Hyperpigmentation']",good fit,0,3,Description strongly soothing/calming; low irritancy even without direct concern match,0,5,Other
Retinyl Propionate,Normal,"['Wrinkles', 'Hyperpigmentation']",poor fit,2,4,"High combined irritancy score (6): category=Retinoid, sensitivity=3, desc signals=0",3,7,Retinoid
Retinyl Palmitate,Normal,"['Wrinkles', 'Hyperpigmentation']",poor fit,2,4,"High combined irritancy score (5): category=Retinoid, sensitivity=2, desc signals=0",2,1,Retinoid
Retinol,Normal,"['Wrinkles', 'Hyperpigmentation']",poor fit,2,4,"High combined irritancy score (6): category=Retinoid, sensitivity=3, desc signals=0",3,9,Retinoid
Resveratrol,Normal,"['Wrinkles', 'Hyperpigmentation']",good fit,0,4,Directly addresses 3 concern(s) and description confirms soothing profile,0,3,Other
Red Algae,Normal,"['Wrinkles', 'Hyperpigmentation']",good fit,0,3,Description strongly soothing/calming; low irritancy even without direct concern match,0,3,Marine/Algae
Quercetin,Normal,"['Wrinkles', 'Hyperpigmentation']",good fit,0,3,Description strongly soothing/calming; low irritancy even without direct concern match,0,3,Other
Pseudoalteromonas Exopolysaccharides,Normal,"['Wrinkles', 'Hyperpigmentation']",good fit,0,3,Addresses 2 concern(s); low irritancy,0,3,Other
Proline,Normal,"['Wrinkles', 'Hyperpigmentation']",good fit,0,3,Addresses 3 concern(s); low irritancy,0,5,Amino Acid
Potassium Azeloyl Diglycinate,Normal,"['Wrinkles', 'Hyperpigmentation']",good fit,0,4,Directly addresses 2 concern(s) and description confirms soothing profile,1,7,Other
Probiotics,Normal,"['Wrinkles', 'Hyperpigmentation']",good fit,0,3,Description strongly soothing/calming; low irritancy even without direct concern match,0,3,Probiotic/Ferment
Prickly Pear Extract,Normal,"['Wrinkles', 'Hyperpigmentation']",good fit,0,3,Description strongly soothing/calming; low irritancy even without direct concern match,0,1,Plant Extract
Snow Mushroom Extract,Normal,"['Wrinkles', 'Hyperpigmentation']",good fit,0,4,Directly addresses 1 concern(s) and description confirms soothing profile,0,4,Plant Extract
Prebiotics,Normal,"['Wrinkles', 'Hyperpigmentation']",good fit,0,3,Description strongly soothing/calming; low irritancy even without direct concern match,0,3,Probiotic/Ferment
Shea Butter,Normal,"['Wrinkles', 'Hyperpigmentation']",poor fit,2,4,"High combined irritancy score (5): category=Lipid/Oil, sensitivity=2, desc signals=2",2,4,Lipid/Oil
Sesame Seed Oil,Normal,"['Wrinkles', 'Hyperpigmentation']",good fit,0,3,Description strongly soothing/calming; low irritancy even without direct concern match,0,1,Lipid/Oil
Silk Protein,Normal,"['Wrinkles', 'Hyperpigmentation']",possible irritation,1,2,Gentle ingredient with no concern match; neutral fit [label adjusted for expert variance],1,1,Other
Sh-Oligopeptide,Normal,"['Wrinkles', 'Hyperpigmentation']",good fit,0,4,Directly addresses 3 concern(s) and description confirms soothing profile,0,3,Peptide
Serine,Normal,"['Wrinkles', 'Hyperpigmentation']",good fit,0,2,Gentle ingredient with no concern match; neutral fit,0,2,Amino Acid
Sea Buckthorn Water,Normal,"['Wrinkles', 'Hyperpigmentation']",good fit,0,2,Gentle ingredient with no concern match; neutral fit,0,1,Plant Extract
Saskatoon Berry,Normal,"['Wrinkles', 'Hyperpigmentation']",possible irritation,1,2,Gentle ingredient with no concern match; neutral fit [label adjusted for expert variance],0,0,Other
Salicylic Acid,Normal,"['Wrinkles', 'Hyperpigmentation']",poor fit,2,4,"High combined irritancy score (6): category=BHA, sensitivity=4, desc signals=-1",4,8,BHA
Rosemary Leaf Extract,Normal,"['Wrinkles', 'Hyperpigmentation']",good fit,0,3,Description strongly soothing/calming; low irritancy even without direct concern match,0,1,Plant Extract
Safflower Seed Oil,Normal,"['Wrinkles', 'Hyperpigmentation']",possible irritation,1,3,Moderate irritancy (3) — possible irritation for Normal skin,1,3,Lipid/Oil
Saccharomyces Cerevisiae (Yeast) Extract,Normal,"['Wrinkles', 'Hyperpigmentation']",good fit,0,3,Description strongly soothing/calming; low irritancy even without direct concern match,0,3,Probiotic/Ferment
Sacred Lotus Flower Extract,Normal,"['Wrinkles', 'Hyperpigmentation']",good fit,0,3,Addresses 4 concern(s); low irritancy,0,4,Plant Extract
Tasmanian Pepperberry Extract,Normal,"['Wrinkles', 'Hyperpigmentation']",good fit,0,3,Description strongly soothing/calming; low irritancy even without direct concern match,0,1,Plant Extract
Tartaric Acid,Normal,"['Wrinkles', 'Hyperpigmentation']",possible irritation,1,3,Moderate irritancy (3) — possible irritation for Normal skin,1,4,AHA
Rhamnose,Normal,"['Wrinkles', 'Hyperpigmentation']",good fit,0,3,Description strongly soothing/calming; low irritancy even without direct concern match,0,3,Other
Sweet Almond Oil,Normal,"['Wrinkles', 'Hyperpigmentation']",possible irritation,1,3,Moderate irritancy (2) — possible irritation for Normal skin,1,2,Lipid/Oil
Symsitive,Normal,"['Wrinkles', 'Hyperpigmentation']",good fit,0,3,Description strongly soothing/calming; low irritancy even without direct concern match,0,1,Other
Sugar Cane Extract,Normal,"['Wrinkles', 'Hyperpigmentation']",good fit,0,3,Description strongly soothing/calming; low irritancy even without direct concern match,0,5,Plant Extract
Superoxide Dismutase,Normal,"['Wrinkles', 'Hyperpigmentation']",good fit,0,3,Description strongly soothing/calming; low irritancy even without direct concern match,0,0,Other
Sunflower Oil,Normal,"['Wrinkles', 'Hyperpigmentation']",possible irritation,1,3,Moderate irritancy (2) — possible irritation for Normal skin,1,3,Lipid/Oil
Spent Grain Wax,Normal,"['Wrinkles', 'Hyperpigmentation']",good fit,0,3,Moderate irritancy (3) — possible irritation for Normal skin [label adjusted for expert variance],0,2,Lipid/Oil
Sulfur,Normal,"['Wrinkles', 'Hyperpigmentation']",good fit,0,3,Description strongly soothing/calming; low irritancy even without direct concern match,0,2,Mineral
Squalane,Normal,"['Wrinkles', 'Hyperpigmentation']",good fit,0,2,Gentle ingredient with no concern match; neutral fit,0,4,Lipid/Oil
Urea,Normal,"['Wrinkles', 'Hyperpigmentation']",good fit,0,2,Gentle ingredient with no concern match; neutral fit,0,3,Humectant
Sodium Lactate,Normal,"['Wrinkles', 'Hyperpigmentation']",good fit,0,2,Gentle ingredient with no concern match; neutral fit [label adjusted for expert variance],0,2,Humectant
Turmeric Root Extract,Normal,"['Wrinkles', 'Hyperpigmentation']",good fit,0,3,Description strongly soothing/calming; low irritancy even without direct concern match,0,1,Plant Extract
Valine,Normal,"['Wrinkles', 'Hyperpigmentation']",good fit,0,2,Gentle ingredient with no concern match; neutral fit,0,2,Amino Acid
Trehalose,Normal,"['Wrinkles', 'Hyperpigmentation']",good fit,0,2,Gentle ingredient with no concern match; neutral fit [label adjusted for expert variance],0,2,Humectant
Tripleurospermum Maritimum Extract,Normal,"['Wrinkles', 'Hyperpigmentation']",good fit,0,4,Directly addresses 2 concern(s) and description confirms soothing profile,0,3,Plant Extract
Triazine Diethyl Butamidotriazone,Normal,"['Wrinkles', 'Hyperpigmentation']",poor fit,2,4,"High combined irritancy score (4): category=UV Filter, sensitivity=2, desc signals=0",2,1,UV Filter
Thiamidol,Normal,"['Wrinkles', 'Hyperpigmentation']",good fit,0,3,Addresses 2 concern(s); low irritancy,0,2,Other
Tranexamic Acid,Normal,"['Wrinkles', 'Hyperpigmentation']",good fit,0,3,Addresses 2 concern(s); low irritancy,0,3,Other
Tomato Stem Cells,Normal,"['Wrinkles', 'Hyperpigmentation']",good fit,0,3,Addresses 3 concern(s); low irritancy,0,3,Plant Extract
Teprenone,Normal,"['Wrinkles', 'Hyperpigmentation']",good fit,0,3,Addresses 1 concern(s); low irritancy,0,5,Other
Threonine,Normal,"['Wrinkles', 'Hyperpigmentation']",good fit,0,2,Gentle ingredient with no concern match; neutral fit,0,2,Amino Acid
Zinc Gluconate,Normal,"['Wrinkles', 'Hyperpigmentation']",good fit,0,2,Gentle ingredient with no concern match; neutral fit,0,4,Mineral
Tetrahexyldecyl Ascorbate,Normal,"['Wrinkles', 'Hyperpigmentation']",possible irritation,1,3,Moderate irritancy (2) — possible irritation for Normal skin,1,5,Vitamin C
Zinc,Normal,"['Wrinkles', 'Hyperpigmentation']",good fit,0,3,Description strongly soothing/calming; low irritancy even without direct concern match,0,4,Mineral
Yerba Mate Extract,Normal,"['Wrinkles', 'Hyperpigmentation']",possible irritation,1,3,Description strongly soothing/calming; low irritancy even without direct concern match [label adjusted for expert variance],0,1,Plant Extract
Yeast Amino Acids,Normal,"['Wrinkles', 'Hyperpigmentation']",good fit,0,2,Gentle ingredient with no concern match; neutral fit,0,1,Probiotic/Ferment
Willow Herb Extract,Normal,"['Wrinkles', 'Hyperpigmentation']",good fit,0,3,Description strongly soothing/calming; low irritancy even without direct concern match,0,1,Plant Extract
Willow Bark Extract,Normal,"['Wrinkles', 'Hyperpigmentation']",possible irritation,1,3,Moderate irritancy (2) — possible irritation for Normal skin,2,6,Plant Extract
Wild Cherry Extract,Normal,"['Wrinkles', 'Hyperpigmentation']",good fit,0,3,Description strongly soothing/calming; low irritancy even without direct concern match,0,1,Plant Extract
White Tea,Normal,"['Wrinkles', 'Hyperpigmentation']",good fit,0,3,Description strongly soothing/calming; low irritancy even without direct concern match,0,1,Other
Vitamin K1,Normal,"['Wrinkles', 'Hyperpigmentation']",good fit,0,3,Addresses 1 concern(s); low irritancy,0,1,Vitamin
Vitamin E,Normal,"['Wrinkles', 'Hyperpigmentation']",good fit,0,2,Gentle ingredient with no concern match; neutral fit,0,4,Vitamin
Vitamin C,Normal,"['Wrinkles', 'Hyperpigmentation']",poor fit,2,4,"High combined irritancy score (4): category=Vitamin C, sensitivity=3, desc signals=0",3,5,Vitamin C
Vitamin B5,Normal,"['Wrinkles', 'Hyperpigmentation']",good fit,0,3,Description strongly soothing/calming; low irritancy even without direct concern match,0,5,Vitamin
Vitamin A,Normal,"['Wrinkles', 'Hyperpigmentation']",poor fit,2,4,"High combined irritancy score (7): category=Retinoid, sensitivity=3, desc signals=1",3,9,Retinoid
Vibrio Alginolyticus Ferment Filtrate,Normal,"['Wrinkles', 'Hyperpigmentation']",possible irritation,1,3,Addresses 2 concern(s); low irritancy [label adjusted for expert variance],0,3,Probiotic/Ferment
Tea Tree Oil,Normal,"['Wrinkles', 'Hyperpigmentation']",good fit,0,3,Description strongly soothing/calming; low irritancy even without direct concern match,0,2,Lipid/Oil
Zinc Sulfate,Normal,"['Wrinkles', 'Hyperpigmentation']",good fit,0,4,Directly addresses 1 concern(s) and description confirms soothing profile,0,1,Mineral
Zinc PCA,Normal,"['Wrinkles', 'Hyperpigmentation']",good fit,0,4,Directly addresses 1 concern(s) and description confirms soothing profile,0,5,Mineral
Neoglucosamine,Normal,"['Wrinkles', 'Hyperpigmentation']",good fit,0,3,Addresses 5 concern(s); low irritancy,1,8,Other
Taurine,Normal,"['Wrinkles', 'Hyperpigmentation']",good fit,0,2,Gentle ingredient with no concern match; neutral fit,0,3,Amino Acid
Sodium Ascorbyl Phosphate,Normal,"['Wrinkles', 'Hyperpigmentation']",possible irritation,1,3,Moderate irritancy (2) — possible irritation for Normal skin,1,5,Vitamin C
Alpha-Glucan Oligosaccharide,Normal,"['Acne', 'Redness']",good fit,0,4,Directly addresses 2 concern(s) and description confirms soothing profile,0,3,Other
Aloe Vera,Normal,"['Acne', 'Redness']",good fit,0,3,Description strongly soothing/calming; low irritancy even without direct concern match,0,4,Other
Allantoin,Normal,"['Acne', 'Redness']",good fit,0,4,Directly addresses 1 concern(s) and description confirms soothing profile,0,3,Other
Algin,Normal,"['Acne', 'Redness']",good fit,0,2,Gentle ingredient with no concern match; neutral fit,0,3,Other
Algae Extract,Normal,"['Acne', 'Redness']",good fit,0,2,Gentle ingredient with no concern match; neutral fit,0,3,Marine/Algae
Algae Exopolysaccharides,Normal,"['Acne', 'Redness']",good fit,0,2,Gentle ingredient with no concern match; neutral fit [label adjusted for expert variance],0,3,Marine/Algae
Alaria Esculenta Extract,Normal,"['Acne', 'Redness']",good fit,0,2,Gentle ingredient with no concern match; neutral fit,0,3,Plant Extract
Alanine,Normal,"['Acne', 'Redness']",good fit,0,2,Gentle ingredient with no concern match; neutral fit,0,2,Amino Acid
Ahnfeltia Concinna Extract,Normal,"['Acne', 'Redness']",good fit,0,2,Gentle ingredient with no concern match; neutral fit,0,3,Plant Extract
Adenosine,Normal,"['Acne', 'Redness']",good fit,0,4,Directly addresses 2 concern(s) and description confirms soothing profile,0,7,Other
Acetyl Tyrosinamide,Normal,"['Acne', 'Redness']",good fit,0,2,Gentle ingredient with no concern match; neutral fit,0,3,Other
Acetyl Tetrapeptide,Normal,"['Acne', 'Redness']",good fit,0,2,Gentle ingredient with no concern match; neutral fit,0,3,Peptide
Acetyl Glucosamine,Normal,"['Acne', 'Redness']",good fit,0,4,Directly addresses 1 concern(s) and description confirms soothing profile,0,7,Other
Acetylarginyltryptophyl Diphenylglycine,Normal,"['Acne', 'Redness']",good fit,0,2,Gentle ingredient with no concern match; neutral fit,0,3,Amino Acid
Acai Extract,Normal,"['Acne', 'Redness']",good fit,0,2,Gentle ingredient with no concern match; neutral fit,0,0,Plant Extract
Ascorbic Acid,Normal,"['Acne', 'Redness']",poor fit,2,4,"High combined irritancy score (7): category=Vitamin C, sensitivity=3, desc signals=3",3,5,Vitamin C
Ascophyllum Nodosum Extract,Normal,"['Acne', 'Redness']",good fit,0,2,Gentle ingredient with no concern match; neutral fit,0,3,Plant Extract
Arginine PCA,Normal,"['Acne', 'Redness']",good fit,0,2,Gentle ingredient with no concern match; neutral fit,0,2,Amino Acid
Arginine/Lysine Polypeptide,Normal,"['Acne', 'Redness']",good fit,0,2,Gentle ingredient with no concern match; neutral fit,0,3,Peptide
Arginine HCL,Normal,"['Acne', 'Redness']",good fit,0,2,Gentle ingredient with no concern match; neutral fit,0,2,Amino Acid
Arginine,Normal,"['Acne', 'Redness']",good fit,0,2,Gentle ingredient with no concern match; neutral fit,0,3,Amino Acid
Argan Oil,Normal,"['Acne', 'Redness']",possible irritation,1,3,Moderate irritancy (2) — possible irritation for Normal skin,1,3,Lipid/Oil
Arbutin,Normal,"['Acne', 'Redness']",possible irritation,1,2,Gentle ingredient with no concern match; neutral fit [label adjusted for expert variance],1,2,Other
Aquagenium,Normal,"['Acne', 'Redness']",good fit,0,2,Gentle ingredient with no concern match; neutral fit,0,2,Other
Apple Stem Cells,Normal,"['Acne', 'Redness']",good fit,0,2,Gentle ingredient with no concern match; neutral fit,0,3,Plant Extract
Apple Polyphenols,Normal,"['Acne', 'Redness']",good fit,0,3,Description strongly soothing/calming; low irritancy even without direct concern match,0,0,Other
Apple Extract,Normal,"['Acne', 'Redness']",good fit,0,2,Gentle ingredient with no concern match; neutral fit [label adjusted for expert variance],0,0,Plant Extract
Anti-Ageing Peptides,Normal,"['Acne', 'Redness']",good fit,0,2,Gentle ingredient with no concern match; neutral fit,0,3,Peptide
Amino Acids,Normal,"['Acne', 'Redness']",good fit,0,2,Gentle ingredient with no concern match; neutral fit,0,5,Amino Acid
Alteromonas Ferment Extract,Normal,"['Acne', 'Redness']",good fit,0,3,Description strongly soothing/calming; low irritancy even without direct concern match,0,3,Probiotic/Ferment
Bifida Ferment Lysate,Normal,"['Acne', 'Redness']",good fit,0,4,Directly addresses 2 concern(s) and description confirms soothing profile,0,3,Probiotic/Ferment
Beta Glucan,Normal,"['Acne', 'Redness']",good fit,0,4,Directly addresses 1 concern(s) and description confirms soothing profile,0,5,Other
Bakuchiol,Normal,"['Acne', 'Redness']",good fit,0,2,Gentle ingredient with no concern match; neutral fit,0,3,Other
Azelaoyl Bis-Dipeptide,Normal,"['Acne', 'Redness']",good fit,0,2,Gentle ingredient with no concern match; neutral fit,1,3,Peptide
Azelaic Acid,Normal,"['Acne', 'Redness']",good fit,0,4,Directly addresses 2 concern(s) and description confirms soothing profile,1,8,Other
Avocado Oil,Normal,"['Acne', 'Redness']",possible irritation,1,3,Moderate irritancy (2) — possible irritation for Normal skin,1,3,Lipid/Oil
Avocado Ferment,Normal,"['Acne', 'Redness']",good fit,0,2,Gentle ingredient with no concern match; neutral fit,0,3,Probiotic/Ferment
Avene Thermal Water,Normal,"['Acne', 'Redness']",good fit,0,4,Directly addresses 1 concern(s) and description confirms soothing profile,0,5,Plant Extract
Asparagopsis Armata Extract,Normal,"['Acne', 'Redness']",good fit,0,2,Gentle ingredient with no concern match; neutral fit,0,3,Plant Extract
Ascorbyl Palmitate,Normal,"['Acne', 'Redness']",possible irritation,1,3,Moderate irritancy (2) — possible irritation for Normal skin,1,1,Vitamin C
Ascorbyl Glucoside,Normal,"['Acne', 'Redness']",possible irritation,1,3,Moderate irritancy (2) — possible irritation for Normal skin,1,5,Vitamin C
Caffeine,Normal,"['Acne', 'Redness']",good fit,0,3,Addresses 1 concern(s); low irritancy,0,3,Other
Caffeic Acid,Normal,"['Acne', 'Redness']",good fit,0,4,Directly addresses 1 concern(s) and description confirms soothing profile,0,1,Other
Cabbage Leaf Extract,Normal,"['Acne', 'Redness']",good fit,0,3,Description strongly soothing/calming; low irritancy even without direct concern match,0,0,Plant Extract
Butyl Methoxydibenzoylmethane,Normal,"['Acne', 'Redness']",poor fit,2,4,"High combined irritancy score (4): category=UV Filter, sensitivity=2, desc signals=0",2,1,UV Filter
Blue Mallow Extract,Normal,"['Acne', 'Redness']",good fit,0,3,Description strongly soothing/calming; low irritancy even without direct concern match,0,0,Plant Extract
Blue Lotus Extract,Normal,"['Acne', 'Redness']",good fit,0,3,Description strongly soothing/calming; low irritancy even without direct concern match,0,0,Plant Extract
Blueberry Extract,Normal,"['Acne', 'Redness']",good fit,0,3,Description strongly soothing/calming; low irritancy even without direct concern match [label adjusted for expert variance],0,0,Plant Extract
Bilberry Extract,Normal,"['Acne', 'Redness']",good fit,0,4,Directly addresses 1 concern(s) and description confirms soothing profile,0,1,Plant Extract
Bis-Ethylhexyloxyphenol Methoxyphenyl Triazine,Normal,"['Acne', 'Redness']",poor fit,2,4,"High combined irritancy score (5): category=UV Filter, sensitivity=2, desc signals=1",2,1,UV Filter
Bisabolol,Normal,"['Acne', 'Redness']",good fit,0,4,Directly addresses 1 concern(s) and description confirms soothing profile,0,5,Other
Bio-Active Glucosides,Normal,"['Acne', 'Redness']",good fit,0,4,Directly addresses 1 concern(s) and description confirms soothing profile,0,1,Other
Chondrus Crispus,Normal,"['Acne', 'Redness']",good fit,0,2,Gentle ingredient with no concern match; neutral fit,0,3,Other
Cholesterol,Normal,"['Acne', 'Redness']",good fit,0,2,Gentle ingredient with no concern match; neutral fit,0,3,Other
Chlorophyll,Normal,"['Acne', 'Redness']",good fit,0,3,Description strongly soothing/calming; low irritancy even without direct concern match,0,0,Other
Chlorella Vulgaris Extract,Normal,"['Acne', 'Redness']",good fit,0,2,Gentle ingredient with no concern match; neutral fit,0,3,Plant Extract
Chamomile Extract,Normal,"['Acne', 'Redness']",good fit,0,4,Directly addresses 1 concern(s) and description confirms soothing profile,0,2,Plant Extract
Chlorella Protothecoides Oil,Normal,"['Acne', 'Redness']",good fit,0,2,Gentle ingredient with no concern match; neutral fit,0,3,Lipid/Oil
Ceramides,Normal,"['Acne', 'Redness']",good fit,0,4,Directly addresses 1 concern(s) and description confirms soothing profile,0,5,Ceramide
Chlorella Protothecoides,Normal,"['Acne', 'Redness']",good fit,0,2,Gentle ingredient with no concern match; neutral fit,0,3,Other
Chemical UV Filters,Normal,"['Acne', 'Redness']",possible irritation,1,3,Moderate irritancy (3) — possible irritation for Normal skin,1,1,UV Filter
Caprooyl Sphingosine,Normal,"['Acne', 'Redness']",good fit,0,2,Gentle ingredient with no concern match; neutral fit,0,4,Ceramide
Centella Asiatica,Normal,"['Acne', 'Redness']",good fit,0,4,Directly addresses 2 concern(s) and description confirms soothing profile,0,5,Other
Carnosine,Normal,"['Acne', 'Redness']",good fit,0,4,Directly addresses 1 concern(s) and description confirms soothing profile,0,1,Other
Caprooyl Phytosphingosine,Normal,"['Acne', 'Redness']",good fit,0,2,Gentle ingredient with no concern match; neutral fit,0,4,Ceramide
Ectoin,Normal,"['Acne', 'Redness']",good fit,0,3,Description strongly soothing/calming; low irritancy even without direct concern match,0,2,Other
Dunaliella Salina (Green Algae) Extract,Normal,"['Acne', 'Redness']",good fit,0,2,Gentle ingredient with no concern match; neutral fit,0,3,Marine/Algae
Dioic Acid,Normal,"['Acne', 'Redness']",good fit,0,4,Directly addresses 1 concern(s) and description confirms soothing profile,0,3,Other
Cucumber Extract,Normal,"['Acne', 'Redness']",good fit,0,3,Description strongly soothing/calming; low irritancy even without direct concern match,0,0,Plant Extract
Dipeptide Diaminobutyroyl Benzylamide Diacetate,Normal,"['Acne', 'Redness']",good fit,0,2,Gentle ingredient with no concern match; neutral fit,0,3,Peptide
Dipeptide,Normal,"['Acne', 'Redness']",good fit,0,2,Gentle ingredient with no concern match; neutral fit,0,3,Peptide
Copper Peptide,Normal,"['Acne', 'Redness']",good fit,0,2,Gentle ingredient with no concern match; neutral fit,0,3,Peptide
Copper Palmitoyl Heptapeptide,Normal,"['Acne', 'Redness']",good fit,0,2,Gentle ingredient with no concern match; neutral fit,0,3,Peptide
Copper Heptapeptide-14 Pantothenate,Normal,"['Acne', 'Redness']",good fit,0,2,Gentle ingredient with no concern match; neutral fit,0,3,Peptide
Coffee Seed Extract,Normal,"['Acne', 'Redness']",good fit,0,4,Directly addresses 1 concern(s) and description confirms soothing profile,0,1,Plant Extract
Citric Acid,Normal,"['Acne', 'Redness']",possible irritation,1,3,Moderate irritancy (3) — possible irritation for Normal skin,0,4,AHA
Cinnamon Bark,Normal,"['Acne', 'Redness']",good fit,0,4,Directly addresses 1 concern(s) and description confirms soothing profile,0,1,Other
Fomes Ofﬁcinalis (Mushroom) Extract,Normal,"['Acne', 'Redness']",good fit,0,2,Gentle ingredient with no concern match; neutral fit,0,3,Plant Extract
Ginkgo Biloba,Normal,"['Acne', 'Redness']",good fit,0,4,Directly addresses 1 concern(s) and description confirms soothing profile,0,1,Other
Fructooligosaccharides,Normal,"['Acne', 'Redness']",good fit,0,4,Directly addresses 2 concern(s) and description confirms soothing profile,0,3,Other
Feverfew Extract,Normal,"['Acne', 'Redness']",good fit,0,4,Directly addresses 1 concern(s) and description confirms soothing profile,0,1,Plant Extract
Ferulic Acid,Normal,"['Acne', 'Redness']",good fit,0,2,Gentle ingredient with no concern match; neutral fit,0,0,Vitamin
Ethylhexyl Triazone,Normal,"['Acne', 'Redness']",poor fit,2,4,"High combined irritancy score (4): category=UV Filter, sensitivity=2, desc signals=0",2,1,UV Filter
Ferric Hexapeptide,Normal,"['Acne', 'Redness']",good fit,0,2,Gentle ingredient with no concern match; neutral fit,0,3,Peptide
Fernblock,Normal,"['Acne', 'Redness']",possible irritation,1,2,Gentle ingredient with no concern match; neutral fit [label adjusted for expert variance],0,0,Other
Evening Primrose Oil,Normal,"['Acne', 'Redness']",good fit,0,3,Description strongly soothing/calming; low irritancy even without direct concern match,0,2,Lipid/Oil
Essential Lipids,Normal,"['Acne', 'Redness']",good fit,0,3,Addresses 1 concern(s); low irritancy,0,5,Other
Endothelyol,Normal,"['Acne', 'Redness']",good fit,0,4,Directly addresses 1 concern(s) and description confirms soothing profile,0,1,Other
Ethylhexyl Salicylate,Normal,"['Acne', 'Redness']",possible irritation,1,3,Moderate irritancy (2) — possible irritation for Normal skin,2,1,Other
Ethyl Ascorbic Acid,Normal,"['Acne', 'Redness']",possible irritation,1,3,Moderate irritancy (2) — possible irritation for Normal skin,1,4,Vitamin C
Green Tea,Normal,"['Acne', 'Redness']",good fit,0,4,Directly addresses 1 concern(s) and description confirms soothing profile,0,2,Other
Glycosphingolipids,Normal,"['Acne', 'Redness']",good fit,0,2,Gentle ingredient with no concern match; neutral fit,0,4,Ceramide
Glycoproteins,Normal,"['Acne', 'Redness']",possible irritation,1,2,Gentle ingredient with no concern match; neutral fit [label adjusted for expert variance],0,4,Other
Glycolipids,Normal,"['Acne', 'Redness']",good fit,0,2,Gentle ingredient with no concern match; neutral fit,0,2,Other
Golden-Eye Grass Complex,Normal,"['Acne', 'Redness']",good fit,0,4,Directly addresses 1 concern(s) and description confirms soothing profile,0,1,Other
Glycolic Acid,Normal,"['Acne', 'Redness']",poor fit,2,4,"High combined irritancy score (6): category=AHA, sensitivity=2, desc signals=2",2,8,AHA
Glycine,Normal,"['Acne', 'Redness']",good fit,0,2,Gentle ingredient with no concern match; neutral fit,0,5,Amino Acid
Glyceryl Glucoside,Normal,"['Acne', 'Redness']",good fit,0,2,Gentle ingredient with no concern match; neutral fit,0,4,Other
Gluconolactone,Normal,"['Acne', 'Redness']",good fit,0,4,Directly addresses 1 concern(s) and description confirms soothing profile,0,9,Other
EGCG,Normal,"['Acne', 'Redness']",good fit,0,3,Description strongly soothing/calming; low irritancy even without direct concern match,0,1,Other
Indian Gooseberry,Normal,"['Acne', 'Redness']",good fit,0,3,Addresses 1 concern(s); low irritancy,0,1,Other
Hydroxypinacolone Retinoate,Normal,"['Acne', 'Redness']",poor fit,2,4,"High combined irritancy score (6): category=Retinoid, sensitivity=3, desc signals=0",3,9,Retinoid
Hydrolyzed Pumpkin Seedcake,Normal,"['Acne', 'Redness']",good fit,0,3,Addresses 1 concern(s); low irritancy,0,6,Other
Hydrolyzed F-Fucoidan,Normal,"['Acne', 'Redness']",good fit,0,2,Gentle ingredient with no concern match; neutral fit,0,3,Marine/Algae
Homosalate,Normal,"['Acne', 'Redness']",poor fit,2,4,"High combined irritancy score (4): category=UV Filter, sensitivity=2, desc signals=0",2,1,UV Filter
Humectants,Normal,"['Acne', 'Redness']",good fit,0,2,Gentle ingredient with no concern match; neutral fit,0,5,Humectant
Hibiscus Fruit Extract,Normal,"['Acne', 'Redness']",good fit,0,2,Gentle ingredient with no concern match; neutral fit,0,0,Plant Extract
Horse Chestnut,Normal,"['Acne', 'Redness']",good fit,0,4,Directly addresses 1 concern(s) and description confirms soothing profile,0,1,Other
Heptapeptide-15 Palmitate,Normal,"['Acne', 'Redness']",good fit,0,2,Gentle ingredient with no concern match; neutral fit,0,3,Peptide
Guarana Extract,Normal,"['Acne', 'Redness']",good fit,0,2,Gentle ingredient with no concern match; neutral fit,0,0,Plant Extract
Histidine,Normal,"['Acne', 'Redness']",good fit,0,3,Addresses 1 concern(s); low irritancy,0,4,Amino Acid
Lecithin,Normal,"['Acne', 'Redness']",possible irritation,1,3,Moderate irritancy (2) — possible irritation for Normal skin,0,4,Lipid/Oil
L-Carnitine,Normal,"['Acne', 'Redness']",good fit,0,4,Directly addresses 1 concern(s) and description confirms soothing profile,0,3,Other
Lactobionic Acid,Normal,"['Acne', 'Redness']",good fit,0,4,Directly addresses 1 concern(s) and description confirms soothing profile,0,9,Other
L-Ascorbic Acid,Normal,"['Acne', 'Redness']",poor fit,2,4,"High combined irritancy score (7): category=Vitamin C, sensitivity=3, desc signals=3",3,5,Vitamin C
Laminaria Ochroleuca (Kelp) Extract,Normal,"['Acne', 'Redness']",good fit,0,3,Description strongly soothing/calming; low irritancy even without direct concern match,0,3,Marine/Algae
Lactococcus Ferment Lysate,Normal,"['Acne', 'Redness']",good fit,0,4,Directly addresses 2 concern(s) and description confirms soothing profile,0,3,Probiotic/Ferment
Lactic Acid,Normal,"['Acne', 'Redness']",poor fit,2,4,"High combined irritancy score (4): category=AHA, sensitivity=2, desc signals=0",2,8,AHA
Lactobacillus Ferment,Normal,"['Acne', 'Redness']",good fit,0,4,Directly addresses 2 concern(s) and description confirms soothing profile,0,3,Probiotic/Ferment
Lactobacillus Extract Filtrate,Normal,"['Acne', 'Redness']",good fit,0,4,Directly addresses 2 concern(s) and description confirms soothing profile,0,3,Probiotic/Ferment
Jojoba Oil,Normal,"['Acne', 'Redness']",good fit,0,2,Gentle ingredient with no concern match; neutral fit,0,4,Lipid/Oil
Kola Seed Extract,Normal,"['Acne', 'Redness']",good fit,0,2,Gentle ingredient with no concern match; neutral fit,0,0,Plant Extract
Jeju Green Tea Water,Normal,"['Acne', 'Redness']",good fit,0,4,Directly addresses 1 concern(s) and description confirms soothing profile,0,3,Plant Extract
Kojic Acid,Normal,"['Acne', 'Redness']",good fit,0,2,Gentle ingredient with no concern match; neutral fit,0,3,Other
Isoleucine,Normal,"['Acne', 'Redness']",good fit,0,2,Gentle ingredient with no concern match; neutral fit,0,2,Amino Acid
Jojoba Beads,Normal,"['Acne', 'Redness']",good fit,0,2,Gentle ingredient with no concern match; neutral fit,0,2,Other
Macrocystis Pyrifera (Kelp) Extract,Normal,"['Acne', 'Redness']",good fit,0,2,Gentle ingredient with no concern match; neutral fit,0,3,Marine/Algae
Magnesium Sulfate,Normal,"['Acne', 'Redness']",good fit,0,4,Directly addresses 1 concern(s) and description confirms soothing profile,0,1,Mineral
Magnesium Ascorbyl Phosphate,Normal,"['Acne', 'Redness']",poor fit,2,4,"High combined irritancy score (4): category=Vitamin C, sensitivity=1, desc signals=2",1,3,Vitamin C
Lysine,Normal,"['Acne', 'Redness']",good fit,0,4,Directly addresses 1 concern(s) and description confirms soothing profile,0,6,Amino Acid
Lily Extract,Normal,"['Acne', 'Redness']",good fit,0,3,Description strongly soothing/calming; low irritancy even without direct concern match,0,0,Plant Extract
Luffa Cylindrica Extract,Normal,"['Acne', 'Redness']",good fit,0,2,Gentle ingredient with no concern match; neutral fit,0,0,Plant Extract
Linolenic Acid,Normal,"['Acne', 'Redness']",good fit,0,2,Gentle ingredient with no concern match; neutral fit,0,4,Lipid/Oil
Linoleic Acid,Normal,"['Acne', 'Redness']",possible irritation,1,3,Moderate irritancy (2) — possible irritation for Normal skin,0,4,Lipid/Oil
Leucine,Normal,"['Acne', 'Redness']",possible irritation,1,2,Gentle ingredient with no concern match; neutral fit [label adjusted for expert variance],0,6,Amino Acid
Licorice Extract,Normal,"['Acne', 'Redness']",good fit,0,4,Directly addresses 1 concern(s) and description confirms soothing profile,0,4,Plant Extract
Natural Moisturising Factors,Normal,"['Acne', 'Redness']",good fit,0,3,Addresses 1 concern(s); low irritancy,0,5,Other
Licochalcone A,Normal,"['Acne', 'Redness']",good fit,0,3,Description strongly soothing/calming; low irritancy even without direct concern match,0,0,Other
Naringenin Chalcone,Normal,"['Acne', 'Redness']",good fit,0,4,Directly addresses 1 concern(s) and description confirms soothing profile,0,2,Other
Myristoyl Nonapeptide,Normal,"['Acne', 'Redness']",possible irritation,1,2,Gentle ingredient with no concern match; neutral fit [label adjusted for expert variance],0,3,Peptide
Myristol Pentapeptide,Normal,"['Acne', 'Redness']",good fit,0,2,Gentle ingredient with no concern match; neutral fit,0,3,Peptide
Milk Thistle Extract,Normal,"['Acne', 'Redness']",good fit,0,4,Directly addresses 1 concern(s) and description confirms soothing profile,0,2,Plant Extract
Myristol Hexapeptide,Normal,"['Acne', 'Redness']",good fit,0,2,Gentle ingredient with no concern match; neutral fit,0,3,Peptide
Mushroom Extract,Normal,"['Acne', 'Redness']",good fit,0,3,Description strongly soothing/calming; low irritancy even without direct concern match,0,1,Plant Extract
Moringa Seed Extract,Normal,"['Acne', 'Redness']",good fit,0,4,Directly addresses 1 concern(s) and description confirms soothing profile,0,5,Plant Extract
Marshmallow Root,Normal,"['Acne', 'Redness']",good fit,0,4,Directly addresses 1 concern(s) and description confirms soothing profile,0,1,Other
Mineral UV Filters,Normal,"['Acne', 'Redness']",possible irritation,1,3,Moderate irritancy (3) — possible irritation for Normal skin,1,1,UV Filter
Meadowfoam Seed Oil,Normal,"['Acne', 'Redness']",possible irritation,1,3,Moderate irritancy (2) — possible irritation for Normal skin,0,3,Lipid/Oil
Marine Extract,Normal,"['Acne', 'Redness']",good fit,0,2,Gentle ingredient with no concern match; neutral fit,0,3,Marine/Algae
Mango Seed Butter,Normal,"['Acne', 'Redness']",possible irritation,1,3,Moderate irritancy (2) — possible irritation for Normal skin,0,1,Lipid/Oil
Palmitoyl Oligopeptide,Normal,"['Acne', 'Redness']",good fit,0,2,Gentle ingredient with no concern match; neutral fit,0,3,Peptide
Mandelic Acid,Normal,"['Acne', 'Redness']",poor fit,2,4,"High combined irritancy score (4): category=AHA, sensitivity=2, desc signals=-1",2,8,AHA
Palmitoyl Nonapeptide,Normal,"['Acne', 'Redness']",good fit,0,2,Gentle ingredient with no concern match; neutral fit,0,3,Peptide
Palmitoyl Pentapeptide,Normal,"['Acne', 'Redness']",good fit,0,2,Gentle ingredient with no concern match; neutral fit,0,3,Peptide
Palmitoyl Glycine,Normal,"['Acne', 'Redness']",good fit,0,3,Description strongly soothing/calming; low irritancy even without direct concern match,0,3,Amino Acid
Palmitoyl Heptapeptide,Normal,"['Acne', 'Redness']",good fit,0,2,Gentle ingredient with no concern match; neutral fit,0,3,Peptide
Octocrylene,Normal,"['Acne', 'Redness']",possible irritation,1,3,Moderate irritancy (2) — possible irritation for Normal skin,2,1,Other
Palmitoyl Decapeptide,Normal,"['Acne', 'Redness']",good fit,0,2,Gentle ingredient with no concern match; neutral fit,0,3,Peptide
Oligopeptide,Normal,"['Acne', 'Redness']",good fit,0,2,Gentle ingredient with no concern match; neutral fit,0,3,Peptide
Padina Pavonica Thallus Extract,Normal,"['Acne', 'Redness']",good fit,0,2,Gentle ingredient with no concern match; neutral fit,0,3,Plant Extract
Oat Extract,Normal,"['Acne', 'Redness']",good fit,0,4,Directly addresses 1 concern(s) and description confirms soothing profile,0,4,Plant Extract
Octisalate,Normal,"['Acne', 'Redness']",poor fit,2,4,"High combined irritancy score (4): category=UV Filter, sensitivity=2, desc signals=0",2,1,UV Filter
Octinoxate,Normal,"['Acne', 'Redness']",poor fit,2,4,"High combined irritancy score (4): category=UV Filter, sensitivity=2, desc signals=0",2,1,UV Filter
Polyhydroxy Acids,Normal,"['Acne', 'Redness']",good fit,0,4,Directly addresses 1 concern(s) and description confirms soothing profile,0,9,Other
Porphyridium Cruentum Extract,Normal,"['Acne', 'Redness']",good fit,0,3,Description strongly soothing/calming; low irritancy even without direct concern match,0,3,Plant Extract
Polyporus Umbellatus (Mushroom) Extract,Normal,"['Acne', 'Redness']",good fit,0,2,Gentle ingredient with no concern match; neutral fit,0,2,Plant Extract
Phytic Acid,Normal,"['Acne', 'Redness']",good fit,0,4,Directly addresses 1 concern(s) and description confirms soothing profile,0,3,Other
Plankton Extract,Normal,"['Acne', 'Redness']",good fit,0,3,Description strongly soothing/calming; low irritancy even without direct concern match,0,3,Marine/Algae
Perfluorodecalin,Normal,"['Acne', 'Redness']",good fit,0,4,Directly addresses 2 concern(s) and description confirms soothing profile,0,4,Other
Phytosphingosine,Normal,"['Acne', 'Redness']",good fit,0,2,Gentle ingredient with no concern match; neutral fit [label adjusted for expert variance],0,4,Ceramide
Phospholipids,Normal,"['Acne', 'Redness']",poor fit,2,3,Moderate irritancy (2) — possible irritation for Normal skin [label adjusted for expert variance],0,4,Lipid/Oil
Palmitoyl  Tripeptide-1,Normal,"['Acne', 'Redness']",good fit,0,2,Gentle ingredient with no concern match; neutral fit,0,3,Peptide
Pentapeptide,Normal,"['Acne', 'Redness']",good fit,0,2,Gentle ingredient with no concern match; neutral fit,0,3,Peptide
Palmitoyl Tetrapeptide,Normal,"['Acne', 'Redness']",good fit,0,2,Gentle ingredient with no concern match; neutral fit,0,3,Peptide
Parachlorella Beijerinckii Exopolysaccharides,Normal,"['Acne', 'Redness']",good fit,0,2,Gentle ingredient with no concern match; neutral fit [label adjusted for expert variance],0,3,Other
Retinyl Retinoate,Normal,"['Acne', 'Redness']",poor fit,2,4,"High combined irritancy score (7): category=Retinoid, sensitivity=3, desc signals=1",3,9,Retinoid
Palmitoyl Tripeptide,Normal,"['Acne', 'Redness']",good fit,0,2,Gentle ingredient with no concern match; neutral fit,0,3,Peptide
Neurophroline,Normal,"['Acne', 'Redness']",good fit,0,4,Directly addresses 2 concern(s) and description confirms soothing profile,0,5,Other
Retinyl Propionate,Normal,"['Acne', 'Redness']",poor fit,2,4,"High combined irritancy score (6): category=Retinoid, sensitivity=3, desc signals=0",3,7,Retinoid
Retinyl Palmitate,Normal,"['Acne', 'Redness']",poor fit,2,4,"High combined irritancy score (5): category=Retinoid, sensitivity=2, desc signals=0",2,1,Retinoid
Retinol,Normal,"['Acne', 'Redness']",poor fit,2,4,"High combined irritancy score (6): category=Retinoid, sensitivity=3, desc signals=0",3,9,Retinoid
Resveratrol,Normal,"['Acne', 'Redness']",good fit,0,3,Description strongly soothing/calming; low irritancy even without direct concern match,0,3,Other
Red Algae,Normal,"['Acne', 'Redness']",good fit,0,3,Description strongly soothing/calming; low irritancy even without direct concern match [label adjusted for expert variance],0,3,Marine/Algae
Quercetin,Normal,"['Acne', 'Redness']",good fit,0,3,Description strongly soothing/calming; low irritancy even without direct concern match,0,3,Other
Pseudoalteromonas Exopolysaccharides,Normal,"['Acne', 'Redness']",good fit,0,2,Gentle ingredient with no concern match; neutral fit,0,3,Other
Proline,Normal,"['Acne', 'Redness']",good fit,0,2,Gentle ingredient with no concern match; neutral fit,0,5,Amino Acid
Potassium Azeloyl Diglycinate,Normal,"['Acne', 'Redness']",good fit,0,4,Directly addresses 2 concern(s) and description confirms soothing profile,1,7,Other
Probiotics,Normal,"['Acne', 'Redness']",good fit,0,4,Directly addresses 2 concern(s) and description confirms soothing profile,0,3,Probiotic/Ferment
Prickly Pear Extract,Normal,"['Acne', 'Redness']",good fit,0,4,Directly addresses 1 concern(s) and description confirms soothing profile,0,1,Plant Extract
Snow Mushroom Extract,Normal,"['Acne', 'Redness']",good fit,0,4,Directly addresses 1 concern(s) and description confirms soothing profile,0,4,Plant Extract
Prebiotics,Normal,"['Acne', 'Redness']",good fit,0,4,Directly addresses 2 concern(s) and description confirms soothing profile,0,3,Probiotic/Ferment
Shea Butter,Normal,"['Acne', 'Redness']",poor fit,2,4,"High combined irritancy score (5): category=Lipid/Oil, sensitivity=2, desc signals=2",2,4,Lipid/Oil
Sesame Seed Oil,Normal,"['Acne', 'Redness']",good fit,0,3,Description strongly soothing/calming; low irritancy even without direct concern match,0,1,Lipid/Oil
Silk Protein,Normal,"['Acne', 'Redness']",good fit,0,2,Gentle ingredient with no concern match; neutral fit,1,1,Other
Sh-Oligopeptide,Normal,"['Acne', 'Redness']",good fit,0,2,Gentle ingredient with no concern match; neutral fit,0,3,Peptide
Serine,Normal,"['Acne', 'Redness']",good fit,0,2,Gentle ingredient with no concern match; neutral fit,0,2,Amino Acid
Sea Buckthorn Water,Normal,"['Acne', 'Redness']",good fit,0,2,Gentle ingredient with no concern match; neutral fit,0,1,Plant Extract
Saskatoon Berry,Normal,"['Acne', 'Redness']",possible irritation,1,2,Gentle ingredient with no concern match; neutral fit [label adjusted for expert variance],0,0,Other
Salicylic Acid,Normal,"['Acne', 'Redness']",poor fit,2,4,"High combined irritancy score (6): category=BHA, sensitivity=4, desc signals=-1",4,8,BHA
Rosemary Leaf Extract,Normal,"['Acne', 'Redness']",good fit,0,4,Directly addresses 1 concern(s) and description confirms soothing profile,0,1,Plant Extract
Safflower Seed Oil,Normal,"['Acne', 'Redness']",possible irritation,1,3,Moderate irritancy (3) — possible irritation for Normal skin,1,3,Lipid/Oil
Saccharomyces Cerevisiae (Yeast) Extract,Normal,"['Acne', 'Redness']",good fit,0,4,Directly addresses 2 concern(s) and description confirms soothing profile,0,3,Probiotic/Ferment
Sacred Lotus Flower Extract,Normal,"['Acne', 'Redness']",good fit,0,2,Gentle ingredient with no concern match; neutral fit,0,4,Plant Extract
Tasmanian Pepperberry Extract,Normal,"['Acne', 'Redness']",good fit,0,4,Directly addresses 1 concern(s) and description confirms soothing profile,0,1,Plant Extract
Tartaric Acid,Normal,"['Acne', 'Redness']",possible irritation,1,3,Moderate irritancy (3) — possible irritation for Normal skin,1,4,AHA
Rhamnose,Normal,"['Acne', 'Redness']",good fit,0,4,Directly addresses 2 concern(s) and description confirms soothing profile,0,3,Other
Sweet Almond Oil,Normal,"['Acne', 'Redness']",possible irritation,1,3,Moderate irritancy (2) — possible irritation for Normal skin,1,2,Lipid/Oil
Symsitive,Normal,"['Acne', 'Redness']",good fit,0,4,Directly addresses 1 concern(s) and description confirms soothing profile,0,1,Other
Sugar Cane Extract,Normal,"['Acne', 'Redness']",good fit,0,4,Directly addresses 1 concern(s) and description confirms soothing profile,0,5,Plant Extract
Superoxide Dismutase,Normal,"['Acne', 'Redness']",good fit,0,3,Description strongly soothing/calming; low irritancy even without direct concern match,0,0,Other
Sunflower Oil,Normal,"['Acne', 'Redness']",possible irritation,1,3,Moderate irritancy (2) — possible irritation for Normal skin,1,3,Lipid/Oil
Spent Grain Wax,Normal,"['Acne', 'Redness']",possible irritation,1,3,Moderate irritancy (3) — possible irritation for Normal skin,0,2,Lipid/Oil
Sulfur,Normal,"['Acne', 'Redness']",good fit,0,4,Directly addresses 1 concern(s) and description confirms soothing profile,0,2,Mineral
Squalane,Normal,"['Acne', 'Redness']",good fit,0,2,Gentle ingredient with no concern match; neutral fit,0,4,Lipid/Oil
Urea,Normal,"['Acne', 'Redness']",good fit,0,2,Gentle ingredient with no concern match; neutral fit,0,3,Humectant
Sodium Lactate,Normal,"['Acne', 'Redness']",good fit,0,2,Gentle ingredient with no concern match; neutral fit,0,2,Humectant
Turmeric Root Extract,Normal,"['Acne', 'Redness']",good fit,0,4,Directly addresses 1 concern(s) and description confirms soothing profile,0,1,Plant Extract
Valine,Normal,"['Acne', 'Redness']",good fit,0,2,Gentle ingredient with no concern match; neutral fit [label adjusted for expert variance],0,2,Amino Acid
Trehalose,Normal,"['Acne', 'Redness']",good fit,0,2,Gentle ingredient with no concern match; neutral fit,0,2,Humectant
Tripleurospermum Maritimum Extract,Normal,"['Acne', 'Redness']",good fit,0,3,Description strongly soothing/calming; low irritancy even without direct concern match,0,3,Plant Extract
Triazine Diethyl Butamidotriazone,Normal,"['Acne', 'Redness']",poor fit,2,4,"High combined irritancy score (4): category=UV Filter, sensitivity=2, desc signals=0",2,1,UV Filter
Thiamidol,Normal,"['Acne', 'Redness']",good fit,0,2,Gentle ingredient with no concern match; neutral fit,0,2,Other
Tranexamic Acid,Normal,"['Acne', 'Redness']",good fit,0,2,Gentle ingredient with no concern match; neutral fit,0,3,Other
Tomato Stem Cells,Normal,"['Acne', 'Redness']",good fit,0,2,Gentle ingredient with no concern match; neutral fit,0,3,Plant Extract
Teprenone,Normal,"['Acne', 'Redness']",good fit,0,3,Addresses 1 concern(s); low irritancy,0,5,Other
Threonine,Normal,"['Acne', 'Redness']",good fit,0,2,Gentle ingredient with no concern match; neutral fit,0,2,Amino Acid
Zinc Gluconate,Normal,"['Acne', 'Redness']",good fit,0,4,Directly addresses 2 concern(s) and description confirms soothing profile,0,4,Mineral
Tetrahexyldecyl Ascorbate,Normal,"['Acne', 'Redness']",possible irritation,1,3,Moderate irritancy (2) — possible irritation for Normal skin,1,5,Vitamin C
Zinc,Normal,"['Acne', 'Redness']",good fit,0,4,Directly addresses 2 concern(s) and description confirms soothing profile,0,4,Mineral
Yerba Mate Extract,Normal,"['Acne', 'Redness']",good fit,0,3,Description strongly soothing/calming; low irritancy even without direct concern match [label adjusted for expert variance],0,1,Plant Extract
Yeast Amino Acids,Normal,"['Acne', 'Redness']",good fit,0,2,Gentle ingredient with no concern match; neutral fit,0,1,Probiotic/Ferment
Willow Herb Extract,Normal,"['Acne', 'Redness']",good fit,0,3,Description strongly soothing/calming; low irritancy even without direct concern match,0,1,Plant Extract
Willow Bark Extract,Normal,"['Acne', 'Redness']",possible irritation,1,3,Moderate irritancy (2) — possible irritation for Normal skin,2,6,Plant Extract
Wild Cherry Extract,Normal,"['Acne', 'Redness']",good fit,0,3,Description strongly soothing/calming; low irritancy even without direct concern match,0,1,Plant Extract
White Tea,Normal,"['Acne', 'Redness']",good fit,0,4,Directly addresses 1 concern(s) and description confirms soothing profile,0,1,Other
Vitamin K1,Normal,"['Acne', 'Redness']",good fit,0,3,Addresses 1 concern(s); low irritancy,0,1,Vitamin
Vitamin E,Normal,"['Acne', 'Redness']",good fit,0,3,Addresses 1 concern(s); low irritancy,0,4,Vitamin
Vitamin C,Normal,"['Acne', 'Redness']",poor fit,2,4,"High combined irritancy score (4): category=Vitamin C, sensitivity=3, desc signals=0",3,5,Vitamin C
Vitamin B5,Normal,"['Acne', 'Redness']",good fit,0,4,Directly addresses 1 concern(s) and description confirms soothing profile,0,5,Vitamin
Vitamin A,Normal,"['Acne', 'Redness']",poor fit,2,4,"High combined irritancy score (7): category=Retinoid, sensitivity=3, desc signals=1",3,9,Retinoid
Vibrio Alginolyticus Ferment Filtrate,Normal,"['Acne', 'Redness']",good fit,0,2,Gentle ingredient with no concern match; neutral fit,0,3,Probiotic/Ferment
Tea Tree Oil,Normal,"['Acne', 'Redness']",good fit,0,4,Directly addresses 1 concern(s) and description confirms soothing profile,0,2,Lipid/Oil
Zinc Sulfate,Normal,"['Acne', 'Redness']",good fit,0,4,Directly addresses 1 concern(s) and description confirms soothing profile,0,1,Mineral
Zinc PCA,Normal,"['Acne', 'Redness']",good fit,0,4,Directly addresses 2 concern(s) and description confirms soothing profile,0,5,Mineral
Neoglucosamine,Normal,"['Acne', 'Redness']",good fit,0,2,Gentle ingredient with no concern match; neutral fit,1,8,Other
Taurine,Normal,"['Acne', 'Redness']",good fit,0,2,Gentle ingredient with no concern match; neutral fit,0,3,Amino Acid
Sodium Ascorbyl Phosphate,Normal,"['Acne', 'Redness']",possible irritation,1,3,Moderate irritancy (2) — possible irritation for Normal skin,1,5,Vitamin C
Alpha-Glucan Oligosaccharide,Combination,"['Acne', 'Dryness']",good fit,0,4,Directly addresses 1 concern(s) and description confirms soothing profile,0,3,Other
Aloe Vera,Combination,"['Acne', 'Dryness']",good fit,0,4,Directly addresses 1 concern(s) and description confirms soothing profile,0,4,Other
Allantoin,Combination,"['Acne', 'Dryness']",good fit,0,3,Description strongly soothing/calming; low irritancy even without direct concern match,0,3,Other
Algin,Combination,"['Acne', 'Dryness']",good fit,0,4,Directly addresses 1 concern(s) and description confirms soothing profile,0,3,Other
Algae Extract,Combination,"['Acne', 'Dryness']",good fit,0,4,Directly addresses 1 concern(s) and description confirms soothing profile,0,3,Marine/Algae
Algae Exopolysaccharides,Combination,"['Acne', 'Dryness']",good fit,0,3,Addresses 1 concern(s); low irritancy,0,3,Marine/Algae
Alaria Esculenta Extract,Combination,"['Acne', 'Dryness']",good fit,0,4,Directly addresses 1 concern(s) and description confirms soothing profile,0,3,Plant Extract
Alanine,Combination,"['Acne', 'Dryness']",good fit,0,3,Addresses 1 concern(s); low irritancy,0,2,Amino Acid
Ahnfeltia Concinna Extract,Combination,"['Acne', 'Dryness']",good fit,0,4,Directly addresses 1 concern(s) and description confirms soothing profile,0,3,Plant Extract
Adenosine,Combination,"['Acne', 'Dryness']",good fit,0,4,Directly addresses 2 concern(s) and description confirms soothing profile,0,7,Other
Acetyl Tyrosinamide,Combination,"['Acne', 'Dryness']",good fit,0,2,Gentle ingredient with no concern match; neutral fit,0,3,Other
Acetyl Tetrapeptide,Combination,"['Acne', 'Dryness']",good fit,0,2,Gentle ingredient with no concern match; neutral fit,0,3,Peptide
Acetyl Glucosamine,Combination,"['Acne', 'Dryness']",good fit,0,4,Directly addresses 1 concern(s) and description confirms soothing profile,0,7,Other
Acetylarginyltryptophyl Diphenylglycine,Combination,"['Acne', 'Dryness']",good fit,0,2,Gentle ingredient with no concern match; neutral fit,0,3,Amino Acid
Acai Extract,Combination,"['Acne', 'Dryness']",good fit,0,2,Gentle ingredient with no concern match; neutral fit,0,0,Plant Extract
Ascorbic Acid,Combination,"['Acne', 'Dryness']",poor fit,2,5,Directly flagged in avoid list for Combination skin and high irritancy (7),3,5,Vitamin C
Ascophyllum Nodosum Extract,Combination,"['Acne', 'Dryness']",good fit,0,3,Addresses 1 concern(s); low irritancy,0,3,Plant Extract
Arginine PCA,Combination,"['Acne', 'Dryness']",possible irritation,1,3,Addresses 1 concern(s); low irritancy [label adjusted for expert variance],0,2,Amino Acid
Arginine/Lysine Polypeptide,Combination,"['Acne', 'Dryness']",good fit,0,2,Gentle ingredient with no concern match; neutral fit,0,3,Peptide
Arginine HCL,Combination,"['Acne', 'Dryness']",good fit,0,3,Addresses 1 concern(s); low irritancy,0,2,Amino Acid
Arginine,Combination,"['Acne', 'Dryness']",good fit,0,3,Addresses 1 concern(s); low irritancy,0,3,Amino Acid
Argan Oil,Combination,"['Acne', 'Dryness']",possible irritation,1,3,Moderate irritancy (2) — possible irritation for Combination skin,1,3,Lipid/Oil
Arbutin,Combination,"['Acne', 'Dryness']",good fit,0,2,Gentle ingredient with no concern match; neutral fit,1,2,Other
Aquagenium,Combination,"['Acne', 'Dryness']",good fit,0,3,Addresses 1 concern(s); low irritancy,0,2,Other
Apple Stem Cells,Combination,"['Acne', 'Dryness']",good fit,0,2,Gentle ingredient with no concern match; neutral fit,0,3,Plant Extract
Apple Polyphenols,Combination,"['Acne', 'Dryness']",good fit,0,3,Description strongly soothing/calming; low irritancy even without direct concern match,0,0,Other
Apple Extract,Combination,"['Acne', 'Dryness']",good fit,0,2,Gentle ingredient with no concern match; neutral fit,0,0,Plant Extract
Anti-Ageing Peptides,Combination,"['Acne', 'Dryness']",good fit,0,2,Gentle ingredient with no concern match; neutral fit,0,3,Peptide
Amino Acids,Combination,"['Acne', 'Dryness']",good fit,0,3,Addresses 1 concern(s); low irritancy,0,5,Amino Acid
Alteromonas Ferment Extract,Combination,"['Acne', 'Dryness']",good fit,0,4,Directly addresses 1 concern(s) and description confirms soothing profile,0,3,Probiotic/Ferment
Bifida Ferment Lysate,Combination,"['Acne', 'Dryness']",good fit,0,4,Directly addresses 1 concern(s) and description confirms soothing profile,0,3,Probiotic/Ferment
Beta Glucan,Combination,"['Acne', 'Dryness']",good fit,0,4,Directly addresses 1 concern(s) and description confirms soothing profile,0,5,Other
Bakuchiol,Combination,"['Acne', 'Dryness']",good fit,0,2,Gentle ingredient with no concern match; neutral fit,0,3,Other
Azelaoyl Bis-Dipeptide,Combination,"['Acne', 'Dryness']",good fit,0,2,Gentle ingredient with no concern match; neutral fit,1,3,Peptide
Azelaic Acid,Combination,"['Acne', 'Dryness']",good fit,0,4,Directly addresses 1 concern(s) and description confirms soothing profile,1,8,Other
Avocado Oil,Combination,"['Acne', 'Dryness']",possible irritation,1,3,Moderate irritancy (2) — possible irritation for Combination skin,1,3,Lipid/Oil
Avocado Ferment,Combination,"['Acne', 'Dryness']",good fit,0,3,Addresses 1 concern(s); low irritancy,0,3,Probiotic/Ferment
Avene Thermal Water,Combination,"['Acne', 'Dryness']",good fit,0,4,Directly addresses 1 concern(s) and description confirms soothing profile,0,5,Plant Extract
Asparagopsis Armata Extract,Combination,"['Acne', 'Dryness']",good fit,0,4,Directly addresses 1 concern(s) and description confirms soothing profile,0,3,Plant Extract
Ascorbyl Palmitate,Combination,"['Acne', 'Dryness']",poor fit,2,3,Moderate irritancy (2) — possible irritation for Combination skin [label adjusted for expert variance],1,1,Vitamin C
Ascorbyl Glucoside,Combination,"['Acne', 'Dryness']",possible irritation,1,3,Moderate irritancy (2) — possible irritation for Combination skin,1,5,Vitamin C
Caffeine,Combination,"['Acne', 'Dryness']",good fit,0,2,Gentle ingredient with no concern match; neutral fit,0,3,Other
Caffeic Acid,Combination,"['Acne', 'Dryness']",good fit,0,3,Description strongly soothing/calming; low irritancy even without direct concern match,0,1,Other
Cabbage Leaf Extract,Combination,"['Acne', 'Dryness']",good fit,0,3,Description strongly soothing/calming; low irritancy even without direct concern match,0,0,Plant Extract
Butyl Methoxydibenzoylmethane,Combination,"['Acne', 'Dryness']",poor fit,2,4,"High combined irritancy score (4): category=UV Filter, sensitivity=2, desc signals=0",2,1,UV Filter
Blue Mallow Extract,Combination,"['Acne', 'Dryness']",good fit,0,3,Description strongly soothing/calming; low irritancy even without direct concern match,0,0,Plant Extract
Blue Lotus Extract,Combination,"['Acne', 'Dryness']",good fit,0,3,Description strongly soothing/calming; low irritancy even without direct concern match,0,0,Plant Extract
Blueberry Extract,Combination,"['Acne', 'Dryness']",good fit,0,3,Description strongly soothing/calming; low irritancy even without direct concern match,0,0,Plant Extract
Bilberry Extract,Combination,"['Acne', 'Dryness']",good fit,0,3,Description strongly soothing/calming; low irritancy even without direct concern match,0,1,Plant Extract
Bis-Ethylhexyloxyphenol Methoxyphenyl Triazine,Combination,"['Acne', 'Dryness']",poor fit,2,4,"High combined irritancy score (5): category=UV Filter, sensitivity=2, desc signals=1",2,1,UV Filter
Bisabolol,Combination,"['Acne', 'Dryness']",good fit,0,4,Directly addresses 1 concern(s) and description confirms soothing profile,0,5,Other
Bio-Active Glucosides,Combination,"['Acne', 'Dryness']",good fit,0,3,Description strongly soothing/calming; low irritancy even without direct concern match [label adjusted for expert variance],0,1,Other
Chondrus Crispus,Combination,"['Acne', 'Dryness']",good fit,0,3,Addresses 1 concern(s); low irritancy,0,3,Other
Cholesterol,Combination,"['Acne', 'Dryness']",good fit,0,3,Addresses 1 concern(s); low irritancy,0,3,Other
Chlorophyll,Combination,"['Acne', 'Dryness']",good fit,0,3,Description strongly soothing/calming; low irritancy even without direct concern match,0,0,Other
Chlorella Vulgaris Extract,Combination,"['Acne', 'Dryness']",good fit,0,3,Addresses 1 concern(s); low irritancy,0,3,Plant Extract
Chamomile Extract,Combination,"['Acne', 'Dryness']",good fit,0,3,Description strongly soothing/calming; low irritancy even without direct concern match,0,2,Plant Extract
Chlorella Protothecoides Oil,Combination,"['Acne', 'Dryness']",good fit,0,3,Addresses 1 concern(s); low irritancy,0,3,Lipid/Oil
Ceramides,Combination,"['Acne', 'Dryness']",good fit,0,4,Directly addresses 1 concern(s) and description confirms soothing profile,0,5,Ceramide
Chlorella Protothecoides,Combination,"['Acne', 'Dryness']",good fit,0,3,Addresses 1 concern(s); low irritancy,0,3,Other
Chemical UV Filters,Combination,"['Acne', 'Dryness']",possible irritation,1,3,Moderate irritancy (3) — possible irritation for Combination skin,1,1,UV Filter
Caprooyl Sphingosine,Combination,"['Acne', 'Dryness']",good fit,0,3,Addresses 1 concern(s); low irritancy,0,4,Ceramide
Centella Asiatica,Combination,"['Acne', 'Dryness']",good fit,0,4,Directly addresses 2 concern(s) and description confirms soothing profile,0,5,Other
Carnosine,Combination,"['Acne', 'Dryness']",good fit,0,2,Gentle ingredient with no concern match; neutral fit,0,1,Other
Caprooyl Phytosphingosine,Combination,"['Acne', 'Dryness']",good fit,0,3,Addresses 1 concern(s); low irritancy,0,4,Ceramide
Ectoin,Combination,"['Acne', 'Dryness']",good fit,0,4,Directly addresses 1 concern(s) and description confirms soothing profile,0,2,Other
Dunaliella Salina (Green Algae) Extract,Combination,"['Acne', 'Dryness']",good fit,0,4,Directly addresses 1 concern(s) and description confirms soothing profile,0,3,Marine/Algae
Dioic Acid,Combination,"['Acne', 'Dryness']",good fit,0,4,Directly addresses 1 concern(s) and description confirms soothing profile,0,3,Other
Cucumber Extract,Combination,"['Acne', 'Dryness']",good fit,0,3,Description strongly soothing/calming; low irritancy even without direct concern match,0,0,Plant Extract
Dipeptide Diaminobutyroyl Benzylamide Diacetate,Combination,"['Acne', 'Dryness']",good fit,0,2,Gentle ingredient with no concern match; neutral fit,0,3,Peptide
Dipeptide,Combination,"['Acne', 'Dryness']",good fit,0,2,Gentle ingredient with no concern match; neutral fit,0,3,Peptide
Copper Peptide,Combination,"['Acne', 'Dryness']",good fit,0,2,Gentle ingredient with no concern match; neutral fit,0,3,Peptide
Copper Palmitoyl Heptapeptide,Combination,"['Acne', 'Dryness']",good fit,0,2,Gentle ingredient with no concern match; neutral fit,0,3,Peptide
Copper Heptapeptide-14 Pantothenate,Combination,"['Acne', 'Dryness']",good fit,0,2,Gentle ingredient with no concern match; neutral fit,0,3,Peptide
Coffee Seed Extract,Combination,"['Acne', 'Dryness']",good fit,0,3,Description strongly soothing/calming; low irritancy even without direct concern match,0,1,Plant Extract
Citric Acid,Combination,"['Acne', 'Dryness']",possible irritation,1,3,Moderate irritancy (3) — possible irritation for Combination skin,0,4,AHA
Cinnamon Bark,Combination,"['Acne', 'Dryness']",good fit,0,4,Directly addresses 1 concern(s) and description confirms soothing profile,0,1,Other
Fomes Ofﬁcinalis (Mushroom) Extract,Combination,"['Acne', 'Dryness']",good fit,0,2,Gentle ingredient with no concern match; neutral fit,0,3,Plant Extract
Ginkgo Biloba,Combination,"['Acne', 'Dryness']",good fit,0,3,Description strongly soothing/calming; low irritancy even without direct concern match,0,1,Other
Fructooligosaccharides,Combination,"['Acne', 'Dryness']",good fit,0,4,Directly addresses 1 concern(s) and description confirms soothing profile,0,3,Other
Feverfew Extract,Combination,"['Acne', 'Dryness']",good fit,0,3,Description strongly soothing/calming; low irritancy even without direct concern match,0,1,Plant Extract
Ferulic Acid,Combination,"['Acne', 'Dryness']",good fit,0,2,Gentle ingredient with no concern match; neutral fit,0,0,Vitamin
Ethylhexyl Triazone,Combination,"['Acne', 'Dryness']",poor fit,2,4,"High combined irritancy score (4): category=UV Filter, sensitivity=2, desc signals=0",2,1,UV Filter
Ferric Hexapeptide,Combination,"['Acne', 'Dryness']",good fit,0,2,Gentle ingredient with no concern match; neutral fit,0,3,Peptide
Fernblock,Combination,"['Acne', 'Dryness']",good fit,0,2,Gentle ingredient with no concern match; neutral fit,0,0,Other
Evening Primrose Oil,Combination,"['Acne', 'Dryness']",good fit,0,4,Directly addresses 1 concern(s) and description confirms soothing profile,0,2,Lipid/Oil
Essential Lipids,Combination,"['Acne', 'Dryness']",good fit,0,3,Addresses 1 concern(s); low irritancy,0,5,Other
Endothelyol,Combination,"['Acne', 'Dryness']",good fit,0,3,Description strongly soothing/calming; low irritancy even without direct concern match,0,1,Other
Ethylhexyl Salicylate,Combination,"['Acne', 'Dryness']",possible irritation,1,3,Moderate irritancy (2) — possible irritation for Combination skin,2,1,Other
Ethyl Ascorbic Acid,Combination,"['Acne', 'Dryness']",possible irritation,1,3,Moderate irritancy (2) — possible irritation for Combination skin,1,4,Vitamin C
Green Tea,Combination,"['Acne', 'Dryness']",good fit,0,3,Description strongly soothing/calming; low irritancy even without direct concern match [label adjusted for expert variance],0,2,Other
Glycosphingolipids,Combination,"['Acne', 'Dryness']",good fit,0,3,Addresses 1 concern(s); low irritancy,0,4,Ceramide
Glycoproteins,Combination,"['Acne', 'Dryness']",good fit,0,3,Addresses 1 concern(s); low irritancy,0,4,Other
Glycolipids,Combination,"['Acne', 'Dryness']",good fit,0,3,Addresses 1 concern(s); low irritancy,0,2,Other
Golden-Eye Grass Complex,Combination,"['Acne', 'Dryness']",good fit,0,2,Gentle ingredient with no concern match; neutral fit,0,1,Other
Glycolic Acid,Combination,"['Acne', 'Dryness']",poor fit,2,4,"High combined irritancy score (6): category=AHA, sensitivity=2, desc signals=2",2,8,AHA
Glycine,Combination,"['Acne', 'Dryness']",good fit,0,3,Addresses 1 concern(s); low irritancy,0,5,Amino Acid
Glyceryl Glucoside,Combination,"['Acne', 'Dryness']",good fit,0,3,Addresses 1 concern(s); low irritancy,0,4,Other
Gluconolactone,Combination,"['Acne', 'Dryness']",good fit,0,4,Directly addresses 2 concern(s) and description confirms soothing profile,0,9,Other
EGCG,Combination,"['Acne', 'Dryness']",good fit,0,3,Description strongly soothing/calming; low irritancy even without direct concern match,0,1,Other
Indian Gooseberry,Combination,"['Acne', 'Dryness']",good fit,0,2,Gentle ingredient with no concern match; neutral fit,0,1,Other
Hydroxypinacolone Retinoate,Combination,"['Acne', 'Dryness']",poor fit,2,4,"High combined irritancy score (6): category=Retinoid, sensitivity=3, desc signals=0",3,9,Retinoid
Hydrolyzed Pumpkin Seedcake,Combination,"['Acne', 'Dryness']",good fit,0,3,Addresses 1 concern(s); low irritancy,0,6,Other
Hydrolyzed F-Fucoidan,Combination,"['Acne', 'Dryness']",good fit,0,3,Addresses 1 concern(s); low irritancy,0,3,Marine/Algae
Homosalate,Combination,"['Acne', 'Dryness']",poor fit,2,4,"High combined irritancy score (4): category=UV Filter, sensitivity=2, desc signals=0",2,1,UV Filter
Humectants,Combination,"['Acne', 'Dryness']",good fit,0,3,Addresses 1 concern(s); low irritancy,0,5,Humectant
Hibiscus Fruit Extract,Combination,"['Acne', 'Dryness']",good fit,0,2,Gentle ingredient with no concern match; neutral fit,0,0,Plant Extract
Horse Chestnut,Combination,"['Acne', 'Dryness']",good fit,0,3,Description strongly soothing/calming; low irritancy even without direct concern match,0,1,Other
Heptapeptide-15 Palmitate,Combination,"['Acne', 'Dryness']",good fit,0,2,Gentle ingredient with no concern match; neutral fit,0,3,Peptide
Guarana Extract,Combination,"['Acne', 'Dryness']",good fit,0,2,Gentle ingredient with no concern match; neutral fit,0,0,Plant Extract
Histidine,Combination,"['Acne', 'Dryness']",good fit,0,3,Addresses 1 concern(s); low irritancy,0,4,Amino Acid
Lecithin,Combination,"['Acne', 'Dryness']",possible irritation,1,3,Moderate irritancy (2) — possible irritation for Combination skin,0,4,Lipid/Oil
L-Carnitine,Combination,"['Acne', 'Dryness']",good fit,0,4,Directly addresses 1 concern(s) and description confirms soothing profile,0,3,Other
Lactobionic Acid,Combination,"['Acne', 'Dryness']",good fit,0,4,Directly addresses 2 concern(s) and description confirms soothing profile,0,9,Other
L-Ascorbic Acid,Combination,"['Acne', 'Dryness']",poor fit,2,5,Directly flagged in avoid list for Combination skin and high irritancy (7),3,5,Vitamin C
Laminaria Ochroleuca (Kelp) Extract,Combination,"['Acne', 'Dryness']",good fit,0,4,Directly addresses 1 concern(s) and description confirms soothing profile,0,3,Marine/Algae
Lactococcus Ferment Lysate,Combination,"['Acne', 'Dryness']",good fit,0,4,Directly addresses 1 concern(s) and description confirms soothing profile,0,3,Probiotic/Ferment
Lactic Acid,Combination,"['Acne', 'Dryness']",poor fit,2,4,"High combined irritancy score (4): category=AHA, sensitivity=2, desc signals=0",2,8,AHA
Lactobacillus Ferment,Combination,"['Acne', 'Dryness']",good fit,0,4,Directly addresses 1 concern(s) and description confirms soothing profile,0,3,Probiotic/Ferment
Lactobacillus Extract Filtrate,Combination,"['Acne', 'Dryness']",good fit,0,4,Directly addresses 1 concern(s) and description confirms soothing profile,0,3,Probiotic/Ferment
Jojoba Oil,Combination,"['Acne', 'Dryness']",good fit,0,3,Addresses 1 concern(s); low irritancy,0,4,Lipid/Oil
Kola Seed Extract,Combination,"['Acne', 'Dryness']",good fit,0,2,Gentle ingredient with no concern match; neutral fit,0,0,Plant Extract
Jeju Green Tea Water,Combination,"['Acne', 'Dryness']",good fit,0,4,Directly addresses 1 concern(s) and description confirms soothing profile,0,3,Plant Extract
Kojic Acid,Combination,"['Acne', 'Dryness']",good fit,0,2,Gentle ingredient with no concern match; neutral fit,0,3,Other
Isoleucine,Combination,"['Acne', 'Dryness']",possible irritation,1,3,Addresses 1 concern(s); low irritancy [label adjusted for expert variance],0,2,Amino Acid
Jojoba Beads,Combination,"['Acne', 'Dryness']",good fit,0,2,Gentle ingredient with no concern match; neutral fit,0,2,Other
Macrocystis Pyrifera (Kelp) Extract,Combination,"['Acne', 'Dryness']",good fit,0,4,Directly addresses 1 concern(s) and description confirms soothing profile,0,3,Marine/Algae
Magnesium Sulfate,Combination,"['Acne', 'Dryness']",good fit,0,3,Description strongly soothing/calming; low irritancy even without direct concern match,0,1,Mineral
Magnesium Ascorbyl Phosphate,Combination,"['Acne', 'Dryness']",poor fit,2,4,"High combined irritancy score (4): category=Vitamin C, sensitivity=1, desc signals=2",1,3,Vitamin C
Lysine,Combination,"['Acne', 'Dryness']",good fit,0,4,Directly addresses 1 concern(s) and description confirms soothing profile,0,6,Amino Acid
Lily Extract,Combination,"['Acne', 'Dryness']",good fit,0,3,Description strongly soothing/calming; low irritancy even without direct concern match,0,0,Plant Extract
Luffa Cylindrica Extract,Combination,"['Acne', 'Dryness']",good fit,0,2,Gentle ingredient with no concern match; neutral fit,0,0,Plant Extract
Linolenic Acid,Combination,"['Acne', 'Dryness']",good fit,0,4,Directly addresses 1 concern(s) and description confirms soothing profile,0,4,Lipid/Oil
Linoleic Acid,Combination,"['Acne', 'Dryness']",possible irritation,1,3,Moderate irritancy (2) — possible irritation for Combination skin,0,4,Lipid/Oil
Leucine,Combination,"['Acne', 'Dryness']",good fit,0,3,Addresses 1 concern(s); low irritancy,0,6,Amino Acid
Licorice Extract,Combination,"['Acne', 'Dryness']",good fit,0,3,Description strongly soothing/calming; low irritancy even without direct concern match,0,4,Plant Extract
Natural Moisturising Factors,Combination,"['Acne', 'Dryness']",good fit,0,3,Addresses 1 concern(s); low irritancy,0,5,Other
Licochalcone A,Combination,"['Acne', 'Dryness']",good fit,0,3,Description strongly soothing/calming; low irritancy even without direct concern match,0,0,Other
Naringenin Chalcone,Combination,"['Acne', 'Dryness']",good fit,0,3,Description strongly soothing/calming; low irritancy even without direct concern match,0,2,Other
Myristoyl Nonapeptide,Combination,"['Acne', 'Dryness']",good fit,0,2,Gentle ingredient with no concern match; neutral fit,0,3,Peptide
Myristol Pentapeptide,Combination,"['Acne', 'Dryness']",good fit,0,2,Gentle ingredient with no concern match; neutral fit,0,3,Peptide
Milk Thistle Extract,Combination,"['Acne', 'Dryness']",good fit,0,3,Description strongly soothing/calming; low irritancy even without direct concern match [label adjusted for expert variance],0,2,Plant Extract
Myristol Hexapeptide,Combination,"['Acne', 'Dryness']",good fit,0,2,Gentle ingredient with no concern match; neutral fit,0,3,Peptide
Mushroom Extract,Combination,"['Acne', 'Dryness']",good fit,0,3,Description strongly soothing/calming; low irritancy even without direct concern match,0,1,Plant Extract
Moringa Seed Extract,Combination,"['Acne', 'Dryness']",good fit,0,4,Directly addresses 1 concern(s) and description confirms soothing profile,0,5,Plant Extract
Marshmallow Root,Combination,"['Acne', 'Dryness']",good fit,0,3,Description strongly soothing/calming; low irritancy even without direct concern match,0,1,Other
Mineral UV Filters,Combination,"['Acne', 'Dryness']",possible irritation,1,3,Moderate irritancy (3) — possible irritation for Combination skin,1,1,UV Filter
Meadowfoam Seed Oil,Combination,"['Acne', 'Dryness']",possible irritation,1,3,Moderate irritancy (2) — possible irritation for Combination skin,0,3,Lipid/Oil
Marine Extract,Combination,"['Acne', 'Dryness']",good fit,0,3,Addresses 1 concern(s); low irritancy [label adjusted for expert variance],0,3,Marine/Algae
Mango Seed Butter,Combination,"['Acne', 'Dryness']",possible irritation,1,3,Moderate irritancy (2) — possible irritation for Combination skin,0,1,Lipid/Oil
Palmitoyl Oligopeptide,Combination,"['Acne', 'Dryness']",good fit,0,2,Gentle ingredient with no concern match; neutral fit,0,3,Peptide
Mandelic Acid,Combination,"['Acne', 'Dryness']",poor fit,2,4,"High combined irritancy score (4): category=AHA, sensitivity=2, desc signals=-1",2,8,AHA
Palmitoyl Nonapeptide,Combination,"['Acne', 'Dryness']",good fit,0,2,Gentle ingredient with no concern match; neutral fit,0,3,Peptide
Palmitoyl Pentapeptide,Combination,"['Acne', 'Dryness']",good fit,0,2,Gentle ingredient with no concern match; neutral fit,0,3,Peptide
Palmitoyl Glycine,Combination,"['Acne', 'Dryness']",good fit,0,3,Description strongly soothing/calming; low irritancy even without direct concern match,0,3,Amino Acid
Palmitoyl Heptapeptide,Combination,"['Acne', 'Dryness']",good fit,0,2,Gentle ingredient with no concern match; neutral fit,0,3,Peptide
Octocrylene,Combination,"['Acne', 'Dryness']",possible irritation,1,3,Moderate irritancy (2) — possible irritation for Combination skin,2,1,Other
Palmitoyl Decapeptide,Combination,"['Acne', 'Dryness']",good fit,0,2,Gentle ingredient with no concern match; neutral fit,0,3,Peptide
Oligopeptide,Combination,"['Acne', 'Dryness']",good fit,0,2,Gentle ingredient with no concern match; neutral fit,0,3,Peptide
Padina Pavonica Thallus Extract,Combination,"['Acne', 'Dryness']",good fit,0,3,Addresses 1 concern(s); low irritancy,0,3,Plant Extract
Oat Extract,Combination,"['Acne', 'Dryness']",good fit,0,4,Directly addresses 1 concern(s) and description confirms soothing profile,0,4,Plant Extract
Octisalate,Combination,"['Acne', 'Dryness']",poor fit,2,4,"High combined irritancy score (4): category=UV Filter, sensitivity=2, desc signals=0",2,1,UV Filter
Octinoxate,Combination,"['Acne', 'Dryness']",poor fit,2,4,"High combined irritancy score (4): category=UV Filter, sensitivity=2, desc signals=0",2,1,UV Filter
Polyhydroxy Acids,Combination,"['Acne', 'Dryness']",good fit,0,4,Directly addresses 2 concern(s) and description confirms soothing profile,0,9,Other
Porphyridium Cruentum Extract,Combination,"['Acne', 'Dryness']",good fit,0,4,Directly addresses 1 concern(s) and description confirms soothing profile,0,3,Plant Extract
Polyporus Umbellatus (Mushroom) Extract,Combination,"['Acne', 'Dryness']",good fit,0,2,Gentle ingredient with no concern match; neutral fit,0,2,Plant Extract
Phytic Acid,Combination,"['Acne', 'Dryness']",good fit,0,4,Directly addresses 1 concern(s) and description confirms soothing profile,0,3,Other
Plankton Extract,Combination,"['Acne', 'Dryness']",good fit,0,4,Directly addresses 1 concern(s) and description confirms soothing profile,0,3,Marine/Algae
Perfluorodecalin,Combination,"['Acne', 'Dryness']",good fit,0,4,Directly addresses 1 concern(s) and description confirms soothing profile,0,4,Other
Phytosphingosine,Combination,"['Acne', 'Dryness']",good fit,0,3,Addresses 1 concern(s); low irritancy,0,4,Ceramide
Phospholipids,Combination,"['Acne', 'Dryness']",possible irritation,1,3,Moderate irritancy (2) — possible irritation for Combination skin,0,4,Lipid/Oil
Palmitoyl  Tripeptide-1,Combination,"['Acne', 'Dryness']",good fit,0,2,Gentle ingredient with no concern match; neutral fit,0,3,Peptide
Pentapeptide,Combination,"['Acne', 'Dryness']",good fit,0,2,Gentle ingredient with no concern match; neutral fit,0,3,Peptide
Palmitoyl Tetrapeptide,Combination,"['Acne', 'Dryness']",good fit,0,2,Gentle ingredient with no concern match; neutral fit,0,3,Peptide
Parachlorella Beijerinckii Exopolysaccharides,Combination,"['Acne', 'Dryness']",good fit,0,3,Addresses 1 concern(s); low irritancy,0,3,Other
Retinyl Retinoate,Combination,"['Acne', 'Dryness']",poor fit,2,4,"High combined irritancy score (7): category=Retinoid, sensitivity=3, desc signals=1",3,9,Retinoid
Palmitoyl Tripeptide,Combination,"['Acne', 'Dryness']",good fit,0,2,Gentle ingredient with no concern match; neutral fit,0,3,Peptide
Neurophroline,Combination,"['Acne', 'Dryness']",good fit,0,4,Directly addresses 2 concern(s) and description confirms soothing profile,0,5,Other
Retinyl Propionate,Combination,"['Acne', 'Dryness']",poor fit,2,4,"High combined irritancy score (6): category=Retinoid, sensitivity=3, desc signals=0",3,7,Retinoid
Retinyl Palmitate,Combination,"['Acne', 'Dryness']",poor fit,2,4,"High combined irritancy score (5): category=Retinoid, sensitivity=2, desc signals=0",2,1,Retinoid
Retinol,Combination,"['Acne', 'Dryness']",poor fit,2,4,"High combined irritancy score (6): category=Retinoid, sensitivity=3, desc signals=0",3,9,Retinoid
Resveratrol,Combination,"['Acne', 'Dryness']",good fit,0,3,Description strongly soothing/calming; low irritancy even without direct concern match,0,3,Other
Red Algae,Combination,"['Acne', 'Dryness']",good fit,0,4,Directly addresses 1 concern(s) and description confirms soothing profile,0,3,Marine/Algae
Quercetin,Combination,"['Acne', 'Dryness']",good fit,0,4,Directly addresses 1 concern(s) and description confirms soothing profile,0,3,Other
Pseudoalteromonas Exopolysaccharides,Combination,"['Acne', 'Dryness']",good fit,0,3,Addresses 1 concern(s); low irritancy,0,3,Other
Proline,Combination,"['Acne', 'Dryness']",good fit,0,3,Addresses 1 concern(s); low irritancy,0,5,Amino Acid
Potassium Azeloyl Diglycinate,Combination,"['Acne', 'Dryness']",good fit,0,4,Directly addresses 1 concern(s) and description confirms soothing profile,1,7,Other
Probiotics,Combination,"['Acne', 'Dryness']",good fit,0,4,Directly addresses 1 concern(s) and description confirms soothing profile,0,3,Probiotic/Ferment
Prickly Pear Extract,Combination,"['Acne', 'Dryness']",good fit,0,3,Description strongly soothing/calming; low irritancy even without direct concern match,0,1,Plant Extract
Snow Mushroom Extract,Combination,"['Acne', 'Dryness']",good fit,0,4,Directly addresses 1 concern(s) and description confirms soothing profile,0,4,Plant Extract
Prebiotics,Combination,"['Acne', 'Dryness']",good fit,0,4,Directly addresses 1 concern(s) and description confirms soothing profile,0,3,Probiotic/Ferment
Shea Butter,Combination,"['Acne', 'Dryness']",poor fit,2,5,Directly flagged in avoid list for Combination skin and high irritancy (5),2,4,Lipid/Oil
Sesame Seed Oil,Combination,"['Acne', 'Dryness']",good fit,0,4,Directly addresses 1 concern(s) and description confirms soothing profile,0,1,Lipid/Oil
Silk Protein,Combination,"['Acne', 'Dryness']",good fit,0,3,Addresses 1 concern(s); low irritancy,1,1,Other
Sh-Oligopeptide,Combination,"['Acne', 'Dryness']",good fit,0,2,Gentle ingredient with no concern match; neutral fit,0,3,Peptide
Serine,Combination,"['Acne', 'Dryness']",good fit,0,3,Addresses 1 concern(s); low irritancy,0,2,Amino Acid
Sea Buckthorn Water,Combination,"['Acne', 'Dryness']",good fit,0,2,Gentle ingredient with no concern match; neutral fit,0,1,Plant Extract
Saskatoon Berry,Combination,"['Acne', 'Dryness']",good fit,0,2,Gentle ingredient with no concern match; neutral fit,0,0,Other
Salicylic Acid,Combination,"['Acne', 'Dryness']",poor fit,2,5,Directly flagged in avoid list for Combination skin and high irritancy (6),4,8,BHA
Rosemary Leaf Extract,Combination,"['Acne', 'Dryness']",good fit,0,3,Description strongly soothing/calming; low irritancy even without direct concern match,0,1,Plant Extract
Safflower Seed Oil,Combination,"['Acne', 'Dryness']",possible irritation,1,3,Moderate irritancy (3) — possible irritation for Combination skin,1,3,Lipid/Oil
Saccharomyces Cerevisiae (Yeast) Extract,Combination,"['Acne', 'Dryness']",good fit,0,4,Directly addresses 1 concern(s) and description confirms soothing profile,0,3,Probiotic/Ferment
Sacred Lotus Flower Extract,Combination,"['Acne', 'Dryness']",good fit,0,2,Gentle ingredient with no concern match; neutral fit,0,4,Plant Extract
Tasmanian Pepperberry Extract,Combination,"['Acne', 'Dryness']",good fit,0,3,Description strongly soothing/calming; low irritancy even without direct concern match,0,1,Plant Extract
Tartaric Acid,Combination,"['Acne', 'Dryness']",poor fit,2,3,Moderate irritancy (3) — possible irritation for Combination skin [label adjusted for expert variance],1,4,AHA
Rhamnose,Combination,"['Acne', 'Dryness']",good fit,0,4,Directly addresses 1 concern(s) and description confirms soothing profile,0,3,Other
Sweet Almond Oil,Combination,"['Acne', 'Dryness']",possible irritation,1,3,Moderate irritancy (2) — possible irritation for Combination skin,1,2,Lipid/Oil
Symsitive,Combination,"['Acne', 'Dryness']",good fit,0,3,Description strongly soothing/calming; low irritancy even without direct concern match,0,1,Other
Sugar Cane Extract,Combination,"['Acne', 'Dryness']",good fit,0,4,Directly addresses 1 concern(s) and description confirms soothing profile,0,5,Plant Extract
Superoxide Dismutase,Combination,"['Acne', 'Dryness']",good fit,0,3,Description strongly soothing/calming; low irritancy even without direct concern match,0,0,Other
Sunflower Oil,Combination,"['Acne', 'Dryness']",good fit,0,3,Moderate irritancy (2) — possible irritation for Combination skin [label adjusted for expert variance],1,3,Lipid/Oil
Spent Grain Wax,Combination,"['Acne', 'Dryness']",possible irritation,1,3,Moderate irritancy (3) — possible irritation for Combination skin,0,2,Lipid/Oil
Sulfur,Combination,"['Acne', 'Dryness']",good fit,0,4,Directly addresses 1 concern(s) and description confirms soothing profile,0,2,Mineral
Squalane,Combination,"['Acne', 'Dryness']",good fit,0,4,Directly addresses 1 concern(s) and description confirms soothing profile,0,4,Lipid/Oil
Urea,Combination,"['Acne', 'Dryness']",good fit,0,3,Addresses 1 concern(s); low irritancy [label adjusted for expert variance],0,3,Humectant
Sodium Lactate,Combination,"['Acne', 'Dryness']",good fit,0,3,Addresses 1 concern(s); low irritancy,0,2,Humectant
Turmeric Root Extract,Combination,"['Acne', 'Dryness']",good fit,0,3,Description strongly soothing/calming; low irritancy even without direct concern match,0,1,Plant Extract
Valine,Combination,"['Acne', 'Dryness']",good fit,0,3,Addresses 1 concern(s); low irritancy,0,2,Amino Acid
Trehalose,Combination,"['Acne', 'Dryness']",good fit,0,3,Addresses 1 concern(s); low irritancy,0,2,Humectant
Tripleurospermum Maritimum Extract,Combination,"['Acne', 'Dryness']",good fit,0,4,Directly addresses 1 concern(s) and description confirms soothing profile,0,3,Plant Extract
Triazine Diethyl Butamidotriazone,Combination,"['Acne', 'Dryness']",poor fit,2,4,"High combined irritancy score (4): category=UV Filter, sensitivity=2, desc signals=0",2,1,UV Filter
Thiamidol,Combination,"['Acne', 'Dryness']",good fit,0,2,Gentle ingredient with no concern match; neutral fit,0,2,Other
Tranexamic Acid,Combination,"['Acne', 'Dryness']",good fit,0,2,Gentle ingredient with no concern match; neutral fit,0,3,Other
Tomato Stem Cells,Combination,"['Acne', 'Dryness']",good fit,0,2,Gentle ingredient with no concern match; neutral fit,0,3,Plant Extract
Teprenone,Combination,"['Acne', 'Dryness']",good fit,0,2,Gentle ingredient with no concern match; neutral fit,0,5,Other
Threonine,Combination,"['Acne', 'Dryness']",good fit,0,3,Addresses 1 concern(s); low irritancy,0,2,Amino Acid
Zinc Gluconate,Combination,"['Acne', 'Dryness']",good fit,0,4,Directly addresses 1 concern(s) and description confirms soothing profile,0,4,Mineral
Tetrahexyldecyl Ascorbate,Combination,"['Acne', 'Dryness']",possible irritation,1,3,Moderate irritancy (2) — possible irritation for Combination skin,1,5,Vitamin C
Zinc,Combination,"['Acne', 'Dryness']",good fit,0,4,Directly addresses 1 concern(s) and description confirms soothing profile,0,4,Mineral
Yerba Mate Extract,Combination,"['Acne', 'Dryness']",good fit,0,3,Description strongly soothing/calming; low irritancy even without direct concern match,0,1,Plant Extract
Yeast Amino Acids,Combination,"['Acne', 'Dryness']",good fit,0,4,Directly addresses 1 concern(s) and description confirms soothing profile,0,1,Probiotic/Ferment
Willow Herb Extract,Combination,"['Acne', 'Dryness']",good fit,0,3,Description strongly soothing/calming; low irritancy even without direct concern match,0,1,Plant Extract
Willow Bark Extract,Combination,"['Acne', 'Dryness']",possible irritation,1,4,Flagged in avoid list for Combination skin; ingredient is relatively mild,2,6,Plant Extract
Wild Cherry Extract,Combination,"['Acne', 'Dryness']",good fit,0,3,Description strongly soothing/calming; low irritancy even without direct concern match,0,1,Plant Extract
White Tea,Combination,"['Acne', 'Dryness']",good fit,0,3,Description strongly soothing/calming; low irritancy even without direct concern match,0,1,Other
Vitamin K1,Combination,"['Acne', 'Dryness']",good fit,0,3,Addresses 1 concern(s); low irritancy,0,1,Vitamin
Vitamin E,Combination,"['Acne', 'Dryness']",good fit,0,3,Addresses 1 concern(s); low irritancy,0,4,Vitamin
Vitamin C,Combination,"['Acne', 'Dryness']",poor fit,2,5,Directly flagged in avoid list for Combination skin and high irritancy (4),3,5,Vitamin C
Vitamin B5,Combination,"['Acne', 'Dryness']",good fit,0,4,Directly addresses 1 concern(s) and description confirms soothing profile,0,5,Vitamin
Vitamin A,Combination,"['Acne', 'Dryness']",poor fit,2,4,"High combined irritancy score (7): category=Retinoid, sensitivity=3, desc signals=1",3,9,Retinoid
Vibrio Alginolyticus Ferment Filtrate,Combination,"['Acne', 'Dryness']",good fit,0,3,Addresses 1 concern(s); low irritancy,0,3,Probiotic/Ferment
Tea Tree Oil,Combination,"['Acne', 'Dryness']",good fit,0,3,Description strongly soothing/calming; low irritancy even without direct concern match,0,2,Lipid/Oil
Zinc Sulfate,Combination,"['Acne', 'Dryness']",good fit,0,4,Directly addresses 1 concern(s) and description confirms soothing profile,0,1,Mineral
Zinc PCA,Combination,"['Acne', 'Dryness']",good fit,0,4,Directly addresses 1 concern(s) and description confirms soothing profile,0,5,Mineral
Neoglucosamine,Combination,"['Acne', 'Dryness']",good fit,0,2,Gentle ingredient with no concern match; neutral fit,1,8,Other
Taurine,Combination,"['Acne', 'Dryness']",good fit,0,3,Addresses 1 concern(s); low irritancy,0,3,Amino Acid
Sodium Ascorbyl Phosphate,Combination,"['Acne', 'Dryness']",possible irritation,1,3,Moderate irritancy (2) — possible irritation for Combination skin,1,5,Vitamin C
Alpha-Glucan Oligosaccharide,Combination,"['Enlarged Pores', 'Hyperpigmentation']",good fit,0,3,Description strongly soothing/calming; low irritancy even without direct concern match,0,3,Other
Aloe Vera,Combination,"['Enlarged Pores', 'Hyperpigmentation']",good fit,0,3,Description strongly soothing/calming; low irritancy even without direct concern match,0,4,Other
Allantoin,Combination,"['Enlarged Pores', 'Hyperpigmentation']",good fit,0,3,Description strongly soothing/calming; low irritancy even without direct concern match,0,3,Other
Algin,Combination,"['Enlarged Pores', 'Hyperpigmentation']",good fit,0,2,Gentle ingredient with no concern match; neutral fit,0,3,Other
Algae Extract,Combination,"['Enlarged Pores', 'Hyperpigmentation']",good fit,0,2,Gentle ingredient with no concern match; neutral fit,0,3,Marine/Algae
Algae Exopolysaccharides,Combination,"['Enlarged Pores', 'Hyperpigmentation']",possible irritation,1,2,Gentle ingredient with no concern match; neutral fit [label adjusted for expert variance],0,3,Marine/Algae
Alaria Esculenta Extract,Combination,"['Enlarged Pores', 'Hyperpigmentation']",good fit,0,2,Gentle ingredient with no concern match; neutral fit,0,3,Plant Extract
Alanine,Combination,"['Enlarged Pores', 'Hyperpigmentation']",good fit,0,2,Gentle ingredient with no concern match; neutral fit,0,2,Amino Acid
Ahnfeltia Concinna Extract,Combination,"['Enlarged Pores', 'Hyperpigmentation']",good fit,0,2,Gentle ingredient with no concern match; neutral fit,0,3,Plant Extract
Adenosine,Combination,"['Enlarged Pores', 'Hyperpigmentation']",good fit,0,3,Description strongly soothing/calming; low irritancy even without direct concern match,0,7,Other
Acetyl Tyrosinamide,Combination,"['Enlarged Pores', 'Hyperpigmentation']",good fit,0,2,Gentle ingredient with no concern match; neutral fit [label adjusted for expert variance],0,3,Other
Acetyl Tetrapeptide,Combination,"['Enlarged Pores', 'Hyperpigmentation']",good fit,0,2,Gentle ingredient with no concern match; neutral fit,0,3,Peptide
Acetyl Glucosamine,Combination,"['Enlarged Pores', 'Hyperpigmentation']",good fit,0,4,Directly addresses 1 concern(s) and description confirms soothing profile,0,7,Other
Acetylarginyltryptophyl Diphenylglycine,Combination,"['Enlarged Pores', 'Hyperpigmentation']",good fit,0,2,Gentle ingredient with no concern match; neutral fit,0,3,Amino Acid
Acai Extract,Combination,"['Enlarged Pores', 'Hyperpigmentation']",good fit,0,2,Gentle ingredient with no concern match; neutral fit,0,0,Plant Extract
Ascorbic Acid,Combination,"['Enlarged Pores', 'Hyperpigmentation']",poor fit,2,4,"High combined irritancy score (7): category=Vitamin C, sensitivity=3, desc signals=3",3,5,Vitamin C
Ascophyllum Nodosum Extract,Combination,"['Enlarged Pores', 'Hyperpigmentation']",good fit,0,2,Gentle ingredient with no concern match; neutral fit,0,3,Plant Extract
Arginine PCA,Combination,"['Enlarged Pores', 'Hyperpigmentation']",good fit,0,2,Gentle ingredient with no concern match; neutral fit,0,2,Amino Acid
Arginine/Lysine Polypeptide,Combination,"['Enlarged Pores', 'Hyperpigmentation']",good fit,0,2,Gentle ingredient with no concern match; neutral fit,0,3,Peptide
Arginine HCL,Combination,"['Enlarged Pores', 'Hyperpigmentation']",good fit,0,2,Gentle ingredient with no concern match; neutral fit,0,2,Amino Acid
Arginine,Combination,"['Enlarged Pores', 'Hyperpigmentation']",good fit,0,2,Gentle ingredient with no concern match; neutral fit,0,3,Amino Acid
Argan Oil,Combination,"['Enlarged Pores', 'Hyperpigmentation']",possible irritation,1,3,Moderate irritancy (2) — possible irritation for Combination skin,1,3,Lipid/Oil
Arbutin,Combination,"['Enlarged Pores', 'Hyperpigmentation']",good fit,0,3,Addresses 1 concern(s); low irritancy,1,2,Other
Aquagenium,Combination,"['Enlarged Pores', 'Hyperpigmentation']",good fit,0,2,Gentle ingredient with no concern match; neutral fit,0,2,Other
Apple Stem Cells,Combination,"['Enlarged Pores', 'Hyperpigmentation']",good fit,0,2,Gentle ingredient with no concern match; neutral fit,0,3,Plant Extract
Apple Polyphenols,Combination,"['Enlarged Pores', 'Hyperpigmentation']",good fit,0,3,Description strongly soothing/calming; low irritancy even without direct concern match,0,0,Other
Apple Extract,Combination,"['Enlarged Pores', 'Hyperpigmentation']",good fit,0,2,Gentle ingredient with no concern match; neutral fit,0,0,Plant Extract
Anti-Ageing Peptides,Combination,"['Enlarged Pores', 'Hyperpigmentation']",good fit,0,2,Gentle ingredient with no concern match; neutral fit,0,3,Peptide
Amino Acids,Combination,"['Enlarged Pores', 'Hyperpigmentation']",possible irritation,1,2,Gentle ingredient with no concern match; neutral fit [label adjusted for expert variance],0,5,Amino Acid
Alteromonas Ferment Extract,Combination,"['Enlarged Pores', 'Hyperpigmentation']",good fit,0,3,Description strongly soothing/calming; low irritancy even without direct concern match,0,3,Probiotic/Ferment
Bifida Ferment Lysate,Combination,"['Enlarged Pores', 'Hyperpigmentation']",good fit,0,3,Description strongly soothing/calming; low irritancy even without direct concern match,0,3,Probiotic/Ferment
Beta Glucan,Combination,"['Enlarged Pores', 'Hyperpigmentation']",good fit,0,3,Description strongly soothing/calming; low irritancy even without direct concern match,0,5,Other
Bakuchiol,Combination,"['Enlarged Pores', 'Hyperpigmentation']",good fit,0,2,Gentle ingredient with no concern match; neutral fit,0,3,Other
Azelaoyl Bis-Dipeptide,Combination,"['Enlarged Pores', 'Hyperpigmentation']",good fit,0,2,Gentle ingredient with no concern match; neutral fit,1,3,Peptide
Azelaic Acid,Combination,"['Enlarged Pores', 'Hyperpigmentation']",good fit,0,4,Directly addresses 3 concern(s) and description confirms soothing profile,1,8,Other
Avocado Oil,Combination,"['Enlarged Pores', 'Hyperpigmentation']",possible irritation,1,3,Moderate irritancy (2) — possible irritation for Combination skin,1,3,Lipid/Oil
Avocado Ferment,Combination,"['Enlarged Pores', 'Hyperpigmentation']",good fit,0,2,Gentle ingredient with no concern match; neutral fit [label adjusted for expert variance],0,3,Probiotic/Ferment
Avene Thermal Water,Combination,"['Enlarged Pores', 'Hyperpigmentation']",good fit,0,3,Description strongly soothing/calming; low irritancy even without direct concern match,0,5,Plant Extract
Asparagopsis Armata Extract,Combination,"['Enlarged Pores', 'Hyperpigmentation']",good fit,0,2,Gentle ingredient with no concern match; neutral fit,0,3,Plant Extract
Ascorbyl Palmitate,Combination,"['Enlarged Pores', 'Hyperpigmentation']",possible irritation,1,3,Moderate irritancy (2) — possible irritation for Combination skin,1,1,Vitamin C
Ascorbyl Glucoside,Combination,"['Enlarged Pores', 'Hyperpigmentation']",possible irritation,1,3,Moderate irritancy (2) — possible irritation for Combination skin,1,5,Vitamin C
Caffeine,Combination,"['Enlarged Pores', 'Hyperpigmentation']",good fit,0,2,Gentle ingredient with no concern match; neutral fit,0,3,Other
Caffeic Acid,Combination,"['Enlarged Pores', 'Hyperpigmentation']",good fit,0,3,Description strongly soothing/calming; low irritancy even without direct concern match,0,1,Other
Cabbage Leaf Extract,Combination,"['Enlarged Pores', 'Hyperpigmentation']",good fit,0,3,Description strongly soothing/calming; low irritancy even without direct concern match,0,0,Plant Extract
Butyl Methoxydibenzoylmethane,Combination,"['Enlarged Pores', 'Hyperpigmentation']",poor fit,2,4,"High combined irritancy score (4): category=UV Filter, sensitivity=2, desc signals=0",2,1,UV Filter
Blue Mallow Extract,Combination,"['Enlarged Pores', 'Hyperpigmentation']",good fit,0,3,Description strongly soothing/calming; low irritancy even without direct concern match,0,0,Plant Extract
Blue Lotus Extract,Combination,"['Enlarged Pores', 'Hyperpigmentation']",good fit,0,3,Description strongly soothing/calming; low irritancy even without direct concern match,0,0,Plant Extract
Blueberry Extract,Combination,"['Enlarged Pores', 'Hyperpigmentation']",good fit,0,3,Description strongly soothing/calming; low irritancy even without direct concern match,0,0,Plant Extract
Bilberry Extract,Combination,"['Enlarged Pores', 'Hyperpigmentation']",good fit,0,3,Description strongly soothing/calming; low irritancy even without direct concern match,0,1,Plant Extract
Bis-Ethylhexyloxyphenol Methoxyphenyl Triazine,Combination,"['Enlarged Pores', 'Hyperpigmentation']",poor fit,2,4,"High combined irritancy score (5): category=UV Filter, sensitivity=2, desc signals=1",2,1,UV Filter
Bisabolol,Combination,"['Enlarged Pores', 'Hyperpigmentation']",good fit,0,3,Description strongly soothing/calming; low irritancy even without direct concern match,0,5,Other
Bio-Active Glucosides,Combination,"['Enlarged Pores', 'Hyperpigmentation']",good fit,0,3,Description strongly soothing/calming; low irritancy even without direct concern match,0,1,Other
Chondrus Crispus,Combination,"['Enlarged Pores', 'Hyperpigmentation']",good fit,0,2,Gentle ingredient with no concern match; neutral fit,0,3,Other
Cholesterol,Combination,"['Enlarged Pores', 'Hyperpigmentation']",good fit,0,2,Gentle ingredient with no concern match; neutral fit,0,3,Other
Chlorophyll,Combination,"['Enlarged Pores', 'Hyperpigmentation']",good fit,0,3,Description strongly soothing/calming; low irritancy even without direct concern match,0,0,Other
Chlorella Vulgaris Extract,Combination,"['Enlarged Pores', 'Hyperpigmentation']",good fit,0,2,Gentle ingredient with no concern match; neutral fit,0,3,Plant Extract
Chamomile Extract,Combination,"['Enlarged Pores', 'Hyperpigmentation']",good fit,0,3,Description strongly soothing/calming; low irritancy even without direct concern match,0,2,Plant Extract
Chlorella Protothecoides Oil,Combination,"['Enlarged Pores', 'Hyperpigmentation']",good fit,0,2,Gentle ingredient with no concern match; neutral fit,0,3,Lipid/Oil
Ceramides,Combination,"['Enlarged Pores', 'Hyperpigmentation']",good fit,0,3,Description strongly soothing/calming; low irritancy even without direct concern match [label adjusted for expert variance],0,5,Ceramide
Chlorella Protothecoides,Combination,"['Enlarged Pores', 'Hyperpigmentation']",good fit,0,2,Gentle ingredient with no concern match; neutral fit,0,3,Other
Chemical UV Filters,Combination,"['Enlarged Pores', 'Hyperpigmentation']",possible irritation,1,3,Moderate irritancy (3) — possible irritation for Combination skin,1,1,UV Filter
Caprooyl Sphingosine,Combination,"['Enlarged Pores', 'Hyperpigmentation']",good fit,0,2,Gentle ingredient with no concern match; neutral fit,0,4,Ceramide
Centella Asiatica,Combination,"['Enlarged Pores', 'Hyperpigmentation']",good fit,0,4,Directly addresses 1 concern(s) and description confirms soothing profile,0,5,Other
Carnosine,Combination,"['Enlarged Pores', 'Hyperpigmentation']",good fit,0,2,Gentle ingredient with no concern match; neutral fit,0,1,Other
Caprooyl Phytosphingosine,Combination,"['Enlarged Pores', 'Hyperpigmentation']",good fit,0,2,Gentle ingredient with no concern match; neutral fit,0,4,Ceramide
Ectoin,Combination,"['Enlarged Pores', 'Hyperpigmentation']",good fit,0,3,Description strongly soothing/calming; low irritancy even without direct concern match,0,2,Other
Dunaliella Salina (Green Algae) Extract,Combination,"['Enlarged Pores', 'Hyperpigmentation']",good fit,0,2,Gentle ingredient with no concern match; neutral fit,0,3,Marine/Algae
Dioic Acid,Combination,"['Enlarged Pores', 'Hyperpigmentation']",good fit,0,4,Directly addresses 1 concern(s) and description confirms soothing profile,0,3,Other
Cucumber Extract,Combination,"['Enlarged Pores', 'Hyperpigmentation']",good fit,0,3,Description strongly soothing/calming; low irritancy even without direct concern match,0,0,Plant Extract
Dipeptide Diaminobutyroyl Benzylamide Diacetate,Combination,"['Enlarged Pores', 'Hyperpigmentation']",good fit,0,2,Gentle ingredient with no concern match; neutral fit,0,3,Peptide
Dipeptide,Combination,"['Enlarged Pores', 'Hyperpigmentation']",good fit,0,2,Gentle ingredient with no concern match; neutral fit,0,3,Peptide
Copper Peptide,Combination,"['Enlarged Pores', 'Hyperpigmentation']",good fit,0,2,Gentle ingredient with no concern match; neutral fit,0,3,Peptide
Copper Palmitoyl Heptapeptide,Combination,"['Enlarged Pores', 'Hyperpigmentation']",good fit,0,2,Gentle ingredient with no concern match; neutral fit,0,3,Peptide
Copper Heptapeptide-14 Pantothenate,Combination,"['Enlarged Pores', 'Hyperpigmentation']",good fit,0,2,Gentle ingredient with no concern match; neutral fit,0,3,Peptide
Coffee Seed Extract,Combination,"['Enlarged Pores', 'Hyperpigmentation']",good fit,0,3,Description strongly soothing/calming; low irritancy even without direct concern match,0,1,Plant Extract
Citric Acid,Combination,"['Enlarged Pores', 'Hyperpigmentation']",possible irritation,1,3,Moderate irritancy (3) — possible irritation for Combination skin,0,4,AHA
Cinnamon Bark,Combination,"['Enlarged Pores', 'Hyperpigmentation']",good fit,0,2,Gentle ingredient with no concern match; neutral fit,0,1,Other
Fomes Ofﬁcinalis (Mushroom) Extract,Combination,"['Enlarged Pores', 'Hyperpigmentation']",possible irritation,1,3,Addresses 1 concern(s); low irritancy [label adjusted for expert variance],0,3,Plant Extract
Ginkgo Biloba,Combination,"['Enlarged Pores', 'Hyperpigmentation']",good fit,0,3,Description strongly soothing/calming; low irritancy even without direct concern match [label adjusted for expert variance],0,1,Other
Fructooligosaccharides,Combination,"['Enlarged Pores', 'Hyperpigmentation']",good fit,0,3,Description strongly soothing/calming; low irritancy even without direct concern match,0,3,Other
Feverfew Extract,Combination,"['Enlarged Pores', 'Hyperpigmentation']",good fit,0,3,Description strongly soothing/calming; low irritancy even without direct concern match,0,1,Plant Extract
Ferulic Acid,Combination,"['Enlarged Pores', 'Hyperpigmentation']",good fit,0,2,Gentle ingredient with no concern match; neutral fit,0,0,Vitamin
Ethylhexyl Triazone,Combination,"['Enlarged Pores', 'Hyperpigmentation']",poor fit,2,4,"High combined irritancy score (4): category=UV Filter, sensitivity=2, desc signals=0",2,1,UV Filter
Ferric Hexapeptide,Combination,"['Enlarged Pores', 'Hyperpigmentation']",good fit,0,2,Gentle ingredient with no concern match; neutral fit,0,3,Peptide
Fernblock,Combination,"['Enlarged Pores', 'Hyperpigmentation']",good fit,0,2,Gentle ingredient with no concern match; neutral fit,0,0,Other
Evening Primrose Oil,Combination,"['Enlarged Pores', 'Hyperpigmentation']",good fit,0,3,Description strongly soothing/calming; low irritancy even without direct concern match,0,2,Lipid/Oil
Essential Lipids,Combination,"['Enlarged Pores', 'Hyperpigmentation']",good fit,0,2,Gentle ingredient with no concern match; neutral fit,0,5,Other
Endothelyol,Combination,"['Enlarged Pores', 'Hyperpigmentation']",good fit,0,3,Description strongly soothing/calming; low irritancy even without direct concern match,0,1,Other
Ethylhexyl Salicylate,Combination,"['Enlarged Pores', 'Hyperpigmentation']",possible irritation,1,3,Moderate irritancy (2) — possible irritation for Combination skin,2,1,Other
Ethyl Ascorbic Acid,Combination,"['Enlarged Pores', 'Hyperpigmentation']",possible irritation,1,3,Moderate irritancy (2) — possible irritation for Combination skin,1,4,Vitamin C
Green Tea,Combination,"['Enlarged Pores', 'Hyperpigmentation']",good fit,0,3,Description strongly soothing/calming; low irritancy even without direct concern match,0,2,Other
Glycosphingolipids,Combination,"['Enlarged Pores', 'Hyperpigmentation']",good fit,0,2,Gentle ingredient with no concern match; neutral fit,0,4,Ceramide
Glycoproteins,Combination,"['Enlarged Pores', 'Hyperpigmentation']",good fit,0,2,Gentle ingredient with no concern match; neutral fit,0,4,Other
Glycolipids,Combination,"['Enlarged Pores', 'Hyperpigmentation']",good fit,0,2,Gentle ingredient with no concern match; neutral fit,0,2,Other
Golden-Eye Grass Complex,Combination,"['Enlarged Pores', 'Hyperpigmentation']",good fit,0,2,Gentle ingredient with no concern match; neutral fit [label adjusted for expert variance],0,1,Other
Glycolic Acid,Combination,"['Enlarged Pores', 'Hyperpigmentation']",poor fit,2,4,"High combined irritancy score (6): category=AHA, sensitivity=2, desc signals=2",2,8,AHA
Glycine,Combination,"['Enlarged Pores', 'Hyperpigmentation']",good fit,0,2,Gentle ingredient with no concern match; neutral fit,0,5,Amino Acid
Glyceryl Glucoside,Combination,"['Enlarged Pores', 'Hyperpigmentation']",good fit,0,2,Gentle ingredient with no concern match; neutral fit,0,4,Other
Gluconolactone,Combination,"['Enlarged Pores', 'Hyperpigmentation']",good fit,0,4,Directly addresses 3 concern(s) and description confirms soothing profile,0,9,Other
EGCG,Combination,"['Enlarged Pores', 'Hyperpigmentation']",good fit,0,3,Description strongly soothing/calming; low irritancy even without direct concern match,0,1,Other
Indian Gooseberry,Combination,"['Enlarged Pores', 'Hyperpigmentation']",good fit,0,2,Gentle ingredient with no concern match; neutral fit,0,1,Other
Hydroxypinacolone Retinoate,Combination,"['Enlarged Pores', 'Hyperpigmentation']",poor fit,2,4,"High combined irritancy score (6): category=Retinoid, sensitivity=3, desc signals=0",3,9,Retinoid
Hydrolyzed Pumpkin Seedcake,Combination,"['Enlarged Pores', 'Hyperpigmentation']",good fit,0,2,Gentle ingredient with no concern match; neutral fit,0,6,Other
Hydrolyzed F-Fucoidan,Combination,"['Enlarged Pores', 'Hyperpigmentation']",good fit,0,2,Gentle ingredient with no concern match; neutral fit,0,3,Marine/Algae
Homosalate,Combination,"['Enlarged Pores', 'Hyperpigmentation']",poor fit,2,4,"High combined irritancy score (4): category=UV Filter, sensitivity=2, desc signals=0",2,1,UV Filter
Humectants,Combination,"['Enlarged Pores', 'Hyperpigmentation']",good fit,0,2,Gentle ingredient with no concern match; neutral fit,0,5,Humectant
Hibiscus Fruit Extract,Combination,"['Enlarged Pores', 'Hyperpigmentation']",good fit,0,2,Gentle ingredient with no concern match; neutral fit,0,0,Plant Extract
Horse Chestnut,Combination,"['Enlarged Pores', 'Hyperpigmentation']",good fit,0,3,Description strongly soothing/calming; low irritancy even without direct concern match,0,1,Other
Heptapeptide-15 Palmitate,Combination,"['Enlarged Pores', 'Hyperpigmentation']",good fit,0,2,Gentle ingredient with no concern match; neutral fit,0,3,Peptide
Guarana Extract,Combination,"['Enlarged Pores', 'Hyperpigmentation']",good fit,0,2,Gentle ingredient with no concern match; neutral fit,0,0,Plant Extract
Histidine,Combination,"['Enlarged Pores', 'Hyperpigmentation']",good fit,0,2,Gentle ingredient with no concern match; neutral fit,0,4,Amino Acid
Lecithin,Combination,"['Enlarged Pores', 'Hyperpigmentation']",poor fit,2,3,Moderate irritancy (2) — possible irritation for Combination skin [label adjusted for expert variance],0,4,Lipid/Oil
L-Carnitine,Combination,"['Enlarged Pores', 'Hyperpigmentation']",good fit,0,4,Directly addresses 1 concern(s) and description confirms soothing profile,0,3,Other
Lactobionic Acid,Combination,"['Enlarged Pores', 'Hyperpigmentation']",good fit,0,4,Directly addresses 3 concern(s) and description confirms soothing profile,0,9,Other
L-Ascorbic Acid,Combination,"['Enlarged Pores', 'Hyperpigmentation']",poor fit,2,4,"High combined irritancy score (7): category=Vitamin C, sensitivity=3, desc signals=3",3,5,Vitamin C
Laminaria Ochroleuca (Kelp) Extract,Combination,"['Enlarged Pores', 'Hyperpigmentation']",good fit,0,3,Description strongly soothing/calming; low irritancy even without direct concern match,0,3,Marine/Algae
Lactococcus Ferment Lysate,Combination,"['Enlarged Pores', 'Hyperpigmentation']",good fit,0,3,Description strongly soothing/calming; low irritancy even without direct concern match,0,3,Probiotic/Ferment
Lactic Acid,Combination,"['Enlarged Pores', 'Hyperpigmentation']",poor fit,2,4,"High combined irritancy score (4): category=AHA, sensitivity=2, desc signals=0",2,8,AHA
Lactobacillus Ferment,Combination,"['Enlarged Pores', 'Hyperpigmentation']",good fit,0,3,Description strongly soothing/calming; low irritancy even without direct concern match,0,3,Probiotic/Ferment
Lactobacillus Extract Filtrate,Combination,"['Enlarged Pores', 'Hyperpigmentation']",good fit,0,3,Description strongly soothing/calming; low irritancy even without direct concern match,0,3,Probiotic/Ferment
Jojoba Oil,Combination,"['Enlarged Pores', 'Hyperpigmentation']",good fit,0,2,Gentle ingredient with no concern match; neutral fit,0,4,Lipid/Oil
Kola Seed Extract,Combination,"['Enlarged Pores', 'Hyperpigmentation']",good fit,0,2,Gentle ingredient with no concern match; neutral fit,0,0,Plant Extract
Jeju Green Tea Water,Combination,"['Enlarged Pores', 'Hyperpigmentation']",good fit,0,3,Description strongly soothing/calming; low irritancy even without direct concern match,0,3,Plant Extract
Kojic Acid,Combination,"['Enlarged Pores', 'Hyperpigmentation']",good fit,0,3,Addresses 2 concern(s); low irritancy,0,3,Other
Isoleucine,Combination,"['Enlarged Pores', 'Hyperpigmentation']",good fit,0,2,Gentle ingredient with no concern match; neutral fit,0,2,Amino Acid
Jojoba Beads,Combination,"['Enlarged Pores', 'Hyperpigmentation']",good fit,0,2,Gentle ingredient with no concern match; neutral fit,0,2,Other
Macrocystis Pyrifera (Kelp) Extract,Combination,"['Enlarged Pores', 'Hyperpigmentation']",good fit,0,2,Gentle ingredient with no concern match; neutral fit [label adjusted for expert variance],0,3,Marine/Algae
Magnesium Sulfate,Combination,"['Enlarged Pores', 'Hyperpigmentation']",good fit,0,3,Description strongly soothing/calming; low irritancy even without direct concern match,0,1,Mineral
Magnesium Ascorbyl Phosphate,Combination,"['Enlarged Pores', 'Hyperpigmentation']",poor fit,2,4,"High combined irritancy score (4): category=Vitamin C, sensitivity=1, desc signals=2",1,3,Vitamin C
Lysine,Combination,"['Enlarged Pores', 'Hyperpigmentation']",good fit,0,2,Gentle ingredient with no concern match; neutral fit,0,6,Amino Acid
Lily Extract,Combination,"['Enlarged Pores', 'Hyperpigmentation']",good fit,0,3,Description strongly soothing/calming; low irritancy even without direct concern match,0,0,Plant Extract
Luffa Cylindrica Extract,Combination,"['Enlarged Pores', 'Hyperpigmentation']",good fit,0,2,Gentle ingredient with no concern match; neutral fit,0,0,Plant Extract
Linolenic Acid,Combination,"['Enlarged Pores', 'Hyperpigmentation']",good fit,0,2,Gentle ingredient with no concern match; neutral fit,0,4,Lipid/Oil
Linoleic Acid,Combination,"['Enlarged Pores', 'Hyperpigmentation']",possible irritation,1,3,Moderate irritancy (2) — possible irritation for Combination skin,0,4,Lipid/Oil
Leucine,Combination,"['Enlarged Pores', 'Hyperpigmentation']",good fit,0,2,Gentle ingredient with no concern match; neutral fit,0,6,Amino Acid
Licorice Extract,Combination,"['Enlarged Pores', 'Hyperpigmentation']",good fit,0,4,Directly addresses 2 concern(s) and description confirms soothing profile,0,4,Plant Extract
Natural Moisturising Factors,Combination,"['Enlarged Pores', 'Hyperpigmentation']",good fit,0,2,Gentle ingredient with no concern match; neutral fit,0,5,Other
Licochalcone A,Combination,"['Enlarged Pores', 'Hyperpigmentation']",good fit,0,3,Description strongly soothing/calming; low irritancy even without direct concern match,0,0,Other
Naringenin Chalcone,Combination,"['Enlarged Pores', 'Hyperpigmentation']",good fit,0,3,Description strongly soothing/calming; low irritancy even without direct concern match,0,2,Other
Myristoyl Nonapeptide,Combination,"['Enlarged Pores', 'Hyperpigmentation']",good fit,0,2,Gentle ingredient with no concern match; neutral fit,0,3,Peptide
Myristol Pentapeptide,Combination,"['Enlarged Pores', 'Hyperpigmentation']",good fit,0,2,Gentle ingredient with no concern match; neutral fit,0,3,Peptide
Milk Thistle Extract,Combination,"['Enlarged Pores', 'Hyperpigmentation']",good fit,0,3,Description strongly soothing/calming; low irritancy even without direct concern match,0,2,Plant Extract
Myristol Hexapeptide,Combination,"['Enlarged Pores', 'Hyperpigmentation']",good fit,0,2,Gentle ingredient with no concern match; neutral fit,0,3,Peptide
Mushroom Extract,Combination,"['Enlarged Pores', 'Hyperpigmentation']",good fit,0,4,Directly addresses 1 concern(s) and description confirms soothing profile,0,1,Plant Extract
Moringa Seed Extract,Combination,"['Enlarged Pores', 'Hyperpigmentation']",good fit,0,2,Gentle ingredient with no concern match; neutral fit,0,5,Plant Extract
Marshmallow Root,Combination,"['Enlarged Pores', 'Hyperpigmentation']",good fit,0,3,Description strongly soothing/calming; low irritancy even without direct concern match,0,1,Other
Mineral UV Filters,Combination,"['Enlarged Pores', 'Hyperpigmentation']",possible irritation,1,3,Moderate irritancy (3) — possible irritation for Combination skin,1,1,UV Filter
Meadowfoam Seed Oil,Combination,"['Enlarged Pores', 'Hyperpigmentation']",possible irritation,1,3,Moderate irritancy (2) — possible irritation for Combination skin,0,3,Lipid/Oil
Marine Extract,Combination,"['Enlarged Pores', 'Hyperpigmentation']",good fit,0,2,Gentle ingredient with no concern match; neutral fit,0,3,Marine/Algae
Mango Seed Butter,Combination,"['Enlarged Pores', 'Hyperpigmentation']",poor fit,2,3,Moderate irritancy (2) — possible irritation for Combination skin [label adjusted for expert variance],0,1,Lipid/Oil
Palmitoyl Oligopeptide,Combination,"['Enlarged Pores', 'Hyperpigmentation']",good fit,0,2,Gentle ingredient with no concern match; neutral fit,0,3,Peptide
Mandelic Acid,Combination,"['Enlarged Pores', 'Hyperpigmentation']",poor fit,2,4,"High combined irritancy score (4): category=AHA, sensitivity=2, desc signals=-1",2,8,AHA
Palmitoyl Nonapeptide,Combination,"['Enlarged Pores', 'Hyperpigmentation']",good fit,0,2,Gentle ingredient with no concern match; neutral fit,0,3,Peptide
Palmitoyl Pentapeptide,Combination,"['Enlarged Pores', 'Hyperpigmentation']",good fit,0,2,Gentle ingredient with no concern match; neutral fit,0,3,Peptide
Palmitoyl Glycine,Combination,"['Enlarged Pores', 'Hyperpigmentation']",good fit,0,3,Description strongly soothing/calming; low irritancy even without direct concern match,0,3,Amino Acid
Palmitoyl Heptapeptide,Combination,"['Enlarged Pores', 'Hyperpigmentation']",good fit,0,2,Gentle ingredient with no concern match; neutral fit,0,3,Peptide
Octocrylene,Combination,"['Enlarged Pores', 'Hyperpigmentation']",good fit,0,3,Moderate irritancy (2) — possible irritation for Combination skin [label adjusted for expert variance],2,1,Other
Palmitoyl Decapeptide,Combination,"['Enlarged Pores', 'Hyperpigmentation']",good fit,0,2,Gentle ingredient with no concern match; neutral fit,0,3,Peptide
Oligopeptide,Combination,"['Enlarged Pores', 'Hyperpigmentation']",good fit,0,2,Gentle ingredient with no concern match; neutral fit,0,3,Peptide
Padina Pavonica Thallus Extract,Combination,"['Enlarged Pores', 'Hyperpigmentation']",good fit,0,2,Gentle ingredient with no concern match; neutral fit,0,3,Plant Extract
Oat Extract,Combination,"['Enlarged Pores', 'Hyperpigmentation']",good fit,0,3,Description strongly soothing/calming; low irritancy even without direct concern match,0,4,Plant Extract
Octisalate,Combination,"['Enlarged Pores', 'Hyperpigmentation']",poor fit,2,4,"High combined irritancy score (4): category=UV Filter, sensitivity=2, desc signals=0",2,1,UV Filter
Octinoxate,Combination,"['Enlarged Pores', 'Hyperpigmentation']",poor fit,2,4,"High combined irritancy score (4): category=UV Filter, sensitivity=2, desc signals=0",2,1,UV Filter
Polyhydroxy Acids,Combination,"['Enlarged Pores', 'Hyperpigmentation']",good fit,0,4,Directly addresses 3 concern(s) and description confirms soothing profile,0,9,Other
Porphyridium Cruentum Extract,Combination,"['Enlarged Pores', 'Hyperpigmentation']",good fit,0,3,Description strongly soothing/calming; low irritancy even without direct concern match,0,3,Plant Extract
Polyporus Umbellatus (Mushroom) Extract,Combination,"['Enlarged Pores', 'Hyperpigmentation']",good fit,0,3,Addresses 1 concern(s); low irritancy,0,2,Plant Extract
Phytic Acid,Combination,"['Enlarged Pores', 'Hyperpigmentation']",good fit,0,4,Directly addresses 1 concern(s) and description confirms soothing profile,0,3,Other
Plankton Extract,Combination,"['Enlarged Pores', 'Hyperpigmentation']",good fit,0,3,Description strongly soothing/calming; low irritancy even without direct concern match,0,3,Marine/Algae
Perfluorodecalin,Combination,"['Enlarged Pores', 'Hyperpigmentation']",good fit,0,2,Gentle ingredient with no concern match; neutral fit,0,4,Other
Phytosphingosine,Combination,"['Enlarged Pores', 'Hyperpigmentation']",good fit,0,2,Gentle ingredient with no concern match; neutral fit,0,4,Ceramide
Phospholipids,Combination,"['Enlarged Pores', 'Hyperpigmentation']",possible irritation,1,3,Moderate irritancy (2) — possible irritation for Combination skin,0,4,Lipid/Oil
Palmitoyl  Tripeptide-1,Combination,"['Enlarged Pores', 'Hyperpigmentation']",good fit,0,2,Gentle ingredient with no concern match; neutral fit,0,3,Peptide
Pentapeptide,Combination,"['Enlarged Pores', 'Hyperpigmentation']",good fit,0,2,Gentle ingredient with no concern match; neutral fit,0,3,Peptide
Palmitoyl Tetrapeptide,Combination,"['Enlarged Pores', 'Hyperpigmentation']",good fit,0,2,Gentle ingredient with no concern match; neutral fit,0,3,Peptide
Parachlorella Beijerinckii Exopolysaccharides,Combination,"['Enlarged Pores', 'Hyperpigmentation']",good fit,0,2,Gentle ingredient with no concern match; neutral fit [label adjusted for expert variance],0,3,Other
Retinyl Retinoate,Combination,"['Enlarged Pores', 'Hyperpigmentation']",poor fit,2,4,"High combined irritancy score (7): category=Retinoid, sensitivity=3, desc signals=1",3,9,Retinoid
Palmitoyl Tripeptide,Combination,"['Enlarged Pores', 'Hyperpigmentation']",good fit,0,2,Gentle ingredient with no concern match; neutral fit,0,3,Peptide
Neurophroline,Combination,"['Enlarged Pores', 'Hyperpigmentation']",good fit,0,3,Description strongly soothing/calming; low irritancy even without direct concern match,0,5,Other
Retinyl Propionate,Combination,"['Enlarged Pores', 'Hyperpigmentation']",poor fit,2,4,"High combined irritancy score (6): category=Retinoid, sensitivity=3, desc signals=0",3,7,Retinoid
Retinyl Palmitate,Combination,"['Enlarged Pores', 'Hyperpigmentation']",poor fit,2,4,"High combined irritancy score (5): category=Retinoid, sensitivity=2, desc signals=0",2,1,Retinoid
Retinol,Combination,"['Enlarged Pores', 'Hyperpigmentation']",poor fit,2,4,"High combined irritancy score (6): category=Retinoid, sensitivity=3, desc signals=0",3,9,Retinoid
Resveratrol,Combination,"['Enlarged Pores', 'Hyperpigmentation']",good fit,0,3,Description strongly soothing/calming; low irritancy even without direct concern match,0,3,Other
Red Algae,Combination,"['Enlarged Pores', 'Hyperpigmentation']",good fit,0,3,Description strongly soothing/calming; low irritancy even without direct concern match,0,3,Marine/Algae
Quercetin,Combination,"['Enlarged Pores', 'Hyperpigmentation']",good fit,0,3,Description strongly soothing/calming; low irritancy even without direct concern match,0,3,Other
Pseudoalteromonas Exopolysaccharides,Combination,"['Enlarged Pores', 'Hyperpigmentation']",good fit,0,2,Gentle ingredient with no concern match; neutral fit,0,3,Other
Proline,Combination,"['Enlarged Pores', 'Hyperpigmentation']",good fit,0,2,Gentle ingredient with no concern match; neutral fit,0,5,Amino Acid
Potassium Azeloyl Diglycinate,Combination,"['Enlarged Pores', 'Hyperpigmentation']",good fit,0,4,Directly addresses 3 concern(s) and description confirms soothing profile,1,7,Other
Probiotics,Combination,"['Enlarged Pores', 'Hyperpigmentation']",possible irritation,1,3,Description strongly soothing/calming; low irritancy even without direct concern match [label adjusted for expert variance],0,3,Probiotic/Ferment
Prickly Pear Extract,Combination,"['Enlarged Pores', 'Hyperpigmentation']",good fit,0,3,Description strongly soothing/calming; low irritancy even without direct concern match,0,1,Plant Extract
Snow Mushroom Extract,Combination,"['Enlarged Pores', 'Hyperpigmentation']",good fit,0,3,Description strongly soothing/calming; low irritancy even without direct concern match,0,4,Plant Extract
Prebiotics,Combination,"['Enlarged Pores', 'Hyperpigmentation']",good fit,0,3,Description strongly soothing/calming; low irritancy even without direct concern match,0,3,Probiotic/Ferment
Shea Butter,Combination,"['Enlarged Pores', 'Hyperpigmentation']",poor fit,2,5,Directly flagged in avoid list for Combination skin and high irritancy (5),2,4,Lipid/Oil
Sesame Seed Oil,Combination,"['Enlarged Pores', 'Hyperpigmentation']",good fit,0,3,Description strongly soothing/calming; low irritancy even without direct concern match,0,1,Lipid/Oil
Silk Protein,Combination,"['Enlarged Pores', 'Hyperpigmentation']",good fit,0,2,Gentle ingredient with no concern match; neutral fit,1,1,Other
Sh-Oligopeptide,Combination,"['Enlarged Pores', 'Hyperpigmentation']",good fit,0,2,Gentle ingredient with no concern match; neutral fit,0,3,Peptide
Serine,Combination,"['Enlarged Pores', 'Hyperpigmentation']",good fit,0,2,Gentle ingredient with no concern match; neutral fit,0,2,Amino Acid
Sea Buckthorn Water,Combination,"['Enlarged Pores', 'Hyperpigmentation']",good fit,0,2,Gentle ingredient with no concern match; neutral fit,0,1,Plant Extract
Saskatoon Berry,Combination,"['Enlarged Pores', 'Hyperpigmentation']",good fit,0,2,Gentle ingredient with no concern match; neutral fit,0,0,Other
Salicylic Acid,Combination,"['Enlarged Pores', 'Hyperpigmentation']",poor fit,2,4,"High combined irritancy score (6): category=BHA, sensitivity=4, desc signals=-1",4,8,BHA
Rosemary Leaf Extract,Combination,"['Enlarged Pores', 'Hyperpigmentation']",good fit,0,3,Description strongly soothing/calming; low irritancy even without direct concern match,0,1,Plant Extract
Safflower Seed Oil,Combination,"['Enlarged Pores', 'Hyperpigmentation']",possible irritation,1,3,Moderate irritancy (3) — possible irritation for Combination skin,1,3,Lipid/Oil
Saccharomyces Cerevisiae (Yeast) Extract,Combination,"['Enlarged Pores', 'Hyperpigmentation']",good fit,0,3,Description strongly soothing/calming; low irritancy even without direct concern match,0,3,Probiotic/Ferment
Sacred Lotus Flower Extract,Combination,"['Enlarged Pores', 'Hyperpigmentation']",good fit,0,3,Addresses 1 concern(s); low irritancy,0,4,Plant Extract
Tasmanian Pepperberry Extract,Combination,"['Enlarged Pores', 'Hyperpigmentation']",good fit,0,3,Description strongly soothing/calming; low irritancy even without direct concern match,0,1,Plant Extract
Tartaric Acid,Combination,"['Enlarged Pores', 'Hyperpigmentation']",possible irritation,1,3,Moderate irritancy (3) — possible irritation for Combination skin,1,4,AHA
Rhamnose,Combination,"['Enlarged Pores', 'Hyperpigmentation']",good fit,0,3,Description strongly soothing/calming; low irritancy even without direct concern match,0,3,Other
Sweet Almond Oil,Combination,"['Enlarged Pores', 'Hyperpigmentation']",possible irritation,1,3,Moderate irritancy (2) — possible irritation for Combination skin,1,2,Lipid/Oil
Symsitive,Combination,"['Enlarged Pores', 'Hyperpigmentation']",good fit,0,3,Description strongly soothing/calming; low irritancy even without direct concern match,0,1,Other
Sugar Cane Extract,Combination,"['Enlarged Pores', 'Hyperpigmentation']",good fit,0,4,Directly addresses 1 concern(s) and description confirms soothing profile,0,5,Plant Extract
Superoxide Dismutase,Combination,"['Enlarged Pores', 'Hyperpigmentation']",good fit,0,3,Description strongly soothing/calming; low irritancy even without direct concern match,0,0,Other
Sunflower Oil,Combination,"['Enlarged Pores', 'Hyperpigmentation']",possible irritation,1,3,Moderate irritancy (2) — possible irritation for Combination skin,1,3,Lipid/Oil
Spent Grain Wax,Combination,"['Enlarged Pores', 'Hyperpigmentation']",possible irritation,1,3,Moderate irritancy (3) — possible irritation for Combination skin,0,2,Lipid/Oil
Sulfur,Combination,"['Enlarged Pores', 'Hyperpigmentation']",good fit,0,3,Description strongly soothing/calming; low irritancy even without direct concern match,0,2,Mineral
Squalane,Combination,"['Enlarged Pores', 'Hyperpigmentation']",good fit,0,2,Gentle ingredient with no concern match; neutral fit,0,4,Lipid/Oil
Urea,Combination,"['Enlarged Pores', 'Hyperpigmentation']",good fit,0,2,Gentle ingredient with no concern match; neutral fit,0,3,Humectant
Sodium Lactate,Combination,"['Enlarged Pores', 'Hyperpigmentation']",good fit,0,2,Gentle ingredient with no concern match; neutral fit,0,2,Humectant
Turmeric Root Extract,Combination,"['Enlarged Pores', 'Hyperpigmentation']",good fit,0,3,Description strongly soothing/calming; low irritancy even without direct concern match,0,1,Plant Extract
Valine,Combination,"['Enlarged Pores', 'Hyperpigmentation']",good fit,0,2,Gentle ingredient with no concern match; neutral fit,0,2,Amino Acid
Trehalose,Combination,"['Enlarged Pores', 'Hyperpigmentation']",good fit,0,2,Gentle ingredient with no concern match; neutral fit,0,2,Humectant
Tripleurospermum Maritimum Extract,Combination,"['Enlarged Pores', 'Hyperpigmentation']",good fit,0,3,Description strongly soothing/calming; low irritancy even without direct concern match,0,3,Plant Extract
Triazine Diethyl Butamidotriazone,Combination,"['Enlarged Pores', 'Hyperpigmentation']",poor fit,2,4,"High combined irritancy score (4): category=UV Filter, sensitivity=2, desc signals=0",2,1,UV Filter
Thiamidol,Combination,"['Enlarged Pores', 'Hyperpigmentation']",good fit,0,3,Addresses 2 concern(s); low irritancy,0,2,Other
Tranexamic Acid,Combination,"['Enlarged Pores', 'Hyperpigmentation']",good fit,0,3,Addresses 2 concern(s); low irritancy,0,3,Other
Tomato Stem Cells,Combination,"['Enlarged Pores', 'Hyperpigmentation']",good fit,0,2,Gentle ingredient with no concern match; neutral fit,0,3,Plant Extract
Teprenone,Combination,"['Enlarged Pores', 'Hyperpigmentation']",good fit,0,3,Addresses 2 concern(s); low irritancy,0,5,Other
Threonine,Combination,"['Enlarged Pores', 'Hyperpigmentation']",good fit,0,2,Gentle ingredient with no concern match; neutral fit,0,2,Amino Acid
Zinc Gluconate,Combination,"['Enlarged Pores', 'Hyperpigmentation']",good fit,0,4,Directly addresses 1 concern(s) and description confirms soothing profile,0,4,Mineral
Tetrahexyldecyl Ascorbate,Combination,"['Enlarged Pores', 'Hyperpigmentation']",possible irritation,1,3,Moderate irritancy (2) — possible irritation for Combination skin,1,5,Vitamin C
Zinc,Combination,"['Enlarged Pores', 'Hyperpigmentation']",good fit,0,3,Description strongly soothing/calming; low irritancy even without direct concern match,0,4,Mineral
Yerba Mate Extract,Combination,"['Enlarged Pores', 'Hyperpigmentation']",good fit,0,3,Description strongly soothing/calming; low irritancy even without direct concern match,0,1,Plant Extract
Yeast Amino Acids,Combination,"['Enlarged Pores', 'Hyperpigmentation']",good fit,0,2,Gentle ingredient with no concern match; neutral fit,0,1,Probiotic/Ferment
Willow Herb Extract,Combination,"['Enlarged Pores', 'Hyperpigmentation']",good fit,0,3,Description strongly soothing/calming; low irritancy even without direct concern match,0,1,Plant Extract
Willow Bark Extract,Combination,"['Enlarged Pores', 'Hyperpigmentation']",possible irritation,1,3,Moderate irritancy (2) — possible irritation for Combination skin,2,6,Plant Extract
Wild Cherry Extract,Combination,"['Enlarged Pores', 'Hyperpigmentation']",good fit,0,3,Description strongly soothing/calming; low irritancy even without direct concern match,0,1,Plant Extract
White Tea,Combination,"['Enlarged Pores', 'Hyperpigmentation']",good fit,0,3,Description strongly soothing/calming; low irritancy even without direct concern match,0,1,Other
Vitamin K1,Combination,"['Enlarged Pores', 'Hyperpigmentation']",good fit,0,3,Addresses 1 concern(s); low irritancy,0,1,Vitamin
Vitamin E,Combination,"['Enlarged Pores', 'Hyperpigmentation']",good fit,0,2,Gentle ingredient with no concern match; neutral fit,0,4,Vitamin
Vitamin C,Combination,"['Enlarged Pores', 'Hyperpigmentation']",poor fit,2,4,"High combined irritancy score (4): category=Vitamin C, sensitivity=3, desc signals=0",3,5,Vitamin C
Vitamin B5,Combination,"['Enlarged Pores', 'Hyperpigmentation']",good fit,0,3,Description strongly soothing/calming; low irritancy even without direct concern match,0,5,Vitamin
Vitamin A,Combination,"['Enlarged Pores', 'Hyperpigmentation']",poor fit,2,4,"High combined irritancy score (7): category=Retinoid, sensitivity=3, desc signals=1",3,9,Retinoid
Vibrio Alginolyticus Ferment Filtrate,Combination,"['Enlarged Pores', 'Hyperpigmentation']",good fit,0,2,Gentle ingredient with no concern match; neutral fit,0,3,Probiotic/Ferment
Tea Tree Oil,Combination,"['Enlarged Pores', 'Hyperpigmentation']",good fit,0,3,Description strongly soothing/calming; low irritancy even without direct concern match,0,2,Lipid/Oil
Zinc Sulfate,Combination,"['Enlarged Pores', 'Hyperpigmentation']",good fit,0,4,Directly addresses 1 concern(s) and description confirms soothing profile,0,1,Mineral
Zinc PCA,Combination,"['Enlarged Pores', 'Hyperpigmentation']",good fit,0,4,Directly addresses 1 concern(s) and description confirms soothing profile,0,5,Mineral
Neoglucosamine,Combination,"['Enlarged Pores', 'Hyperpigmentation']",good fit,0,3,Addresses 3 concern(s); low irritancy,1,8,Other
Taurine,Combination,"['Enlarged Pores', 'Hyperpigmentation']",good fit,0,2,Gentle ingredient with no concern match; neutral fit,0,3,Amino Acid
Sodium Ascorbyl Phosphate,Combination,"['Enlarged Pores', 'Hyperpigmentation']",possible irritation,1,3,Moderate irritancy (2) — possible irritation for Combination skin,1,5,Vitamin C
Alpha-Glucan Oligosaccharide,Combination,"['Acne', 'Dullness']",good fit,0,4,Directly addresses 1 concern(s) and description confirms soothing profile,0,3,Other
Aloe Vera,Combination,"['Acne', 'Dullness']",good fit,0,4,Directly addresses 1 concern(s) and description confirms soothing profile,0,4,Other
Allantoin,Combination,"['Acne', 'Dullness']",good fit,0,3,Description strongly soothing/calming; low irritancy even without direct concern match,0,3,Other
Algin,Combination,"['Acne', 'Dullness']",good fit,0,2,Gentle ingredient with no concern match; neutral fit,0,3,Other
Algae Extract,Combination,"['Acne', 'Dullness']",good fit,0,2,Gentle ingredient with no concern match; neutral fit,0,3,Marine/Algae
Algae Exopolysaccharides,Combination,"['Acne', 'Dullness']",good fit,0,2,Gentle ingredient with no concern match; neutral fit [label adjusted for expert variance],0,3,Marine/Algae
Alaria Esculenta Extract,Combination,"['Acne', 'Dullness']",good fit,0,2,Gentle ingredient with no concern match; neutral fit [label adjusted for expert variance],0,3,Plant Extract
Alanine,Combination,"['Acne', 'Dullness']",good fit,0,2,Gentle ingredient with no concern match; neutral fit,0,2,Amino Acid
Ahnfeltia Concinna Extract,Combination,"['Acne', 'Dullness']",good fit,0,2,Gentle ingredient with no concern match; neutral fit,0,3,Plant Extract
Adenosine,Combination,"['Acne', 'Dullness']",good fit,0,4,Directly addresses 1 concern(s) and description confirms soothing profile,0,7,Other
Acetyl Tyrosinamide,Combination,"['Acne', 'Dullness']",good fit,0,2,Gentle ingredient with no concern match; neutral fit,0,3,Other
Acetyl Tetrapeptide,Combination,"['Acne', 'Dullness']",good fit,0,2,Gentle ingredient with no concern match; neutral fit,0,3,Peptide
Acetyl Glucosamine,Combination,"['Acne', 'Dullness']",good fit,0,2,Gentle ingredient with no concern match; neutral fit,0,7,Other
Acetylarginyltryptophyl Diphenylglycine,Combination,"['Acne', 'Dullness']",good fit,0,2,Gentle ingredient with no concern match; neutral fit,0,3,Amino Acid
Acai Extract,Combination,"['Acne', 'Dullness']",good fit,0,2,Gentle ingredient with no concern match; neutral fit,0,0,Plant Extract
Ascorbic Acid,Combination,"['Acne', 'Dullness']",poor fit,2,4,"High combined irritancy score (7): category=Vitamin C, sensitivity=3, desc signals=3",3,5,Vitamin C
Ascophyllum Nodosum Extract,Combination,"['Acne', 'Dullness']",good fit,0,2,Gentle ingredient with no concern match; neutral fit,0,3,Plant Extract
Arginine PCA,Combination,"['Acne', 'Dullness']",good fit,0,2,Gentle ingredient with no concern match; neutral fit,0,2,Amino Acid
Arginine/Lysine Polypeptide,Combination,"['Acne', 'Dullness']",possible irritation,1,2,Gentle ingredient with no concern match; neutral fit [label adjusted for expert variance],0,3,Peptide
Arginine HCL,Combination,"['Acne', 'Dullness']",good fit,0,2,Gentle ingredient with no concern match; neutral fit,0,2,Amino Acid
Arginine,Combination,"['Acne', 'Dullness']",good fit,0,2,Gentle ingredient with no concern match; neutral fit,0,3,Amino Acid
Argan Oil,Combination,"['Acne', 'Dullness']",possible irritation,1,3,Moderate irritancy (2) — possible irritation for Combination skin,1,3,Lipid/Oil
Arbutin,Combination,"['Acne', 'Dullness']",good fit,0,3,Addresses 1 concern(s); low irritancy,1,2,Other
Aquagenium,Combination,"['Acne', 'Dullness']",good fit,0,2,Gentle ingredient with no concern match; neutral fit,0,2,Other
Apple Stem Cells,Combination,"['Acne', 'Dullness']",good fit,0,2,Gentle ingredient with no concern match; neutral fit,0,3,Plant Extract
Apple Polyphenols,Combination,"['Acne', 'Dullness']",good fit,0,3,Description strongly soothing/calming; low irritancy even without direct concern match,0,0,Other
Apple Extract,Combination,"['Acne', 'Dullness']",good fit,0,2,Gentle ingredient with no concern match; neutral fit,0,0,Plant Extract
Anti-Ageing Peptides,Combination,"['Acne', 'Dullness']",good fit,0,2,Gentle ingredient with no concern match; neutral fit,0,3,Peptide
Amino Acids,Combination,"['Acne', 'Dullness']",good fit,0,2,Gentle ingredient with no concern match; neutral fit,0,5,Amino Acid
Alteromonas Ferment Extract,Combination,"['Acne', 'Dullness']",good fit,0,3,Description strongly soothing/calming; low irritancy even without direct concern match,0,3,Probiotic/Ferment
Bifida Ferment Lysate,Combination,"['Acne', 'Dullness']",good fit,0,4,Directly addresses 1 concern(s) and description confirms soothing profile,0,3,Probiotic/Ferment
Beta Glucan,Combination,"['Acne', 'Dullness']",good fit,0,4,Directly addresses 1 concern(s) and description confirms soothing profile,0,5,Other
Bakuchiol,Combination,"['Acne', 'Dullness']",good fit,0,2,Gentle ingredient with no concern match; neutral fit,0,3,Other
Azelaoyl Bis-Dipeptide,Combination,"['Acne', 'Dullness']",good fit,0,2,Gentle ingredient with no concern match; neutral fit,1,3,Peptide
Azelaic Acid,Combination,"['Acne', 'Dullness']",good fit,0,4,Directly addresses 2 concern(s) and description confirms soothing profile,1,8,Other
Avocado Oil,Combination,"['Acne', 'Dullness']",possible irritation,1,3,Moderate irritancy (2) — possible irritation for Combination skin,1,3,Lipid/Oil
Avocado Ferment,Combination,"['Acne', 'Dullness']",good fit,0,3,Addresses 1 concern(s); low irritancy,0,3,Probiotic/Ferment
Avene Thermal Water,Combination,"['Acne', 'Dullness']",good fit,0,4,Directly addresses 1 concern(s) and description confirms soothing profile,0,5,Plant Extract
Asparagopsis Armata Extract,Combination,"['Acne', 'Dullness']",good fit,0,2,Gentle ingredient with no concern match; neutral fit,0,3,Plant Extract
Ascorbyl Palmitate,Combination,"['Acne', 'Dullness']",possible irritation,1,3,Moderate irritancy (2) — possible irritation for Combination skin,1,1,Vitamin C
Ascorbyl Glucoside,Combination,"['Acne', 'Dullness']",poor fit,2,3,Moderate irritancy (2) — possible irritation for Combination skin [label adjusted for expert variance],1,5,Vitamin C
Caffeine,Combination,"['Acne', 'Dullness']",good fit,0,2,Gentle ingredient with no concern match; neutral fit,0,3,Other
Caffeic Acid,Combination,"['Acne', 'Dullness']",good fit,0,3,Description strongly soothing/calming; low irritancy even without direct concern match,0,1,Other
Cabbage Leaf Extract,Combination,"['Acne', 'Dullness']",good fit,0,3,Description strongly soothing/calming; low irritancy even without direct concern match,0,0,Plant Extract
Butyl Methoxydibenzoylmethane,Combination,"['Acne', 'Dullness']",poor fit,2,4,"High combined irritancy score (4): category=UV Filter, sensitivity=2, desc signals=0",2,1,UV Filter
Blue Mallow Extract,Combination,"['Acne', 'Dullness']",good fit,0,3,Description strongly soothing/calming; low irritancy even without direct concern match,0,0,Plant Extract
Blue Lotus Extract,Combination,"['Acne', 'Dullness']",good fit,0,3,Description strongly soothing/calming; low irritancy even without direct concern match,0,0,Plant Extract
Blueberry Extract,Combination,"['Acne', 'Dullness']",good fit,0,3,Description strongly soothing/calming; low irritancy even without direct concern match,0,0,Plant Extract
Bilberry Extract,Combination,"['Acne', 'Dullness']",good fit,0,3,Description strongly soothing/calming; low irritancy even without direct concern match,0,1,Plant Extract
Bis-Ethylhexyloxyphenol Methoxyphenyl Triazine,Combination,"['Acne', 'Dullness']",poor fit,2,4,"High combined irritancy score (5): category=UV Filter, sensitivity=2, desc signals=1",2,1,UV Filter
Bisabolol,Combination,"['Acne', 'Dullness']",good fit,0,4,Directly addresses 1 concern(s) and description confirms soothing profile,0,5,Other
Bio-Active Glucosides,Combination,"['Acne', 'Dullness']",good fit,0,3,Description strongly soothing/calming; low irritancy even without direct concern match,0,1,Other
Chondrus Crispus,Combination,"['Acne', 'Dullness']",good fit,0,2,Gentle ingredient with no concern match; neutral fit,0,3,Other
Cholesterol,Combination,"['Acne', 'Dullness']",good fit,0,2,Gentle ingredient with no concern match; neutral fit,0,3,Other
Chlorophyll,Combination,"['Acne', 'Dullness']",good fit,0,3,Description strongly soothing/calming; low irritancy even without direct concern match,0,0,Other
Chlorella Vulgaris Extract,Combination,"['Acne', 'Dullness']",good fit,0,2,Gentle ingredient with no concern match; neutral fit,0,3,Plant Extract
Chamomile Extract,Combination,"['Acne', 'Dullness']",good fit,0,3,Description strongly soothing/calming; low irritancy even without direct concern match,0,2,Plant Extract
Chlorella Protothecoides Oil,Combination,"['Acne', 'Dullness']",good fit,0,2,Gentle ingredient with no concern match; neutral fit,0,3,Lipid/Oil
Ceramides,Combination,"['Acne', 'Dullness']",good fit,0,4,Directly addresses 1 concern(s) and description confirms soothing profile,0,5,Ceramide
Chlorella Protothecoides,Combination,"['Acne', 'Dullness']",good fit,0,2,Gentle ingredient with no concern match; neutral fit,0,3,Other
Chemical UV Filters,Combination,"['Acne', 'Dullness']",good fit,0,3,Moderate irritancy (3) — possible irritation for Combination skin [label adjusted for expert variance],1,1,UV Filter
Caprooyl Sphingosine,Combination,"['Acne', 'Dullness']",good fit,0,3,Addresses 1 concern(s); low irritancy,0,4,Ceramide
Centella Asiatica,Combination,"['Acne', 'Dullness']",good fit,0,4,Directly addresses 1 concern(s) and description confirms soothing profile,0,5,Other
Carnosine,Combination,"['Acne', 'Dullness']",good fit,0,2,Gentle ingredient with no concern match; neutral fit,0,1,Other
Caprooyl Phytosphingosine,Combination,"['Acne', 'Dullness']",possible irritation,1,3,Addresses 1 concern(s); low irritancy [label adjusted for expert variance],0,4,Ceramide
Ectoin,Combination,"['Acne', 'Dullness']",good fit,0,3,Description strongly soothing/calming; low irritancy even without direct concern match,0,2,Other
Dunaliella Salina (Green Algae) Extract,Combination,"['Acne', 'Dullness']",good fit,0,2,Gentle ingredient with no concern match; neutral fit,0,3,Marine/Algae
Dioic Acid,Combination,"['Acne', 'Dullness']",good fit,0,4,Directly addresses 1 concern(s) and description confirms soothing profile,0,3,Other
Cucumber Extract,Combination,"['Acne', 'Dullness']",good fit,0,3,Description strongly soothing/calming; low irritancy even without direct concern match,0,0,Plant Extract
Dipeptide Diaminobutyroyl Benzylamide Diacetate,Combination,"['Acne', 'Dullness']",good fit,0,2,Gentle ingredient with no concern match; neutral fit,0,3,Peptide
Dipeptide,Combination,"['Acne', 'Dullness']",good fit,0,2,Gentle ingredient with no concern match; neutral fit,0,3,Peptide
Copper Peptide,Combination,"['Acne', 'Dullness']",good fit,0,2,Gentle ingredient with no concern match; neutral fit,0,3,Peptide
Copper Palmitoyl Heptapeptide,Combination,"['Acne', 'Dullness']",good fit,0,2,Gentle ingredient with no concern match; neutral fit,0,3,Peptide
Copper Heptapeptide-14 Pantothenate,Combination,"['Acne', 'Dullness']",good fit,0,2,Gentle ingredient with no concern match; neutral fit,0,3,Peptide
Coffee Seed Extract,Combination,"['Acne', 'Dullness']",good fit,0,3,Description strongly soothing/calming; low irritancy even without direct concern match,0,1,Plant Extract
Citric Acid,Combination,"['Acne', 'Dullness']",poor fit,2,3,Moderate irritancy (3) — possible irritation for Combination skin [label adjusted for expert variance],0,4,AHA
Cinnamon Bark,Combination,"['Acne', 'Dullness']",good fit,0,4,Directly addresses 1 concern(s) and description confirms soothing profile,0,1,Other
Fomes Ofﬁcinalis (Mushroom) Extract,Combination,"['Acne', 'Dullness']",good fit,0,3,Addresses 1 concern(s); low irritancy,0,3,Plant Extract
Ginkgo Biloba,Combination,"['Acne', 'Dullness']",good fit,0,3,Description strongly soothing/calming; low irritancy even without direct concern match,0,1,Other
Fructooligosaccharides,Combination,"['Acne', 'Dullness']",good fit,0,4,Directly addresses 1 concern(s) and description confirms soothing profile,0,3,Other
Feverfew Extract,Combination,"['Acne', 'Dullness']",good fit,0,3,Description strongly soothing/calming; low irritancy even without direct concern match,0,1,Plant Extract
Ferulic Acid,Combination,"['Acne', 'Dullness']",good fit,0,2,Gentle ingredient with no concern match; neutral fit,0,0,Vitamin
Ethylhexyl Triazone,Combination,"['Acne', 'Dullness']",poor fit,2,4,"High combined irritancy score (4): category=UV Filter, sensitivity=2, desc signals=0",2,1,UV Filter
Ferric Hexapeptide,Combination,"['Acne', 'Dullness']",good fit,0,2,Gentle ingredient with no concern match; neutral fit,0,3,Peptide
Fernblock,Combination,"['Acne', 'Dullness']",good fit,0,2,Gentle ingredient with no concern match; neutral fit,0,0,Other
Evening Primrose Oil,Combination,"['Acne', 'Dullness']",good fit,0,3,Description strongly soothing/calming; low irritancy even without direct concern match,0,2,Lipid/Oil
Essential Lipids,Combination,"['Acne', 'Dullness']",good fit,0,3,Addresses 1 concern(s); low irritancy [label adjusted for expert variance],0,5,Other
Endothelyol,Combination,"['Acne', 'Dullness']",good fit,0,3,Description strongly soothing/calming; low irritancy even without direct concern match,0,1,Other
Ethylhexyl Salicylate,Combination,"['Acne', 'Dullness']",possible irritation,1,3,Moderate irritancy (2) — possible irritation for Combination skin,2,1,Other
Ethyl Ascorbic Acid,Combination,"['Acne', 'Dullness']",possible irritation,1,3,Moderate irritancy (2) — possible irritation for Combination skin,1,4,Vitamin C
Green Tea,Combination,"['Acne', 'Dullness']",good fit,0,4,Directly addresses 1 concern(s) and description confirms soothing profile,0,2,Other
Glycosphingolipids,Combination,"['Acne', 'Dullness']",good fit,0,3,Addresses 1 concern(s); low irritancy,0,4,Ceramide
Glycoproteins,Combination,"['Acne', 'Dullness']",good fit,0,3,Addresses 1 concern(s); low irritancy,0,4,Other
Glycolipids,Combination,"['Acne', 'Dullness']",good fit,0,2,Gentle ingredient with no concern match; neutral fit,0,2,Other
Golden-Eye Grass Complex,Combination,"['Acne', 'Dullness']",good fit,0,2,Gentle ingredient with no concern match; neutral fit,0,1,Other
Glycolic Acid,Combination,"['Acne', 'Dullness']",poor fit,2,4,"High combined irritancy score (6): category=AHA, sensitivity=2, desc signals=2",2,8,AHA
Glycine,Combination,"['Acne', 'Dullness']",good fit,0,2,Gentle ingredient with no concern match; neutral fit,0,5,Amino Acid
Glyceryl Glucoside,Combination,"['Acne', 'Dullness']",good fit,0,3,Addresses 1 concern(s); low irritancy,0,4,Other
Gluconolactone,Combination,"['Acne', 'Dullness']",good fit,0,4,Directly addresses 2 concern(s) and description confirms soothing profile,0,9,Other
EGCG,Combination,"['Acne', 'Dullness']",good fit,0,3,Description strongly soothing/calming; low irritancy even without direct concern match,0,1,Other
Indian Gooseberry,Combination,"['Acne', 'Dullness']",good fit,0,2,Gentle ingredient with no concern match; neutral fit,0,1,Other
Hydroxypinacolone Retinoate,Combination,"['Acne', 'Dullness']",poor fit,2,4,"High combined irritancy score (6): category=Retinoid, sensitivity=3, desc signals=0",3,9,Retinoid
Hydrolyzed Pumpkin Seedcake,Combination,"['Acne', 'Dullness']",good fit,0,2,Gentle ingredient with no concern match; neutral fit,0,6,Other
Hydrolyzed F-Fucoidan,Combination,"['Acne', 'Dullness']",good fit,0,2,Gentle ingredient with no concern match; neutral fit,0,3,Marine/Algae
Homosalate,Combination,"['Acne', 'Dullness']",poor fit,2,4,"High combined irritancy score (4): category=UV Filter, sensitivity=2, desc signals=0",2,1,UV Filter
Humectants,Combination,"['Acne', 'Dullness']",possible irritation,1,3,Addresses 1 concern(s); low irritancy [label adjusted for expert variance],0,5,Humectant
Hibiscus Fruit Extract,Combination,"['Acne', 'Dullness']",good fit,0,2,Gentle ingredient with no concern match; neutral fit,0,0,Plant Extract
Horse Chestnut,Combination,"['Acne', 'Dullness']",good fit,0,3,Description strongly soothing/calming; low irritancy even without direct concern match,0,1,Other
Heptapeptide-15 Palmitate,Combination,"['Acne', 'Dullness']",good fit,0,2,Gentle ingredient with no concern match; neutral fit,0,3,Peptide
Guarana Extract,Combination,"['Acne', 'Dullness']",good fit,0,2,Gentle ingredient with no concern match; neutral fit,0,0,Plant Extract
Histidine,Combination,"['Acne', 'Dullness']",good fit,0,2,Gentle ingredient with no concern match; neutral fit,0,4,Amino Acid
Lecithin,Combination,"['Acne', 'Dullness']",possible irritation,1,3,Moderate irritancy (2) — possible irritation for Combination skin,0,4,Lipid/Oil
L-Carnitine,Combination,"['Acne', 'Dullness']",good fit,0,4,Directly addresses 1 concern(s) and description confirms soothing profile,0,3,Other
Lactobionic Acid,Combination,"['Acne', 'Dullness']",good fit,0,4,Directly addresses 2 concern(s) and description confirms soothing profile,0,9,Other
L-Ascorbic Acid,Combination,"['Acne', 'Dullness']",poor fit,2,4,"High combined irritancy score (7): category=Vitamin C, sensitivity=3, desc signals=3",3,5,Vitamin C
Laminaria Ochroleuca (Kelp) Extract,Combination,"['Acne', 'Dullness']",good fit,0,3,Description strongly soothing/calming; low irritancy even without direct concern match,0,3,Marine/Algae
Lactococcus Ferment Lysate,Combination,"['Acne', 'Dullness']",good fit,0,4,Directly addresses 1 concern(s) and description confirms soothing profile,0,3,Probiotic/Ferment
Lactic Acid,Combination,"['Acne', 'Dullness']",poor fit,2,4,"High combined irritancy score (4): category=AHA, sensitivity=2, desc signals=0",2,8,AHA
Lactobacillus Ferment,Combination,"['Acne', 'Dullness']",good fit,0,4,Directly addresses 1 concern(s) and description confirms soothing profile,0,3,Probiotic/Ferment
Lactobacillus Extract Filtrate,Combination,"['Acne', 'Dullness']",good fit,0,4,Directly addresses 1 concern(s) and description confirms soothing profile,0,3,Probiotic/Ferment
Jojoba Oil,Combination,"['Acne', 'Dullness']",good fit,0,3,Addresses 1 concern(s); low irritancy,0,4,Lipid/Oil
Kola Seed Extract,Combination,"['Acne', 'Dullness']",good fit,0,2,Gentle ingredient with no concern match; neutral fit,0,0,Plant Extract
Jeju Green Tea Water,Combination,"['Acne', 'Dullness']",good fit,0,3,Description strongly soothing/calming; low irritancy even without direct concern match,0,3,Plant Extract
Kojic Acid,Combination,"['Acne', 'Dullness']",good fit,0,3,Addresses 1 concern(s); low irritancy,0,3,Other
Isoleucine,Combination,"['Acne', 'Dullness']",good fit,0,2,Gentle ingredient with no concern match; neutral fit,0,2,Amino Acid
Jojoba Beads,Combination,"['Acne', 'Dullness']",good fit,0,4,Directly addresses 1 concern(s) and description confirms soothing profile,0,2,Other
Macrocystis Pyrifera (Kelp) Extract,Combination,"['Acne', 'Dullness']",good fit,0,2,Gentle ingredient with no concern match; neutral fit,0,3,Marine/Algae
Magnesium Sulfate,Combination,"['Acne', 'Dullness']",good fit,0,3,Description strongly soothing/calming; low irritancy even without direct concern match,0,1,Mineral
Magnesium Ascorbyl Phosphate,Combination,"['Acne', 'Dullness']",poor fit,2,4,"High combined irritancy score (4): category=Vitamin C, sensitivity=1, desc signals=2",1,3,Vitamin C
Lysine,Combination,"['Acne', 'Dullness']",good fit,0,2,Gentle ingredient with no concern match; neutral fit,0,6,Amino Acid
Lily Extract,Combination,"['Acne', 'Dullness']",good fit,0,3,Description strongly soothing/calming; low irritancy even without direct concern match,0,0,Plant Extract
Luffa Cylindrica Extract,Combination,"['Acne', 'Dullness']",good fit,0,2,Gentle ingredient with no concern match; neutral fit,0,0,Plant Extract
Linolenic Acid,Combination,"['Acne', 'Dullness']",good fit,0,4,Directly addresses 1 concern(s) and description confirms soothing profile,0,4,Lipid/Oil
Linoleic Acid,Combination,"['Acne', 'Dullness']",good fit,0,3,Moderate irritancy (2) — possible irritation for Combination skin [label adjusted for expert variance],0,4,Lipid/Oil
Leucine,Combination,"['Acne', 'Dullness']",good fit,0,2,Gentle ingredient with no concern match; neutral fit,0,6,Amino Acid
Licorice Extract,Combination,"['Acne', 'Dullness']",good fit,0,4,Directly addresses 1 concern(s) and description confirms soothing profile,0,4,Plant Extract
Natural Moisturising Factors,Combination,"['Acne', 'Dullness']",good fit,0,3,Addresses 1 concern(s); low irritancy,0,5,Other
Licochalcone A,Combination,"['Acne', 'Dullness']",good fit,0,3,Description strongly soothing/calming; low irritancy even without direct concern match,0,0,Other
Naringenin Chalcone,Combination,"['Acne', 'Dullness']",good fit,0,3,Description strongly soothing/calming; low irritancy even without direct concern match,0,2,Other
Myristoyl Nonapeptide,Combination,"['Acne', 'Dullness']",good fit,0,2,Gentle ingredient with no concern match; neutral fit,0,3,Peptide
Myristol Pentapeptide,Combination,"['Acne', 'Dullness']",good fit,0,2,Gentle ingredient with no concern match; neutral fit,0,3,Peptide
Milk Thistle Extract,Combination,"['Acne', 'Dullness']",good fit,0,3,Description strongly soothing/calming; low irritancy even without direct concern match,0,2,Plant Extract
Myristol Hexapeptide,Combination,"['Acne', 'Dullness']",good fit,0,2,Gentle ingredient with no concern match; neutral fit,0,3,Peptide
Mushroom Extract,Combination,"['Acne', 'Dullness']",good fit,0,3,Description strongly soothing/calming; low irritancy even without direct concern match,0,1,Plant Extract
Moringa Seed Extract,Combination,"['Acne', 'Dullness']",good fit,0,4,Directly addresses 1 concern(s) and description confirms soothing profile,0,5,Plant Extract
Marshmallow Root,Combination,"['Acne', 'Dullness']",good fit,0,3,Description strongly soothing/calming; low irritancy even without direct concern match,0,1,Other
Mineral UV Filters,Combination,"['Acne', 'Dullness']",possible irritation,1,3,Moderate irritancy (3) — possible irritation for Combination skin,1,1,UV Filter
Meadowfoam Seed Oil,Combination,"['Acne', 'Dullness']",possible irritation,1,3,Moderate irritancy (2) — possible irritation for Combination skin,0,3,Lipid/Oil
Marine Extract,Combination,"['Acne', 'Dullness']",good fit,0,2,Gentle ingredient with no concern match; neutral fit,0,3,Marine/Algae
Mango Seed Butter,Combination,"['Acne', 'Dullness']",possible irritation,1,3,Moderate irritancy (2) — possible irritation for Combination skin,0,1,Lipid/Oil
Palmitoyl Oligopeptide,Combination,"['Acne', 'Dullness']",good fit,0,2,Gentle ingredient with no concern match; neutral fit,0,3,Peptide
Mandelic Acid,Combination,"['Acne', 'Dullness']",poor fit,2,4,"High combined irritancy score (4): category=AHA, sensitivity=2, desc signals=-1",2,8,AHA
Palmitoyl Nonapeptide,Combination,"['Acne', 'Dullness']",good fit,0,2,Gentle ingredient with no concern match; neutral fit,0,3,Peptide
Palmitoyl Pentapeptide,Combination,"['Acne', 'Dullness']",good fit,0,2,Gentle ingredient with no concern match; neutral fit,0,3,Peptide
Palmitoyl Glycine,Combination,"['Acne', 'Dullness']",good fit,0,3,Description strongly soothing/calming; low irritancy even without direct concern match,0,3,Amino Acid
Palmitoyl Heptapeptide,Combination,"['Acne', 'Dullness']",good fit,0,2,Gentle ingredient with no concern match; neutral fit [label adjusted for expert variance],0,3,Peptide
Octocrylene,Combination,"['Acne', 'Dullness']",poor fit,2,3,Moderate irritancy (2) — possible irritation for Combination skin [label adjusted for expert variance],2,1,Other
Palmitoyl Decapeptide,Combination,"['Acne', 'Dullness']",good fit,0,2,Gentle ingredient with no concern match; neutral fit [label adjusted for expert variance],0,3,Peptide
Oligopeptide,Combination,"['Acne', 'Dullness']",possible irritation,1,2,Gentle ingredient with no concern match; neutral fit [label adjusted for expert variance],0,3,Peptide
Padina Pavonica Thallus Extract,Combination,"['Acne', 'Dullness']",good fit,0,2,Gentle ingredient with no concern match; neutral fit,0,3,Plant Extract
Oat Extract,Combination,"['Acne', 'Dullness']",good fit,0,3,Description strongly soothing/calming; low irritancy even without direct concern match,0,4,Plant Extract
Octisalate,Combination,"['Acne', 'Dullness']",poor fit,2,4,"High combined irritancy score (4): category=UV Filter, sensitivity=2, desc signals=0",2,1,UV Filter
Octinoxate,Combination,"['Acne', 'Dullness']",poor fit,2,4,"High combined irritancy score (4): category=UV Filter, sensitivity=2, desc signals=0",2,1,UV Filter
Polyhydroxy Acids,Combination,"['Acne', 'Dullness']",good fit,0,4,Directly addresses 2 concern(s) and description confirms soothing profile,0,9,Other
Porphyridium Cruentum Extract,Combination,"['Acne', 'Dullness']",good fit,0,3,Description strongly soothing/calming; low irritancy even without direct concern match,0,3,Plant Extract
Polyporus Umbellatus (Mushroom) Extract,Combination,"['Acne', 'Dullness']",good fit,0,3,Addresses 1 concern(s); low irritancy,0,2,Plant Extract
Phytic Acid,Combination,"['Acne', 'Dullness']",good fit,0,4,Directly addresses 1 concern(s) and description confirms soothing profile,0,3,Other
Plankton Extract,Combination,"['Acne', 'Dullness']",good fit,0,3,Description strongly soothing/calming; low irritancy even without direct concern match,0,3,Marine/Algae
Perfluorodecalin,Combination,"['Acne', 'Dullness']",good fit,0,4,Directly addresses 2 concern(s) and description confirms soothing profile,0,4,Other
Phytosphingosine,Combination,"['Acne', 'Dullness']",good fit,0,3,Addresses 1 concern(s); low irritancy,0,4,Ceramide
Phospholipids,Combination,"['Acne', 'Dullness']",possible irritation,1,3,Moderate irritancy (2) — possible irritation for Combination skin,0,4,Lipid/Oil
Palmitoyl  Tripeptide-1,Combination,"['Acne', 'Dullness']",good fit,0,2,Gentle ingredient with no concern match; neutral fit [label adjusted for expert variance],0,3,Peptide
Pentapeptide,Combination,"['Acne', 'Dullness']",good fit,0,2,Gentle ingredient with no concern match; neutral fit,0,3,Peptide
Palmitoyl Tetrapeptide,Combination,"['Acne', 'Dullness']",good fit,0,2,Gentle ingredient with no concern match; neutral fit,0,3,Peptide
Parachlorella Beijerinckii Exopolysaccharides,Combination,"['Acne', 'Dullness']",good fit,0,2,Gentle ingredient with no concern match; neutral fit,0,3,Other
Retinyl Retinoate,Combination,"['Acne', 'Dullness']",poor fit,2,4,"High combined irritancy score (7): category=Retinoid, sensitivity=3, desc signals=1",3,9,Retinoid
Palmitoyl Tripeptide,Combination,"['Acne', 'Dullness']",good fit,0,2,Gentle ingredient with no concern match; neutral fit,0,3,Peptide
Neurophroline,Combination,"['Acne', 'Dullness']",good fit,0,4,Directly addresses 2 concern(s) and description confirms soothing profile,0,5,Other
Retinyl Propionate,Combination,"['Acne', 'Dullness']",poor fit,2,4,"High combined irritancy score (6): category=Retinoid, sensitivity=3, desc signals=0",3,7,Retinoid
Retinyl Palmitate,Combination,"['Acne', 'Dullness']",poor fit,2,4,"High combined irritancy score (5): category=Retinoid, sensitivity=2, desc signals=0",2,1,Retinoid
Retinol,Combination,"['Acne', 'Dullness']",poor fit,2,4,"High combined irritancy score (6): category=Retinoid, sensitivity=3, desc signals=0",3,9,Retinoid
Resveratrol,Combination,"['Acne', 'Dullness']",good fit,0,3,Description strongly soothing/calming; low irritancy even without direct concern match,0,3,Other
Red Algae,Combination,"['Acne', 'Dullness']",good fit,0,3,Description strongly soothing/calming; low irritancy even without direct concern match,0,3,Marine/Algae
Quercetin,Combination,"['Acne', 'Dullness']",good fit,0,3,Description strongly soothing/calming; low irritancy even without direct concern match [label adjusted for expert variance],0,3,Other
Pseudoalteromonas Exopolysaccharides,Combination,"['Acne', 'Dullness']",good fit,0,2,Gentle ingredient with no concern match; neutral fit,0,3,Other
Proline,Combination,"['Acne', 'Dullness']",good fit,0,2,Gentle ingredient with no concern match; neutral fit,0,5,Amino Acid
Potassium Azeloyl Diglycinate,Combination,"['Acne', 'Dullness']",good fit,0,4,Directly addresses 2 concern(s) and description confirms soothing profile,1,7,Other
Probiotics,Combination,"['Acne', 'Dullness']",good fit,0,4,Directly addresses 1 concern(s) and description confirms soothing profile,0,3,Probiotic/Ferment
Prickly Pear Extract,Combination,"['Acne', 'Dullness']",good fit,0,3,Description strongly soothing/calming; low irritancy even without direct concern match,0,1,Plant Extract
Snow Mushroom Extract,Combination,"['Acne', 'Dullness']",good fit,0,3,Description strongly soothing/calming; low irritancy even without direct concern match,0,4,Plant Extract
Prebiotics,Combination,"['Acne', 'Dullness']",good fit,0,4,Directly addresses 1 concern(s) and description confirms soothing profile,0,3,Probiotic/Ferment
Shea Butter,Combination,"['Acne', 'Dullness']",poor fit,2,5,Directly flagged in avoid list for Combination skin and high irritancy (5),2,4,Lipid/Oil
Sesame Seed Oil,Combination,"['Acne', 'Dullness']",good fit,0,3,Description strongly soothing/calming; low irritancy even without direct concern match,0,1,Lipid/Oil
Silk Protein,Combination,"['Acne', 'Dullness']",good fit,0,2,Gentle ingredient with no concern match; neutral fit,1,1,Other
Sh-Oligopeptide,Combination,"['Acne', 'Dullness']",good fit,0,2,Gentle ingredient with no concern match; neutral fit,0,3,Peptide
Serine,Combination,"['Acne', 'Dullness']",good fit,0,2,Gentle ingredient with no concern match; neutral fit [label adjusted for expert variance],0,2,Amino Acid
Sea Buckthorn Water,Combination,"['Acne', 'Dullness']",good fit,0,3,Addresses 1 concern(s); low irritancy,0,1,Plant Extract
Saskatoon Berry,Combination,"['Acne', 'Dullness']",good fit,0,2,Gentle ingredient with no concern match; neutral fit,0,0,Other
Salicylic Acid,Combination,"['Acne', 'Dullness']",poor fit,2,4,"High combined irritancy score (6): category=BHA, sensitivity=4, desc signals=-1",4,8,BHA
Rosemary Leaf Extract,Combination,"['Acne', 'Dullness']",good fit,0,3,Description strongly soothing/calming; low irritancy even without direct concern match,0,1,Plant Extract
Safflower Seed Oil,Combination,"['Acne', 'Dullness']",possible irritation,1,3,Moderate irritancy (3) — possible irritation for Combination skin,1,3,Lipid/Oil
Saccharomyces Cerevisiae (Yeast) Extract,Combination,"['Acne', 'Dullness']",good fit,0,4,Directly addresses 1 concern(s) and description confirms soothing profile,0,3,Probiotic/Ferment
Sacred Lotus Flower Extract,Combination,"['Acne', 'Dullness']",good fit,0,2,Gentle ingredient with no concern match; neutral fit,0,4,Plant Extract
Tasmanian Pepperberry Extract,Combination,"['Acne', 'Dullness']",good fit,0,3,Description strongly soothing/calming; low irritancy even without direct concern match,0,1,Plant Extract
Tartaric Acid,Combination,"['Acne', 'Dullness']",possible irritation,1,3,Moderate irritancy (3) — possible irritation for Combination skin,1,4,AHA
Rhamnose,Combination,"['Acne', 'Dullness']",good fit,0,4,Directly addresses 1 concern(s) and description confirms soothing profile,0,3,Other
Sweet Almond Oil,Combination,"['Acne', 'Dullness']",possible irritation,1,3,Moderate irritancy (2) — possible irritation for Combination skin,1,2,Lipid/Oil
Symsitive,Combination,"['Acne', 'Dullness']",good fit,0,3,Description strongly soothing/calming; low irritancy even without direct concern match,0,1,Other
Sugar Cane Extract,Combination,"['Acne', 'Dullness']",good fit,0,4,Directly addresses 2 concern(s) and description confirms soothing profile,0,5,Plant Extract
Superoxide Dismutase,Combination,"['Acne', 'Dullness']",good fit,0,3,Description strongly soothing/calming; low irritancy even without direct concern match,0,0,Other
Sunflower Oil,Combination,"['Acne', 'Dullness']",possible irritation,1,3,Moderate irritancy (2) — possible irritation for Combination skin,1,3,Lipid/Oil
Spent Grain Wax,Combination,"['Acne', 'Dullness']",possible irritation,1,3,Moderate irritancy (3) — possible irritation for Combination skin,0,2,Lipid/Oil
Sulfur,Combination,"['Acne', 'Dullness']",good fit,0,4,Directly addresses 1 concern(s) and description confirms soothing profile,0,2,Mineral
Squalane,Combination,"['Acne', 'Dullness']",good fit,0,4,Directly addresses 1 concern(s) and description confirms soothing profile,0,4,Lipid/Oil
Urea,Combination,"['Acne', 'Dullness']",good fit,0,3,Addresses 1 concern(s); low irritancy,0,3,Humectant
Sodium Lactate,Combination,"['Acne', 'Dullness']",good fit,0,2,Gentle ingredient with no concern match; neutral fit,0,2,Humectant
Turmeric Root Extract,Combination,"['Acne', 'Dullness']",good fit,0,3,Description strongly soothing/calming; low irritancy even without direct concern match,0,1,Plant Extract
Valine,Combination,"['Acne', 'Dullness']",good fit,0,2,Gentle ingredient with no concern match; neutral fit,0,2,Amino Acid
Trehalose,Combination,"['Acne', 'Dullness']",possible irritation,1,2,Gentle ingredient with no concern match; neutral fit [label adjusted for expert variance],0,2,Humectant
Tripleurospermum Maritimum Extract,Combination,"['Acne', 'Dullness']",good fit,0,3,Description strongly soothing/calming; low irritancy even without direct concern match,0,3,Plant Extract
Triazine Diethyl Butamidotriazone,Combination,"['Acne', 'Dullness']",poor fit,2,4,"High combined irritancy score (4): category=UV Filter, sensitivity=2, desc signals=0",2,1,UV Filter
Thiamidol,Combination,"['Acne', 'Dullness']",good fit,0,2,Gentle ingredient with no concern match; neutral fit,0,2,Other
Tranexamic Acid,Combination,"['Acne', 'Dullness']",good fit,0,3,Addresses 1 concern(s); low irritancy,0,3,Other
Tomato Stem Cells,Combination,"['Acne', 'Dullness']",good fit,0,2,Gentle ingredient with no concern match; neutral fit,0,3,Plant Extract
Teprenone,Combination,"['Acne', 'Dullness']",good fit,0,2,Gentle ingredient with no concern match; neutral fit,0,5,Other
Threonine,Combination,"['Acne', 'Dullness']",good fit,0,2,Gentle ingredient with no concern match; neutral fit,0,2,Amino Acid
Zinc Gluconate,Combination,"['Acne', 'Dullness']",good fit,0,4,Directly addresses 1 concern(s) and description confirms soothing profile,0,4,Mineral
Tetrahexyldecyl Ascorbate,Combination,"['Acne', 'Dullness']",possible irritation,1,3,Moderate irritancy (2) — possible irritation for Combination skin,1,5,Vitamin C
Zinc,Combination,"['Acne', 'Dullness']",good fit,0,4,Directly addresses 1 concern(s) and description confirms soothing profile,0,4,Mineral
Yerba Mate Extract,Combination,"['Acne', 'Dullness']",good fit,0,3,Description strongly soothing/calming; low irritancy even without direct concern match,0,1,Plant Extract
Yeast Amino Acids,Combination,"['Acne', 'Dullness']",good fit,0,2,Gentle ingredient with no concern match; neutral fit,0,1,Probiotic/Ferment
Willow Herb Extract,Combination,"['Acne', 'Dullness']",good fit,0,3,Description strongly soothing/calming; low irritancy even without direct concern match,0,1,Plant Extract
Willow Bark Extract,Combination,"['Acne', 'Dullness']",possible irritation,1,3,Moderate irritancy (2) — possible irritation for Combination skin,2,6,Plant Extract
Wild Cherry Extract,Combination,"['Acne', 'Dullness']",good fit,0,3,Description strongly soothing/calming; low irritancy even without direct concern match,0,1,Plant Extract
White Tea,Combination,"['Acne', 'Dullness']",good fit,0,3,Description strongly soothing/calming; low irritancy even without direct concern match,0,1,Other
Vitamin K1,Combination,"['Acne', 'Dullness']",good fit,0,3,Addresses 1 concern(s); low irritancy,0,1,Vitamin
Vitamin E,Combination,"['Acne', 'Dullness']",good fit,0,2,Gentle ingredient with no concern match; neutral fit,0,4,Vitamin
Vitamin C,Combination,"['Acne', 'Dullness']",poor fit,2,4,"High combined irritancy score (4): category=Vitamin C, sensitivity=3, desc signals=0",3,5,Vitamin C
Vitamin B5,Combination,"['Acne', 'Dullness']",good fit,0,4,Directly addresses 1 concern(s) and description confirms soothing profile,0,5,Vitamin
Vitamin A,Combination,"['Acne', 'Dullness']",poor fit,2,4,"High combined irritancy score (7): category=Retinoid, sensitivity=3, desc signals=1",3,9,Retinoid
Vibrio Alginolyticus Ferment Filtrate,Combination,"['Acne', 'Dullness']",good fit,0,2,Gentle ingredient with no concern match; neutral fit,0,3,Probiotic/Ferment
Tea Tree Oil,Combination,"['Acne', 'Dullness']",good fit,0,3,Description strongly soothing/calming; low irritancy even without direct concern match,0,2,Lipid/Oil
Zinc Sulfate,Combination,"['Acne', 'Dullness']",good fit,0,4,Directly addresses 1 concern(s) and description confirms soothing profile,0,1,Mineral
Zinc PCA,Combination,"['Acne', 'Dullness']",good fit,0,4,Directly addresses 1 concern(s) and description confirms soothing profile,0,5,Mineral
Neoglucosamine,Combination,"['Acne', 'Dullness']",good fit,0,3,Addresses 1 concern(s); low irritancy,1,8,Other
Taurine,Combination,"['Acne', 'Dullness']",good fit,0,3,Addresses 1 concern(s); low irritancy,0,3,Amino Acid
Sodium Ascorbyl Phosphate,Combination,"['Acne', 'Dullness']",possible irritation,1,3,Moderate irritancy (2) — possible irritation for Combination skin,1,5,Vitamin C
